tweet_id,author_id,inbound,created_at,text,response_tweet_id,in_response_to_tweet_id
3023,cust_MockBrandB_290,True,2019-05-26 12:00:00,"MockBrandB keeps logging me out every few minutes, super annoying.",3024.0,
2020,cust_MockBrandA_1094,True,2019-07-26 12:00:00,I have been transferred between 4 different agents and none of you are resolving my case.,2021.0,
948,@MockBrandASupport,False,2019-05-12 12:30:00,Sorry for the trouble! Please try resetting your password from a private/incognito window - if it still fails DM us your registered email so we can look into your account.,,947.0
2216,@MockBrandASupport,False,2019-01-13 12:30:00,Apologies for the delay! Please DM your order number and zip code so we can trace the package with the carrier.,,2215.0
305,cust_MockBrandA_167,True,2019-02-22 12:00:00,Want to cancel my auto-renew membership with MockBrandA.,306.0,
2172,cust_MockBrandA_1175,True,2019-02-18 12:00:00,"Waiting on hold for 2 hours for order #65977, absolutely unacceptable support.",2173.0,
1274,cust_MockBrandA_688,True,2019-01-13 12:00:00,Courier delivered my package for order #76412 to the wrong street address.,1275.0,
1395,cust_MockBrandA_753,True,2019-08-13 12:00:00,"Support promised my refund for #10433 in 3 days, it has been two weeks now.",1396.0,
270,@MockBrandASupport,False,2019-02-13 12:30:00,"Thanks for flagging this - please try updating to the latest app version, and DM us your device model if the crash continues.",,269.0
556,@MockBrandASupport,False,2019-07-23 12:30:00,"Thanks for flagging this - please try updating to the latest app version, and DM us your device model if the crash continues.",,555.0
2794,cust_MockBrandB_166,True,2019-02-22 12:00:00,"MockBrandB keeps logging me out every few minutes, super annoying.",2795.0,
1472,cust_MockBrandA_796,True,2019-02-14 12:00:00,Why does the MockBrandA app keep logging me out every 5 minutes?,1473.0,
1834,@MockBrandASupport,False,2019-06-16 12:30:00,"Thanks for flagging this - please try updating to the latest app version, and DM us your device model if the crash continues.",,1833.0
1456,cust_MockBrandA_787,True,2019-08-10 12:00:00,How do I cancel my MockBrandA subscription? Can't find the option anywhere.,1457.0,
2941,cust_MockBrandB_245,True,2019-05-28 12:00:00,Does MockBrandB support exporting my data to CSV?,2942.0,
381,cust_MockBrandA_209,True,2019-06-21 12:00:00,I got charged a monthly renewal fee of $40.99 even though I paused my subscription.,382.0,
2919,cust_MockBrandB_233,True,2019-06-14 12:00:00,"MockBrandB keeps logging me out every few minutes, super annoying.",2920.0,
108,@MockBrandASupport,False,2019-04-15 12:30:00,We're really sorry to hear that. Please DM your case/order number so a senior agent can personally follow up.,,107.0
2211,cust_MockBrandA_1196,True,2019-03-16 12:00:00,I have been transferred between 4 different agents and none of you are resolving my case.,2212.0,
1553,@MockBrandASupport,False,2019-02-20 12:30:00,We're sorry about that. Please DM us your order number and the last 4 digits of the card used so we can investigate the duplicate charge.,,1552.0
1999,@MockBrandASupport,False,2019-02-19 12:30:00,We're sorry about that. Please DM us your order number and the last 4 digits of the card used so we can investigate the duplicate charge.,,1998.0
1803,cust_MockBrandA_972,True,2019-06-23 12:00:00,"Fourth time reporting this bug where order #15896 keeps failing, fix your platform!",1804.0,
3142,@MockBrandBCare,False,2019-03-12 12:30:00,We're aware of an iOS 17 issue - please try reinstalling the latest build. DM your device model if it persists.,,3141.0
196,cust_MockBrandA_108,True,2019-05-26 12:00:00,Saw an unexpected extra fee of $29.99 on my latest MockBrandA invoice.,197.0,
2395,cust_MockBrandA_1299,True,2019-06-27 12:00:00,"Support promised my refund for #32307 in 3 days, it has been two weeks now.",2396.0,
1743,@MockBrandASupport,False,2019-02-13 12:30:00,We're sorry about that. Please DM us your order number and the last 4 digits of the card used so we can investigate the duplicate charge.,,1742.0
2822,@MockBrandBCare,False,2019-07-14 12:30:00,We're sorry this keeps happening. DM your case number so we can escalate internally.,,2821.0
3155,cust_MockBrandB_363,True,2019-03-13 12:00:00,"Third time contacting MockBrandB about the same bug, no fix yet.",3156.0,
1402,cust_MockBrandA_757,True,2019-04-25 12:00:00,I got charged a monthly renewal fee of $34.99 even though I paused my subscription.,1403.0,
3212,@MockBrandBCare,False,2019-03-28 12:30:00,"Sorry about that! Please clear your app cache and reinstall - if the issue continues, DM your account email.",,3211.0
2445,@MockBrandASupport,False,2019-07-21 12:30:00,We're sorry about that. Please DM us your order number and the last 4 digits of the card used so we can investigate the duplicate charge.,,2444.0
2808,@MockBrandBCare,False,2019-05-11 12:30:00,Sorry for the delay - DM your order number so we can chase this with our logistics partner.,,2807.0
1598,@MockBrandASupport,False,2019-02-28 12:30:00,You can cancel anytime from Account > Subscription > Cancel. DM us if you don't see that option and we'll help directly.,,1597.0
2155,cust_MockBrandA_1166,True,2019-09-25 12:00:00,"Tracking says delivery attempted for order #25570, but I was home all day.",2156.0,
2373,@MockBrandASupport,False,2019-06-23 12:30:00,Sorry for the trouble! Please try resetting your password from a private/incognito window - if it still fails DM us your registered email so we can look into your account.,,2372.0
3120,cust_MockBrandB_344,True,2019-01-11 12:00:00,"Third time contacting MockBrandB about the same bug, no fix yet.",3121.0,
727,cust_MockBrandA_397,True,2019-06-25 12:00:00,"I demand to speak to a real human supervisor right now, your automated bots are useless!",728.0,
1848,cust_MockBrandA_999,True,2019-04-20 12:00:00,"Cancel button is disabled in my account settings, please assist.",1849.0,
2663,@MockBrandBCare,False,2019-09-12 12:30:00,We're sorry this keeps happening. DM your case number so we can escalate internally.,,2662.0
2650,@MockBrandBCare,False,2019-05-23 12:30:00,Yes! You can export data from Settings > Data > Export CSV.,,2649.0
540,@MockBrandASupport,False,2019-04-16 12:30:00,Sorry for the trouble! Please try resetting your password from a private/incognito window - if it still fails DM us your registered email so we can look into your account.,,539.0
1252,@MockBrandASupport,False,2019-08-24 12:30:00,We're really sorry to hear that. Please DM your case/order number so a senior agent can personally follow up.,,1251.0
2360,cust_MockBrandA_1281,True,2019-04-10 12:00:00,MockBrandA billed my credit card after I switched payment methods.,2361.0,
2001,@MockBrandASupport,False,2019-05-24 12:30:00,Sorry for the trouble! Please try resetting your password from a private/incognito window - if it still fails DM us your registered email so we can look into your account.,,2000.0
2848,@MockBrandBCare,False,2019-04-14 12:30:00,Yes! You can export data from Settings > Data > Export CSV.,,2847.0
2053,cust_MockBrandA_1111,True,2019-06-22 12:00:00,MockBrandA website checkout is throwing a 500 error on step 3.,2054.0,
2105,cust_MockBrandA_1139,True,2019-02-18 12:00:00,"If MockBrandA does not resolve this unauthorized charge of $61.99, I will pursue legal action with my lawyer.",2106.0,
910,cust_MockBrandA_498,True,2019-05-14 12:00:00,"Returned my package 10 days ago for order #44993, when will my refund be credited?",911.0,
591,@MockBrandASupport,False,2019-09-14 12:30:00,We're really sorry to hear that. Please DM your case/order number so a senior agent can personally follow up.,,590.0
1102,cust_MockBrandA_599,True,2019-01-23 12:00:00,"I can't log into my MockBrandA account, it keeps saying invalid password even after reset.",1103.0,
2584,cust_MockBrandB_54,True,2019-02-26 12:00:00,"MockBrandB keeps logging me out every few minutes, super annoying.",2585.0,
1246,@MockBrandASupport,False,2019-06-28 12:30:00,We're sorry about that. Please DM us your order number and the last 4 digits of the card used so we can investigate the duplicate charge.,,1245.0
324,@MockBrandASupport,False,2019-06-11 12:30:00,We're sorry about that. Please DM us your order number and the last 4 digits of the card used so we can investigate the duplicate charge.,,323.0
907,@MockBrandASupport,False,2019-07-27 12:30:00,We're really sorry to hear that. Please DM your case/order number so a senior agent can personally follow up.,,906.0
3140,@MockBrandBCare,False,2019-09-11 12:30:00,"Sorry about that! Please clear your app cache and reinstall - if the issue continues, DM your account email.",,3139.0
1990,@MockBrandASupport,False,2019-03-16 12:30:00,We're really sorry to hear that. Please DM your case/order number so a senior agent can personally follow up.,,1989.0
78,cust_MockBrandA_42,True,2019-09-14 12:00:00,"Order #14722 never arrived and support keeps closing my ticket without a refund, 3rd time asking.",79.0,
1650,cust_MockBrandA_891,True,2019-09-23 12:00:00,"Your product arrived broken for order #25381, cancel my recurring contract immediately.",1651.0,
2438,cust_MockBrandA_1322,True,2019-08-25 12:00:00,Why was I billed $48.99 when my plan is supposed to be $26.99?,2439.0,
1361,cust_MockBrandA_734,True,2019-01-20 12:00:00,My MockBrandA order #73559 says delivered but I never received it.,1362.0,
1742,cust_MockBrandA_940,True,2019-01-24 12:00:00,MockBrandA billed my credit card after I switched payment methods.,1743.0,
313,cust_MockBrandA_172,True,2019-08-19 12:00:00,MockBrandA billed my credit card after I switched payment methods.,314.0,
2645,cust_MockBrandB_87,True,2019-07-28 12:00:00,"MockBrandB keeps logging me out every few minutes, super annoying.",2646.0,
908,cust_MockBrandA_497,True,2019-02-10 12:00:00,Where is my order #65363? Estimated delivery date was 4 days ago.,909.0,
1905,cust_MockBrandA_1029,True,2019-01-24 12:00:00,"MockBrandA charged me for a renewal after I already cancelled, and now the app won't even load.",1906.0,
913,cust_MockBrandA_500,True,2019-09-19 12:00:00,"If MockBrandA does not resolve this unauthorized charge of $59.99, I will pursue legal action with my lawyer.",914.0,
2217,cust_MockBrandA_1199,True,2019-01-11 12:00:00,Search bar on MockBrandA website is broken and returns 0 results for everything.,2218.0,
585,@MockBrandASupport,False,2019-06-27 12:30:00,You can cancel anytime from Account > Subscription > Cancel. DM us if you don't see that option and we'll help directly.,,584.0
2769,cust_MockBrandB_152,True,2019-04-18 12:00:00,Does MockBrandB support exporting my data to CSV?,2770.0,
1079,cust_MockBrandA_587,True,2019-03-15 12:00:00,Search bar on MockBrandA website is broken and returns 0 results for everything.,1080.0,
361,cust_MockBrandA_198,True,2019-05-10 12:00:00,MockBrandA login button spins endlessly and never loads my profile.,362.0,
1324,@MockBrandASupport,False,2019-03-19 12:30:00,We're really sorry to hear that. Please DM your case/order number so a senior agent can personally follow up.,,1323.0
2387,@MockBrandASupport,False,2019-07-11 12:30:00,We're sorry about that. Please DM us your order number and the last 4 digits of the card used so we can investigate the duplicate charge.,,2386.0
2648,@MockBrandBCare,False,2019-08-22 12:30:00,Yes! You can export data from Settings > Data > Export CSV.,,2647.0
357,cust_MockBrandA_195,True,2019-07-10 12:00:00,"Your product arrived broken for order #41711, cancel my recurring contract immediately.",358.0,
2122,@MockBrandASupport,False,2019-03-22 12:30:00,We're really sorry to hear that. Please DM your case/order number so a senior agent can personally follow up.,,2121.0
1933,@MockBrandASupport,False,2019-06-26 12:30:00,So sorry for the wait. Please DM your order number and we'll escalate the refund to our billing team right away.,,1932.0
1610,@MockBrandASupport,False,2019-05-15 12:30:00,You can cancel anytime from Account > Subscription > Cancel. DM us if you don't see that option and we'll help directly.,,1609.0
1719,cust_MockBrandA_927,True,2019-03-24 12:00:00,Want to cancel my auto-renew membership with MockBrandA.,1720.0,
550,cust_MockBrandA_302,True,2019-05-15 12:00:00,"Fourth time reporting this bug where order #28899 keeps failing, fix your platform!",551.0,
2279,cust_MockBrandA_1234,True,2019-08-14 12:00:00,"Waiting on hold for 2 hours for order #77672, absolutely unacceptable support.",2280.0,
1790,cust_MockBrandA_965,True,2019-01-23 12:00:00,Saw an unexpected extra fee of $54.99 on my latest MockBrandA invoice.,1791.0,
257,@MockBrandASupport,False,2019-03-14 12:30:00,We're really sorry to hear that. Please DM your case/order number so a senior agent can personally follow up.,,256.0
1641,cust_MockBrandA_886,True,2019-03-23 12:00:00,"Requested a refund on order #42716 a week ago, still nothing.",1642.0,
3182,cust_MockBrandB_379,True,2019-01-10 12:00:00,"Third time contacting MockBrandB about the same bug, no fix yet.",3183.0,
2796,cust_MockBrandB_167,True,2019-08-10 12:00:00,"Still waiting on my MockBrandB order #26874, it's been 12 days.",2797.0,
3240,cust_MockBrandB_412,True,2019-03-22 12:00:00,"MockBrandB keeps logging me out every few minutes, super annoying.",3241.0,
2417,@MockBrandASupport,False,2019-07-26 12:30:00,"Thanks for flagging this - please try updating to the latest app version, and DM us your device model if the crash continues.",,2416.0
1161,@MockBrandASupport,False,2019-07-23 12:30:00,Sorry for the trouble! Please try resetting your password from a private/incognito window - if it still fails DM us your registered email so we can look into your account.,,1160.0
486,cust_MockBrandA_266,True,2019-01-24 12:00:00,I have been transferred between 4 different agents and none of you are resolving my case.,487.0,
1367,@MockBrandASupport,False,2019-07-25 12:30:00,We're really sorry to hear that. Please DM your case/order number so a senior agent can personally follow up.,,1366.0
1304,@MockBrandASupport,False,2019-01-14 12:30:00,You can cancel anytime from Account > Subscription > Cancel. DM us if you don't see that option and we'll help directly.,,1303.0
918,@MockBrandASupport,False,2019-04-19 12:30:00,So sorry for the wait. Please DM your order number and we'll escalate the refund to our billing team right away.,,917.0
923,cust_MockBrandA_505,True,2019-06-11 12:00:00,"Extremely disappointed with MockBrandA support response time, this is the 3rd time I've written in.",924.0,
295,@MockBrandASupport,False,2019-01-10 12:30:00,Apologies for the delay! Please DM your order number and zip code so we can trace the package with the carrier.,,294.0
862,@MockBrandASupport,False,2019-03-11 12:30:00,We're sorry about that. Please DM us your order number and the last 4 digits of the card used so we can investigate the duplicate charge.,,861.0
736,cust_MockBrandA_402,True,2019-04-25 12:00:00,"Locked out of my MockBrandA account for 2 days now, no reset email arriving.",737.0,
1615,cust_MockBrandA_871,True,2019-05-18 12:00:00,"Requested a refund on order #45744 a week ago, still nothing.",1616.0,
52,cust_MockBrandA_27,True,2019-01-27 12:00:00,Why does the MockBrandA app keep logging me out every 5 minutes?,53.0,
3304,@MockBrandBCare,False,2019-07-13 12:30:00,"Sorry about that! Please clear your app cache and reinstall - if the issue continues, DM your account email.",,3303.0
837,@MockBrandASupport,False,2019-01-27 12:30:00,We're sorry about that. Please DM us your order number and the last 4 digits of the card used so we can investigate the duplicate charge.,,836.0
2911,cust_MockBrandB_229,True,2019-05-16 12:00:00,"Still waiting on my MockBrandB order #79520, it's been 12 days.",2912.0,
70,cust_MockBrandA_37,True,2019-09-19 12:00:00,"I noticed fraudulent unauthorized charges from MockBrandA on my card, my account was compromised!",71.0,
2846,@MockBrandBCare,False,2019-02-22 12:30:00,Sorry for the delay - DM your order number so we can chase this with our logistics partner.,,2845.0
1471,cust_MockBrandA_795,True,2019-03-19 12:00:00,"Extremely disappointed with MockBrandA support response time, this is the 3rd time I've written in.",1472.0,
2378,cust_MockBrandA_1290,True,2019-04-26 12:00:00,"Can't log in to check on my order #18681, app just spins forever.",2379.0,
2474,@MockBrandASupport,False,2019-09-24 12:30:00,Sorry for the trouble! Please try resetting your password from a private/incognito window - if it still fails DM us your registered email so we can look into your account.,,2473.0
1588,@MockBrandASupport,False,2019-06-11 12:30:00,We're sorry about that. Please DM us your order number and the last 4 digits of the card used so we can investigate the duplicate charge.,,1587.0
2901,cust_MockBrandB_224,True,2019-03-20 12:00:00,"Still waiting on my MockBrandB order #63368, it's been 12 days.",2902.0,
1242,@MockBrandASupport,False,2019-03-13 12:30:00,We're really sorry to hear that. Please DM your case/order number so a senior agent can personally follow up.,,1241.0
2490,@MockBrandBCare,False,2019-08-19 12:30:00,Apologies for the surprise renewal. DM your order ID and we'll process a refund review.,,2489.0
942,@MockBrandASupport,False,2019-01-15 12:30:00,We're sorry about that. Please DM us your order number and the last 4 digits of the card used so we can investigate the duplicate charge.,,941.0
1887,@MockBrandASupport,False,2019-03-18 12:30:00,Apologies for the delay! Please DM your order number and zip code so we can trace the package with the carrier.,,1886.0
551,@MockBrandASupport,False,2019-07-27 12:30:00,We're really sorry to hear that. Please DM your case/order number so a senior agent can personally follow up.,,550.0
2192,cust_MockBrandA_1185,True,2019-02-15 12:00:00,How do I cancel my MockBrandA subscription? Can't find the option anywhere.,2193.0,
2278,cust_MockBrandA_1233,True,2019-03-15 12:00:00,"I demand to speak to a real human supervisor right now, your automated bots are useless!",2279.0,
2890,@MockBrandBCare,False,2019-03-17 12:30:00,"Sorry about that! Please clear your app cache and reinstall - if the issue continues, DM your account email.",,2889.0
624,cust_MockBrandA_342,True,2019-01-24 12:00:00,Why was I billed $41.99 when my plan is supposed to be $24.99?,625.0,
2526,cust_MockBrandB_21,True,2019-04-26 12:00:00,"MockBrandB auto-renewed my subscription without any warning email, want a refund.",2527.0,
1830,cust_MockBrandA_988,True,2019-09-12 12:00:00,"Can I get a refund for MockBrandA order #64154, item arrived damaged.",1831.0,
1321,cust_MockBrandA_712,True,2019-04-15 12:00:00,Want to cancel my auto-renew membership with MockBrandA.,1322.0,
2666,cust_MockBrandB_98,True,2019-06-20 12:00:00,MockBrandB app won't load past the splash screen on iOS 17.,2667.0,
1592,@MockBrandASupport,False,2019-08-13 12:30:00,Sorry for the trouble! Please try resetting your password from a private/incognito window - if it still fails DM us your registered email so we can look into your account.,,1591.0
1726,cust_MockBrandA_931,True,2019-06-27 12:00:00,Didn't receive the 2FA SMS verification code to log into my MockBrandA account.,1727.0,
1390,@MockBrandASupport,False,2019-08-10 12:30:00,Apologies for the delay! Please DM your order number and zip code so we can trace the package with the carrier.,,1389.0
2669,@MockBrandBCare,False,2019-08-11 12:30:00,"Sorry about that! Please clear your app cache and reinstall - if the issue continues, DM your account email.",,2668.0
2201,cust_MockBrandA_1190,True,2019-09-13 12:00:00,"Tracking says delivery attempted for order #16752, but I was home all day.",2202.0,
1273,@MockBrandASupport,False,2019-02-19 12:30:00,We're really sorry to hear that. Please DM your case/order number so a senior agent can personally follow up.,,1272.0
500,cust_MockBrandA_273,True,2019-02-11 12:00:00,"Cannot apply discount codes at checkout on the MockBrandA app, getting an error.",501.0,
1696,@MockBrandASupport,False,2019-08-17 12:30:00,You can cancel anytime from Account > Subscription > Cancel. DM us if you don't see that option and we'll help directly.,,1695.0
1818,@MockBrandASupport,False,2019-09-16 12:30:00,"Thanks for flagging this - please try updating to the latest app version, and DM us your device model if the crash continues.",,1817.0
709,cust_MockBrandA_388,True,2019-01-16 12:00:00,"Requested a refund on order #99922 a week ago, still nothing.",710.0,
2980,@MockBrandBCare,False,2019-09-15 12:30:00,We're aware of an iOS 17 issue - please try reinstalling the latest build. DM your device model if it persists.,,2979.0
956,@MockBrandASupport,False,2019-09-14 12:30:00,"Thanks for flagging this - please try updating to the latest app version, and DM us your device model if the crash continues.",,955.0
2590,cust_MockBrandB_57,True,2019-04-20 12:00:00,"MockBrandB auto-renewed my subscription without any warning email, want a refund.",2591.0,
2716,cust_MockBrandB_124,True,2019-03-25 12:00:00,"MockBrandB auto-renewed my subscription without any warning email, want a refund.",2717.0,
2030,cust_MockBrandA_1099,True,2019-01-13 12:00:00,Didn't receive the 2FA SMS verification code to log into my MockBrandA account.,2031.0,
2043,cust_MockBrandA_1106,True,2019-05-16 12:00:00,Want to cancel my auto-renew membership with MockBrandA.,2044.0,
2517,cust_MockBrandB_16,True,2019-06-15 12:00:00,"Still waiting on my MockBrandB order #63480, it's been 12 days.",2518.0,
2621,cust_MockBrandB_73,True,2019-05-20 12:00:00,Does MockBrandB support exporting my data to CSV?,2622.0,
117,cust_MockBrandA_63,True,2019-04-22 12:00:00,"Order #20561 never arrived and support keeps closing my ticket without a refund, 3rd time asking.",118.0,
3043,@MockBrandBCare,False,2019-06-13 12:30:00,We're sorry this keeps happening. DM your case number so we can escalate internally.,,3042.0
2740,cust_MockBrandB_137,True,2019-07-23 12:00:00,Does MockBrandB support exporting my data to CSV?,2741.0,
2958,@MockBrandBCare,False,2019-07-10 12:30:00,Apologies for the surprise renewal. DM your order ID and we'll process a refund review.,,2957.0
3296,@MockBrandBCare,False,2019-08-10 12:30:00,"Sorry about that! Please clear your app cache and reinstall - if the issue continues, DM your account email.",,3295.0
1916,cust_MockBrandA_1036,True,2019-04-17 12:00:00,"If MockBrandA does not resolve this unauthorized charge of $29.99, I will pursue legal action with my lawyer.",1917.0,
69,@MockBrandASupport,False,2019-09-19 12:30:00,We're sorry about that. Please DM us your order number and the last 4 digits of the card used so we can investigate the duplicate charge.,,68.0
1356,@MockBrandASupport,False,2019-05-10 12:30:00,Apologies for the delay! Please DM your order number and zip code so we can trace the package with the carrier.,,1355.0
1055,cust_MockBrandA_575,True,2019-09-18 12:00:00,"Your product arrived broken for order #46009, cancel my recurring contract immediately.",1056.0,
2330,@MockBrandASupport,False,2019-08-13 12:30:00,You can cancel anytime from Account > Subscription > Cancel. DM us if you don't see that option and we'll help directly.,,2329.0
1299,cust_MockBrandA_701,True,2019-03-15 12:00:00,"Cancel button is disabled in my account settings, please assist.",1300.0,
3082,@MockBrandBCare,False,2019-05-20 12:30:00,We're sorry this keeps happening. DM your case number so we can escalate internally.,,3081.0
758,cust_MockBrandA_413,True,2019-02-11 12:00:00,"If MockBrandA does not resolve this unauthorized charge of $30.99, I will pursue legal action with my lawyer.",759.0,
2938,@MockBrandBCare,False,2019-07-23 12:30:00,Apologies for the surprise renewal. DM your order ID and we'll process a refund review.,,2937.0
2759,cust_MockBrandB_147,True,2019-02-26 12:00:00,"Still waiting on my MockBrandB order #76029, it's been 12 days.",2760.0,
310,cust_MockBrandA_170,True,2019-02-15 12:00:00,"Can I get a refund for MockBrandA order #88957, item arrived damaged.",311.0,
1474,cust_MockBrandA_797,True,2019-09-14 12:00:00,"I demand to speak to a real human supervisor right now, your automated bots are useless!",1475.0,
2060,@MockBrandASupport,False,2019-09-24 12:30:00,"Thanks for flagging this - please try updating to the latest app version, and DM us your device model if the crash continues.",,2059.0
1948,cust_MockBrandA_1054,True,2019-06-23 12:00:00,Your iOS app freezes completely on the home screen after latest update.,1949.0,
1276,cust_MockBrandA_689,True,2019-04-20 12:00:00,"Your product arrived broken for order #90739, cancel my recurring contract immediately.",1277.0,
2097,cust_MockBrandA_1135,True,2019-09-24 12:00:00,Courier delivered my package for order #16051 to the wrong street address.,2098.0,
1350,@MockBrandASupport,False,2019-02-27 12:30:00,We're really sorry to hear that. Please DM your case/order number so a senior agent can personally follow up.,,1349.0
1379,@MockBrandASupport,False,2019-02-12 12:30:00,We're sorry about that. Please DM us your order number and the last 4 digits of the card used so we can investigate the duplicate charge.,,1378.0
40,cust_MockBrandA_21,True,2019-02-20 12:00:00,"Cancel button is disabled in my account settings, please assist.",41.0,
3194,cust_MockBrandB_387,True,2019-06-12 12:00:00,Does MockBrandB support exporting my data to CSV?,3195.0,
1520,@MockBrandASupport,False,2019-06-11 12:30:00,We're sorry about that. Please DM us your order number and the last 4 digits of the card used so we can investigate the duplicate charge.,,1519.0
1499,cust_MockBrandA_811,True,2019-07-21 12:00:00,Your iOS app freezes completely on the home screen after latest update.,1500.0,
725,cust_MockBrandA_396,True,2019-03-23 12:00:00,Didn't receive the 2FA SMS verification code to log into my MockBrandA account.,726.0,
2154,cust_MockBrandA_1165,True,2019-04-25 12:00:00,MockBrandA website checkout is throwing a 500 error on step 3.,2155.0,
1782,cust_MockBrandA_961,True,2019-04-24 12:00:00,"Waiting on hold for 2 hours for order #79355, absolutely unacceptable support.",1783.0,
1760,cust_MockBrandA_949,True,2019-09-14 12:00:00,The MockBrandA app crashes every time I open the payments tab.,1761.0,
752,cust_MockBrandA_410,True,2019-02-20 12:00:00,"Cannot apply discount codes at checkout on the MockBrandA app, getting an error.",753.0,
2811,cust_MockBrandB_175,True,2019-08-23 12:00:00,"MockBrandB keeps logging me out every few minutes, super annoying.",2812.0,
137,cust_MockBrandA_75,True,2019-05-13 12:00:00,"Returned my package 10 days ago for order #19961, when will my refund be credited?",138.0,
1175,@MockBrandASupport,False,2019-07-23 12:30:00,Sorry for the trouble! Please try resetting your password from a private/incognito window - if it still fails DM us your registered email so we can look into your account.,,1174.0
1954,cust_MockBrandA_1057,True,2019-04-24 12:00:00,"Extremely disappointed with MockBrandA support response time, this is the 3rd time I've written in.",1955.0,
2339,@MockBrandASupport,False,2019-06-26 12:30:00,You can cancel anytime from Account > Subscription > Cancel. DM us if you don't see that option and we'll help directly.,,2338.0
804,cust_MockBrandA_441,True,2019-06-15 12:00:00,"Worst customer service experience ever from MockBrandA, rude agents and no resolution.",805.0,
2302,@MockBrandASupport,False,2019-07-11 12:30:00,We're sorry about that. Please DM us your order number and the last 4 digits of the card used so we can investigate the duplicate charge.,,2301.0
330,@MockBrandASupport,False,2019-06-14 12:30:00,We're sorry about that. Please DM us your order number and the last 4 digits of the card used so we can investigate the duplicate charge.,,329.0
186,cust_MockBrandA_103,True,2019-07-27 12:00:00,MockBrandA website checkout is throwing a 500 error on step 3.,187.0,
20,@MockBrandASupport,False,2019-06-16 12:30:00,So sorry for the wait. Please DM your order number and we'll escalate the refund to our billing team right away.,,19.0
1054,cust_MockBrandA_574,True,2019-06-25 12:00:00,"Order #15539 never arrived and support keeps closing my ticket without a refund, 3rd time asking.",1055.0,
3060,cust_MockBrandB_310,True,2019-07-14 12:00:00,"MockBrandB auto-renewed my subscription without any warning email, want a refund.",3061.0,
995,@MockBrandASupport,False,2019-01-28 12:30:00,Sorry for the trouble! Please try resetting your password from a private/incognito window - if it still fails DM us your registered email so we can look into your account.,,994.0
1566,@MockBrandASupport,False,2019-08-17 12:30:00,We're really sorry to hear that. Please DM your case/order number so a senior agent can personally follow up.,,1565.0
3211,cust_MockBrandB_397,True,2019-02-15 12:00:00,"MockBrandB keeps logging me out every few minutes, super annoying.",3212.0,
955,cust_MockBrandA_521,True,2019-06-16 12:00:00,"Can't log in to check on my order #21157, app just spins forever.",956.0,
813,@MockBrandASupport,False,2019-09-22 12:30:00,You can cancel anytime from Account > Subscription > Cancel. DM us if you don't see that option and we'll help directly.,,812.0
1001,cust_MockBrandA_546,True,2019-02-17 12:00:00,"Package from MockBrandA has been 'in transit' for 9 days, tracking not updating.",1002.0,
51,@MockBrandASupport,False,2019-08-17 12:30:00,So sorry for the wait. Please DM your order number and we'll escalate the refund to our billing team right away.,,50.0
2384,cust_MockBrandA_1293,True,2019-07-17 12:00:00,"Requested a refund on order #88830 a week ago, still nothing.",2385.0,
2571,@MockBrandBCare,False,2019-05-10 12:30:00,Sorry for the delay - DM your order number so we can chase this with our logistics partner.,,2570.0
2912,@MockBrandBCare,False,2019-03-20 12:30:00,Sorry for the delay - DM your order number so we can chase this with our logistics partner.,,2911.0
1930,cust_MockBrandA_1043,True,2019-03-16 12:00:00,"Can I get a refund for MockBrandA order #14202, item arrived damaged.",1931.0,
1656,cust_MockBrandA_894,True,2019-08-17 12:00:00,Where is my order #44314? Estimated delivery date was 4 days ago.,1657.0,
806,cust_MockBrandA_442,True,2019-03-28 12:00:00,Where is my order #13597? Estimated delivery date was 4 days ago.,807.0,
427,@MockBrandASupport,False,2019-05-13 12:30:00,"Thanks for flagging this - please try updating to the latest app version, and DM us your device model if the crash continues.",,426.0
643,@MockBrandASupport,False,2019-05-12 12:30:00,We're really sorry to hear that. Please DM your case/order number so a senior agent can personally follow up.,,642.0
1037,cust_MockBrandA_565,True,2019-01-18 12:00:00,"Someone hacked into my MockBrandA account and changed my password, please help me lock it down!",1038.0,
2925,@MockBrandBCare,False,2019-08-11 12:30:00,Sorry for the delay - DM your order number so we can chase this with our logistics partner.,,2924.0
1607,cust_MockBrandA_867,True,2019-04-14 12:00:00,"Returned my package 10 days ago for order #57746, when will my refund be credited?",1608.0,
2696,@MockBrandBCare,False,2019-09-25 12:30:00,Apologies for the surprise renewal. DM your order ID and we'll process a refund review.,,2695.0
933,cust_MockBrandA_510,True,2019-05-27 12:00:00,The MockBrandA app crashes every time I open the payments tab.,934.0,
2583,@MockBrandBCare,False,2019-04-21 12:30:00,Sorry for the delay - DM your order number so we can chase this with our logistics partner.,,2582.0
1062,@MockBrandASupport,False,2019-04-18 12:30:00,We're sorry about that. Please DM us your order number and the last 4 digits of the card used so we can investigate the duplicate charge.,,1061.0
919,cust_MockBrandA_503,True,2019-03-26 12:00:00,"Cancel button is disabled in my account settings, please assist.",920.0,
3101,@MockBrandBCare,False,2019-08-15 12:30:00,"Sorry about that! Please clear your app cache and reinstall - if the issue continues, DM your account email.",,3100.0
1497,cust_MockBrandA_809,True,2019-08-12 12:00:00,"Returned my package 10 days ago for order #12955, when will my refund be credited?",1498.0,
2988,cust_MockBrandB_271,True,2019-02-13 12:00:00,"MockBrandB auto-renewed my subscription without any warning email, want a refund.",2989.0,
89,cust_MockBrandA_49,True,2019-05-11 12:00:00,Saw an unexpected extra fee of $32.99 on my latest MockBrandA invoice.,90.0,
1758,cust_MockBrandA_948,True,2019-09-19 12:00:00,"If MockBrandA does not resolve this unauthorized charge of $17.99, I will pursue legal action with my lawyer.",1759.0,
1397,cust_MockBrandA_754,True,2019-02-21 12:00:00,Courier delivered my package for order #62509 to the wrong street address.,1398.0,
1744,cust_MockBrandA_941,True,2019-01-26 12:00:00,"I noticed fraudulent unauthorized charges from MockBrandA on my card, my account was compromised!",1745.0,
662,cust_MockBrandA_363,True,2019-08-22 12:00:00,How do I cancel my MockBrandA subscription? Can't find the option anywhere.,663.0,
811,@MockBrandASupport,False,2019-05-18 12:30:00,We're sorry about that. Please DM us your order number and the last 4 digits of the card used so we can investigate the duplicate charge.,,810.0
1466,@MockBrandASupport,False,2019-05-11 12:30:00,So sorry for the wait. Please DM your order number and we'll escalate the refund to our billing team right away.,,1465.0
1084,cust_MockBrandA_590,True,2019-07-15 12:00:00,Your iOS app freezes completely on the home screen after latest update.,1085.0,
1352,@MockBrandASupport,False,2019-09-25 12:30:00,We're really sorry to hear that. Please DM your case/order number so a senior agent can personally follow up.,,1351.0
2390,cust_MockBrandA_1296,True,2019-02-27 12:00:00,"Tracking says delivery attempted for order #51574, but I was home all day.",2391.0,
792,cust_MockBrandA_433,True,2019-08-18 12:00:00,How do I cancel my MockBrandA subscription? Can't find the option anywhere.,793.0,
1667,cust_MockBrandA_900,True,2019-06-23 12:00:00,MockBrandA login button spins endlessly and never loads my profile.,1668.0,
3258,cust_MockBrandB_421,True,2019-04-14 12:00:00,Does MockBrandB support exporting my data to CSV?,3259.0,
1420,@MockBrandASupport,False,2019-01-15 12:30:00,We're sorry about that. Please DM us your order number and the last 4 digits of the card used so we can investigate the duplicate charge.,,1419.0
1586,@MockBrandASupport,False,2019-05-28 12:30:00,"Thanks for flagging this - please try updating to the latest app version, and DM us your device model if the crash continues.",,1585.0
2751,@MockBrandBCare,False,2019-07-19 12:30:00,We're aware of an iOS 17 issue - please try reinstalling the latest build. DM your device model if it persists.,,2750.0
2180,cust_MockBrandA_1179,True,2019-06-17 12:00:00,Your iOS app freezes completely on the home screen after latest update.,2181.0,
1268,cust_MockBrandA_685,True,2019-05-16 12:00:00,"Can I get a refund for MockBrandA order #89876, item arrived damaged.",1269.0,
3173,cust_MockBrandB_374,True,2019-09-24 12:00:00,MockBrandB app won't load past the splash screen on iOS 17.,3174.0,
2446,cust_MockBrandA_1326,True,2019-02-18 12:00:00,Need a full refund for order #21701 because the item sent was completely wrong.,2447.0,
2507,cust_MockBrandB_11,True,2019-02-15 12:00:00,MockBrandB app won't load past the splash screen on iOS 17.,2508.0,
1702,@MockBrandASupport,False,2019-09-23 12:30:00,Apologies for the delay! Please DM your order number and zip code so we can trace the package with the carrier.,,1701.0
185,cust_MockBrandA_102,True,2019-06-13 12:00:00,"Worst customer service experience ever from MockBrandA, rude agents and no resolution.",186.0,
2400,cust_MockBrandA_1302,True,2019-02-26 12:00:00,Please cancel my order #93480 immediately before it ships out.,2401.0,
1840,@MockBrandASupport,False,2019-03-12 12:30:00,You can cancel anytime from Account > Subscription > Cancel. DM us if you don't see that option and we'll help directly.,,1839.0
2839,cust_MockBrandB_191,True,2019-07-27 12:00:00,Does MockBrandB support exporting my data to CSV?,2840.0,
658,cust_MockBrandA_361,True,2019-03-17 12:00:00,Search bar on MockBrandA website is broken and returns 0 results for everything.,659.0,
2322,@MockBrandASupport,False,2019-03-27 12:30:00,You can cancel anytime from Account > Subscription > Cancel. DM us if you don't see that option and we'll help directly.,,2321.0
3171,cust_MockBrandB_373,True,2019-09-23 12:00:00,"MockBrandB auto-renewed my subscription without any warning email, want a refund.",3172.0,
178,cust_MockBrandA_97,True,2019-05-22 12:00:00,"Cancel button is disabled in my account settings, please assist.",179.0,
155,@MockBrandASupport,False,2019-04-13 12:30:00,"Thanks for flagging this - please try updating to the latest app version, and DM us your device model if the crash continues.",,154.0
2636,cust_MockBrandB_82,True,2019-09-12 12:00:00,Does MockBrandB support exporting my data to CSV?,2637.0,
1312,@MockBrandASupport,False,2019-06-20 12:30:00,So sorry for the wait. Please DM your order number and we'll escalate the refund to our billing team right away.,,1311.0
3242,cust_MockBrandB_413,True,2019-02-10 12:00:00,"MockBrandB auto-renewed my subscription without any warning email, want a refund.",3243.0,
1024,@MockBrandASupport,False,2019-03-25 12:30:00,"Thanks for flagging this - please try updating to the latest app version, and DM us your device model if the crash continues.",,1023.0
1462,@MockBrandASupport,False,2019-09-12 12:30:00,We're sorry about that. Please DM us your order number and the last 4 digits of the card used so we can investigate the duplicate charge.,,1461.0
1138,@MockBrandASupport,False,2019-03-24 12:30:00,"Thanks for flagging this - please try updating to the latest app version, and DM us your device model if the crash continues.",,1137.0
2771,cust_MockBrandB_153,True,2019-04-26 12:00:00,"Third time contacting MockBrandB about the same bug, no fix yet.",2772.0,
33,cust_MockBrandA_17,True,2019-06-25 12:00:00,"Requested a refund on order #80697 a week ago, still nothing.",34.0,
1222,@MockBrandASupport,False,2019-04-17 12:30:00,So sorry for the wait. Please DM your order number and we'll escalate the refund to our billing team right away.,,1221.0
2849,cust_MockBrandB_196,True,2019-07-10 12:00:00,Does MockBrandB support exporting my data to CSV?,2850.0,
1953,@MockBrandASupport,False,2019-08-25 12:30:00,You can cancel anytime from Account > Subscription > Cancel. DM us if you don't see that option and we'll help directly.,,1952.0
1250,@MockBrandASupport,False,2019-05-10 12:30:00,We're really sorry to hear that. Please DM your case/order number so a senior agent can personally follow up.,,1249.0
687,@MockBrandASupport,False,2019-07-20 12:30:00,So sorry for the wait. Please DM your order number and we'll escalate the refund to our billing team right away.,,686.0
2575,@MockBrandBCare,False,2019-02-18 12:30:00,We're aware of an iOS 17 issue - please try reinstalling the latest build. DM your device model if it persists.,,2574.0
2380,cust_MockBrandA_1291,True,2019-07-23 12:00:00,"Someone hacked into my MockBrandA account and changed my password, please help me lock it down!",2381.0,
2477,cust_MockBrandA_1344,True,2019-09-11 12:00:00,"Worst customer service experience ever from MockBrandA, rude agents and no resolution.",2478.0,
1220,@MockBrandASupport,False,2019-05-14 12:30:00,"Thanks for flagging this - please try updating to the latest app version, and DM us your device model if the crash continues.",,1219.0
1197,@MockBrandASupport,False,2019-09-26 12:30:00,You can cancel anytime from Account > Subscription > Cancel. DM us if you don't see that option and we'll help directly.,,1196.0
21,cust_MockBrandA_10,True,2019-08-14 12:00:00,"If MockBrandA does not resolve this unauthorized charge of $60.99, I will pursue legal action with my lawyer.",22.0,
2828,@MockBrandBCare,False,2019-08-14 12:30:00,We're aware of an iOS 17 issue - please try reinstalling the latest build. DM your device model if it persists.,,2827.0
821,cust_MockBrandA_450,True,2019-04-27 12:00:00,Search bar on MockBrandA website is broken and returns 0 results for everything.,822.0,
2354,cust_MockBrandA_1277,True,2019-07-22 12:00:00,Why does the MockBrandA app keep logging me out every 5 minutes?,2355.0,
1213,cust_MockBrandA_657,True,2019-05-20 12:00:00,Please cancel my order #41504 immediately before it ships out.,1214.0,
2140,@MockBrandASupport,False,2019-04-10 12:30:00,Apologies for the delay! Please DM your order number and zip code so we can trace the package with the carrier.,,2139.0
2875,@MockBrandBCare,False,2019-03-14 12:30:00,We're sorry this keeps happening. DM your case number so we can escalate internally.,,2874.0
2600,cust_MockBrandB_62,True,2019-06-12 12:00:00,"Third time contacting MockBrandB about the same bug, no fix yet.",2601.0,
524,cust_MockBrandA_287,True,2019-02-25 12:00:00,Your iOS app freezes completely on the home screen after latest update.,525.0,
665,cust_MockBrandA_365,True,2019-03-25 12:00:00,"Your product arrived broken for order #65163, cancel my recurring contract immediately.",666.0,
1069,cust_MockBrandA_582,True,2019-03-26 12:00:00,"I can't log into my MockBrandA account, it keeps saying invalid password even after reset.",1070.0,
723,cust_MockBrandA_395,True,2019-04-19 12:00:00,"Tracking says delivery attempted for order #68459, but I was home all day.",724.0,
2069,@MockBrandASupport,False,2019-07-12 12:30:00,"Thanks for flagging this - please try updating to the latest app version, and DM us your device model if the crash continues.",,2068.0
1155,@MockBrandASupport,False,2019-09-17 12:30:00,We're sorry about that. Please DM us your order number and the last 4 digits of the card used so we can investigate the duplicate charge.,,1154.0
1515,@MockBrandASupport,False,2019-07-18 12:30:00,We're sorry about that. Please DM us your order number and the last 4 digits of the card used so we can investigate the duplicate charge.,,1514.0
719,cust_MockBrandA_393,True,2019-08-11 12:00:00,"MockBrandA charged me twice for the same order #53456, need this fixed.",720.0,
2940,@MockBrandBCare,False,2019-07-11 12:30:00,We're aware of an iOS 17 issue - please try reinstalling the latest build. DM your device model if it persists.,,2939.0
45,@MockBrandASupport,False,2019-08-17 12:30:00,Sorry for the trouble! Please try resetting your password from a private/incognito window - if it still fails DM us your registered email so we can look into your account.,,44.0
82,cust_MockBrandA_44,True,2019-03-23 12:00:00,"I noticed fraudulent unauthorized charges from MockBrandA on my card, my account was compromised!",83.0,
2580,@MockBrandBCare,False,2019-08-28 12:30:00,We're sorry this keeps happening. DM your case number so we can escalate internally.,,2579.0
2761,cust_MockBrandB_148,True,2019-09-15 12:00:00,MockBrandB app won't load past the splash screen on iOS 17.,2762.0,
850,@MockBrandASupport,False,2019-02-27 12:30:00,We're sorry about that. Please DM us your order number and the last 4 digits of the card used so we can investigate the duplicate charge.,,849.0
914,@MockBrandASupport,False,2019-01-22 12:30:00,We're sorry about that. Please DM us your order number and the last 4 digits of the card used so we can investigate the duplicate charge.,,913.0
1988,@MockBrandASupport,False,2019-03-24 12:30:00,Sorry for the trouble! Please try resetting your password from a private/incognito window - if it still fails DM us your registered email so we can look into your account.,,1987.0
974,@MockBrandASupport,False,2019-05-14 12:30:00,Apologies for the delay! Please DM your order number and zip code so we can trace the package with the carrier.,,973.0
3284,@MockBrandBCare,False,2019-06-20 12:30:00,Apologies for the surprise renewal. DM your order ID and we'll process a refund review.,,3283.0
973,cust_MockBrandA_531,True,2019-03-21 12:00:00,"Package from MockBrandA has been 'in transit' for 9 days, tracking not updating.",974.0,
2994,cust_MockBrandB_274,True,2019-01-16 12:00:00,"Third time contacting MockBrandB about the same bug, no fix yet.",2995.0,
1430,@MockBrandASupport,False,2019-01-11 12:30:00,Sorry for the trouble! Please try resetting your password from a private/incognito window - if it still fails DM us your registered email so we can look into your account.,,1429.0
663,@MockBrandASupport,False,2019-08-12 12:30:00,You can cancel anytime from Account > Subscription > Cancel. DM us if you don't see that option and we'll help directly.,,662.0
759,@MockBrandASupport,False,2019-06-18 12:30:00,We're sorry about that. Please DM us your order number and the last 4 digits of the card used so we can investigate the duplicate charge.,,758.0
2086,@MockBrandASupport,False,2019-03-13 12:30:00,We're sorry about that. Please DM us your order number and the last 4 digits of the card used so we can investigate the duplicate charge.,,2085.0
2420,cust_MockBrandA_1313,True,2019-03-18 12:00:00,"Returned my package 10 days ago for order #48535, when will my refund be credited?",2421.0,
208,cust_MockBrandA_115,True,2019-09-24 12:00:00,MockBrandA website checkout is throwing a 500 error on step 3.,209.0,
582,cust_MockBrandA_319,True,2019-07-22 12:00:00,My MockBrandA order #43119 says delivered but I never received it.,583.0,
1877,@MockBrandASupport,False,2019-02-24 12:30:00,Sorry for the trouble! Please try resetting your password from a private/incognito window - if it still fails DM us your registered email so we can look into your account.,,1876.0
2841,cust_MockBrandB_192,True,2019-02-20 12:00:00,Does MockBrandB support exporting my data to CSV?,2842.0,
926,@MockBrandASupport,False,2019-03-26 12:30:00,You can cancel anytime from Account > Subscription > Cancel. DM us if you don't see that option and we'll help directly.,,925.0
2492,@MockBrandBCare,False,2019-07-22 12:30:00,Sorry for the delay - DM your order number so we can chase this with our logistics partner.,,2491.0
2630,@MockBrandBCare,False,2019-05-28 12:30:00,Yes! You can export data from Settings > Data > Export CSV.,,2629.0
61,cust_MockBrandA_32,True,2019-04-22 12:00:00,"Can I get a refund for MockBrandA order #18981, item arrived damaged.",62.0,
2868,cust_MockBrandB_206,True,2019-08-17 12:00:00,"Third time contacting MockBrandB about the same bug, no fix yet.",2869.0,
3181,@MockBrandBCare,False,2019-09-11 12:30:00,We're aware of an iOS 17 issue - please try reinstalling the latest build. DM your device model if it persists.,,3180.0
1709,cust_MockBrandA_922,True,2019-02-23 12:00:00,"Can I get a refund for MockBrandA order #20252, item arrived damaged.",1710.0,
1153,@MockBrandASupport,False,2019-02-16 12:30:00,Sorry for the trouble! Please try resetting your password from a private/incognito window - if it still fails DM us your registered email so we can look into your account.,,1152.0
1516,cust_MockBrandA_820,True,2019-02-21 12:00:00,"I demand to speak to a real human supervisor right now, your automated bots are useless!",1517.0,
1098,cust_MockBrandA_597,True,2019-02-24 12:00:00,"Cannot apply discount codes at checkout on the MockBrandA app, getting an error.",1099.0,
1534,@MockBrandASupport,False,2019-03-17 12:30:00,"Thanks for flagging this - please try updating to the latest app version, and DM us your device model if the crash continues.",,1533.0
2041,cust_MockBrandA_1105,True,2019-08-22 12:00:00,The MockBrandA app crashes every time I open the payments tab.,2042.0,
2422,cust_MockBrandA_1314,True,2019-04-13 12:00:00,Want to cancel my auto-renew membership with MockBrandA.,2423.0,
2949,@MockBrandBCare,False,2019-06-23 12:30:00,We're aware of an iOS 17 issue - please try reinstalling the latest build. DM your device model if it persists.,,2948.0
15,cust_MockBrandA_7,True,2019-05-12 12:00:00,Your iOS app freezes completely on the home screen after latest update.,16.0,
936,@MockBrandASupport,False,2019-04-20 12:30:00,"Thanks for flagging this - please try updating to the latest app version, and DM us your device model if the crash continues.",,935.0
1662,cust_MockBrandA_897,True,2019-07-19 12:00:00,"I can't log into my MockBrandA account, it keeps saying invalid password even after reset.",1663.0,
656,cust_MockBrandA_360,True,2019-02-13 12:00:00,Please cancel my order #90750 immediately before it ships out.,657.0,
1129,@MockBrandASupport,False,2019-02-17 12:30:00,Apologies for the delay! Please DM your order number and zip code so we can trace the package with the carrier.,,1128.0
1504,@MockBrandASupport,False,2019-02-14 12:30:00,You can cancel anytime from Account > Subscription > Cancel. DM us if you don't see that option and we'll help directly.,,1503.0
1483,cust_MockBrandA_802,True,2019-03-15 12:00:00,"Order #47387 never arrived and support keeps closing my ticket without a refund, 3rd time asking.",1484.0,
3053,@MockBrandBCare,False,2019-04-18 12:30:00,We're sorry this keeps happening. DM your case number so we can escalate internally.,,3052.0
1974,cust_MockBrandA_1067,True,2019-05-25 12:00:00,MockBrandA login button spins endlessly and never loads my profile.,1975.0,
2370,cust_MockBrandA_1286,True,2019-01-26 12:00:00,"I demand to speak to a real human supervisor right now, your automated bots are useless!",2371.0,
2314,cust_MockBrandA_1255,True,2019-09-10 12:00:00,Saw an unexpected extra fee of $62.99 on my latest MockBrandA invoice.,2315.0,
528,cust_MockBrandA_289,True,2019-04-20 12:00:00,"Fourth time reporting this bug where order #64732 keeps failing, fix your platform!",529.0,
3109,@MockBrandBCare,False,2019-08-28 12:30:00,Apologies for the surprise renewal. DM your order ID and we'll process a refund review.,,3108.0
311,cust_MockBrandA_171,True,2019-08-28 12:00:00,"I demand to speak to a real human supervisor right now, your automated bots are useless!",312.0,
1700,@MockBrandASupport,False,2019-09-23 12:30:00,We're sorry about that. Please DM us your order number and the last 4 digits of the card used so we can investigate the duplicate charge.,,1699.0
2877,cust_MockBrandB_211,True,2019-01-18 12:00:00,Does MockBrandB support exporting my data to CSV?,2878.0,
456,@MockBrandASupport,False,2019-04-11 12:30:00,We're sorry about that. Please DM us your order number and the last 4 digits of the card used so we can investigate the duplicate charge.,,455.0
1131,@MockBrandASupport,False,2019-03-27 12:30:00,So sorry for the wait. Please DM your order number and we'll escalate the refund to our billing team right away.,,1130.0
2913,cust_MockBrandB_230,True,2019-03-15 12:00:00,"MockBrandB auto-renewed my subscription without any warning email, want a refund.",2914.0,
2555,@MockBrandBCare,False,2019-03-11 12:30:00,Yes! You can export data from Settings > Data > Export CSV.,,2554.0
1897,cust_MockBrandA_1025,True,2019-08-26 12:00:00,"Waiting on hold for 2 hours for order #60871, absolutely unacceptable support.",1898.0,
1221,cust_MockBrandA_661,True,2019-01-18 12:00:00,"Returned my package 10 days ago for order #23994, when will my refund be credited?",1222.0,
432,@MockBrandASupport,False,2019-06-15 12:30:00,We're really sorry to hear that. Please DM your case/order number so a senior agent can personally follow up.,,431.0
2817,cust_MockBrandB_179,True,2019-09-27 12:00:00,"MockBrandB auto-renewed my subscription without any warning email, want a refund.",2818.0,
3020,@MockBrandBCare,False,2019-02-17 12:30:00,We're aware of an iOS 17 issue - please try reinstalling the latest build. DM your device model if it persists.,,3019.0
2713,@MockBrandBCare,False,2019-02-14 12:30:00,Yes! You can export data from Settings > Data > Export CSV.,,2712.0
1750,cust_MockBrandA_944,True,2019-09-15 12:00:00,My MockBrandA order #72084 says delivered but I never received it.,1751.0,
618,@MockBrandASupport,False,2019-08-25 12:30:00,We're really sorry to hear that. Please DM your case/order number so a senior agent can personally follow up.,,617.0
472,cust_MockBrandA_259,True,2019-01-18 12:00:00,I got charged a monthly renewal fee of $51.99 even though I paused my subscription.,473.0,
1979,cust_MockBrandA_1071,True,2019-02-19 12:00:00,"Fourth time reporting this bug where order #11742 keeps failing, fix your platform!",1980.0,
2254,cust_MockBrandA_1220,True,2019-05-25 12:00:00,"Can I get a refund for MockBrandA order #71573, item arrived damaged.",2255.0,
1959,@MockBrandASupport,False,2019-03-16 12:30:00,Sorry for the trouble! Please try resetting your password from a private/incognito window - if it still fails DM us your registered email so we can look into your account.,,1958.0
1765,cust_MockBrandA_952,True,2019-09-19 12:00:00,Where is my order #38014? Estimated delivery date was 4 days ago.,1766.0,
2739,@MockBrandBCare,False,2019-06-15 12:30:00,"Sorry about that! Please clear your app cache and reinstall - if the issue continues, DM your account email.",,2738.0
2629,cust_MockBrandB_78,True,2019-08-10 12:00:00,Does MockBrandB support exporting my data to CSV?,2630.0,
1811,cust_MockBrandA_976,True,2019-04-17 12:00:00,"Package from MockBrandA has been 'in transit' for 9 days, tracking not updating.",1812.0,
1052,cust_MockBrandA_573,True,2019-02-12 12:00:00,"I noticed fraudulent unauthorized charges from MockBrandA on my card, my account was compromised!",1053.0,
1370,cust_MockBrandA_740,True,2019-05-20 12:00:00,"I demand to speak to a real human supervisor right now, your automated bots are useless!",1371.0,
1935,cust_MockBrandA_1046,True,2019-02-22 12:00:00,I got charged a monthly renewal fee of $63.99 even though I paused my subscription.,1936.0,
2137,cust_MockBrandA_1156,True,2019-08-22 12:00:00,"Waiting on hold for 2 hours for order #56306, absolutely unacceptable support.",2138.0,
2559,cust_MockBrandB_40,True,2019-07-24 12:00:00,MockBrandB app won't load past the splash screen on iOS 17.,2560.0,
2927,@MockBrandBCare,False,2019-02-11 12:30:00,We're sorry this keeps happening. DM your case number so we can escalate internally.,,2926.0
712,@MockBrandASupport,False,2019-05-15 12:30:00,We're sorry about that. Please DM us your order number and the last 4 digits of the card used so we can investigate the duplicate charge.,,711.0
2790,cust_MockBrandB_164,True,2019-07-15 12:00:00,"Still waiting on my MockBrandB order #67068, it's been 12 days.",2791.0,
1942,@MockBrandASupport,False,2019-05-22 12:30:00,We're really sorry to hear that. Please DM your case/order number so a senior agent can personally follow up.,,1941.0
458,@MockBrandASupport,False,2019-03-10 12:30:00,We're sorry about that. Please DM us your order number and the last 4 digits of the card used so we can investigate the duplicate charge.,,457.0
1527,cust_MockBrandA_826,True,2019-04-14 12:00:00,Please cancel my order #54605 immediately before it ships out.,1528.0,
2968,cust_MockBrandB_260,True,2019-02-22 12:00:00,MockBrandB app won't load past the splash screen on iOS 17.,2969.0,
1731,cust_MockBrandA_934,True,2019-05-22 12:00:00,MockBrandA website checkout is throwing a 500 error on step 3.,1732.0,
2286,@MockBrandASupport,False,2019-03-24 12:30:00,So sorry for the wait. Please DM your order number and we'll escalate the refund to our billing team right away.,,2285.0
2835,cust_MockBrandB_189,True,2019-05-27 12:00:00,Does MockBrandB support exporting my data to CSV?,2836.0,
1623,@MockBrandASupport,False,2019-03-16 12:30:00,"Thanks for flagging this - please try updating to the latest app version, and DM us your device model if the crash continues.",,1622.0
1475,@MockBrandASupport,False,2019-07-24 12:30:00,We're really sorry to hear that. Please DM your case/order number so a senior agent can personally follow up.,,1474.0
810,cust_MockBrandA_444,True,2019-01-17 12:00:00,I got charged a monthly renewal fee of $32.99 even though I paused my subscription.,811.0,
790,cust_MockBrandA_432,True,2019-05-22 12:00:00,"Someone hacked into my MockBrandA account and changed my password, please help me lock it down!",791.0,
2874,cust_MockBrandB_209,True,2019-08-19 12:00:00,"Third time contacting MockBrandB about the same bug, no fix yet.",2875.0,
23,cust_MockBrandA_11,True,2019-07-21 12:00:00,"Order #44438 never arrived and support keeps closing my ticket without a refund, 3rd time asking.",24.0,
710,@MockBrandASupport,False,2019-06-14 12:30:00,So sorry for the wait. Please DM your order number and we'll escalate the refund to our billing team right away.,,709.0
2717,cust_MockBrandB_125,True,2019-09-24 12:00:00,"Still waiting on my MockBrandB order #20195, it's been 12 days.",2718.0,
894,@MockBrandASupport,False,2019-04-20 12:30:00,Apologies for the delay! Please DM your order number and zip code so we can trace the package with the carrier.,,893.0
815,@MockBrandASupport,False,2019-05-19 12:30:00,We're really sorry to hear that. Please DM your case/order number so a senior agent can personally follow up.,,814.0
1892,cust_MockBrandA_1022,True,2019-07-17 12:00:00,Search bar on MockBrandA website is broken and returns 0 results for everything.,1893.0,
2159,cust_MockBrandA_1168,True,2019-04-11 12:00:00,"Cannot apply discount codes at checkout on the MockBrandA app, getting an error.",2160.0,
1378,cust_MockBrandA_744,True,2019-04-13 12:00:00,"I noticed fraudulent unauthorized charges from MockBrandA on my card, my account was compromised!",1379.0,
1914,cust_MockBrandA_1035,True,2019-07-22 12:00:00,"I can't log into my MockBrandA account, it keeps saying invalid password even after reset.",1915.0,
1736,cust_MockBrandA_937,True,2019-06-18 12:00:00,My MockBrandA order #37450 says delivered but I never received it.,1737.0,
3265,cust_MockBrandB_425,True,2019-04-10 12:00:00,"Still waiting on my MockBrandB order #17736, it's been 12 days.",3266.0,
2504,@MockBrandBCare,False,2019-06-28 12:30:00,Yes! You can export data from Settings > Data > Export CSV.,,2503.0
2419,@MockBrandASupport,False,2019-07-23 12:30:00,"Thanks for flagging this - please try updating to the latest app version, and DM us your device model if the crash continues.",,2418.0
735,@MockBrandASupport,False,2019-06-28 12:30:00,You can cancel anytime from Account > Subscription > Cancel. DM us if you don't see that option and we'll help directly.,,734.0
2857,cust_MockBrandB_200,True,2019-02-20 12:00:00,"MockBrandB auto-renewed my subscription without any warning email, want a refund.",2858.0,
2829,cust_MockBrandB_186,True,2019-03-22 12:00:00,MockBrandB app won't load past the splash screen on iOS 17.,2830.0,
859,cust_MockBrandA_471,True,2019-02-26 12:00:00,"Your product arrived broken for order #97690, cancel my recurring contract immediately.",860.0,
2627,@MockBrandBCare,False,2019-03-13 12:30:00,Apologies for the surprise renewal. DM your order ID and we'll process a refund review.,,2626.0
870,cust_MockBrandA_477,True,2019-08-15 12:00:00,Why was I billed $71.99 when my plan is supposed to be $41.99?,871.0,
3271,cust_MockBrandB_428,True,2019-04-14 12:00:00,"Third time contacting MockBrandB about the same bug, no fix yet.",3272.0,
2233,cust_MockBrandA_1207,True,2019-05-21 12:00:00,Want to cancel my auto-renew membership with MockBrandA.,2234.0,
1386,cust_MockBrandA_748,True,2019-08-16 12:00:00,"Package from MockBrandA has been 'in transit' for 9 days, tracking not updating.",1387.0,
193,@MockBrandASupport,False,2019-04-15 12:30:00,Apologies for the delay! Please DM your order number and zip code so we can trace the package with the carrier.,,192.0
2329,cust_MockBrandA_1264,True,2019-09-22 12:00:00,Please cancel my order #37770 immediately before it ships out.,2330.0,
1208,cust_MockBrandA_654,True,2019-06-21 12:00:00,"Requested a refund on order #12408 a week ago, still nothing.",1209.0,
280,cust_MockBrandA_154,True,2019-02-21 12:00:00,MockBrandA billed my credit card after I switched payment methods.,281.0,
1453,cust_MockBrandA_785,True,2019-02-10 12:00:00,I got charged a monthly renewal fee of $47.99 even though I paused my subscription.,1454.0,
1962,cust_MockBrandA_1061,True,2019-01-11 12:00:00,Search bar on MockBrandA website is broken and returns 0 results for everything.,1963.0,
2753,@MockBrandBCare,False,2019-04-18 12:30:00,Apologies for the surprise renewal. DM your order ID and we'll process a refund review.,,2752.0
3095,cust_MockBrandB_330,True,2019-06-13 12:00:00,"MockBrandB keeps logging me out every few minutes, super annoying.",3096.0,
1966,cust_MockBrandA_1063,True,2019-02-15 12:00:00,"Returned my package 10 days ago for order #99123, when will my refund be credited?",1967.0,
3008,@MockBrandBCare,False,2019-03-28 12:30:00,Apologies for the surprise renewal. DM your order ID and we'll process a refund review.,,3007.0
2671,@MockBrandBCare,False,2019-02-22 12:30:00,Apologies for the surprise renewal. DM your order ID and we'll process a refund review.,,2670.0
217,cust_MockBrandA_120,True,2019-04-26 12:00:00,"Cannot apply discount codes at checkout on the MockBrandA app, getting an error.",218.0,
3188,@MockBrandBCare,False,2019-07-15 12:30:00,Sorry for the delay - DM your order number so we can chase this with our logistics partner.,,3187.0
1591,cust_MockBrandA_859,True,2019-07-20 12:00:00,"Locked out of my MockBrandA account for 2 days now, no reset email arriving.",1592.0,
976,@MockBrandASupport,False,2019-04-15 12:30:00,We're really sorry to hear that. Please DM your case/order number so a senior agent can personally follow up.,,975.0
555,cust_MockBrandA_305,True,2019-08-17 12:00:00,The MockBrandA app crashes every time I open the payments tab.,556.0,
1305,cust_MockBrandA_704,True,2019-07-11 12:00:00,"Locked out of my MockBrandA account for 2 days now, no reset email arriving.",1306.0,
2933,cust_MockBrandB_241,True,2019-01-14 12:00:00,Does MockBrandB support exporting my data to CSV?,2934.0,
1441,cust_MockBrandA_778,True,2019-01-18 12:00:00,"Returned my package 10 days ago for order #54025, when will my refund be credited?",1442.0,
890,@MockBrandASupport,False,2019-05-27 12:30:00,You can cancel anytime from Account > Subscription > Cancel. DM us if you don't see that option and we'll help directly.,,889.0
2242,@MockBrandASupport,False,2019-09-25 12:30:00,We're sorry about that. Please DM us your order number and the last 4 digits of the card used so we can investigate the duplicate charge.,,2241.0
2780,@MockBrandBCare,False,2019-03-21 12:30:00,We're aware of an iOS 17 issue - please try reinstalling the latest build. DM your device model if it persists.,,2779.0
2436,cust_MockBrandA_1321,True,2019-05-17 12:00:00,"Worst customer service experience ever from MockBrandA, rude agents and no resolution.",2437.0,
2248,cust_MockBrandA_1217,True,2019-01-14 12:00:00,Please cancel my order #41784 immediately before it ships out.,2249.0,
1332,@MockBrandASupport,False,2019-05-11 12:30:00,"Thanks for flagging this - please try updating to the latest app version, and DM us your device model if the crash continues.",,1331.0
2258,@MockBrandASupport,False,2019-07-24 12:30:00,Sorry for the trouble! Please try resetting your password from a private/incognito window - if it still fails DM us your registered email so we can look into your account.,,2257.0
1801,cust_MockBrandA_971,True,2019-08-12 12:00:00,"Tracking says delivery attempted for order #36975, but I was home all day.",1802.0,
3100,cust_MockBrandB_333,True,2019-06-28 12:00:00,"MockBrandB keeps logging me out every few minutes, super annoying.",3101.0,
2062,@MockBrandASupport,False,2019-05-14 12:30:00,"Thanks for flagging this - please try updating to the latest app version, and DM us your device model if the crash continues.",,2061.0
2336,cust_MockBrandA_1268,True,2019-09-22 12:00:00,MockBrandA website checkout is throwing a 500 error on step 3.,2337.0,
1832,cust_MockBrandA_989,True,2019-02-21 12:00:00,"Locked out of my MockBrandA account for 2 days now, no reset email arriving.",1833.0,
461,cust_MockBrandA_253,True,2019-04-27 12:00:00,Where is my order #94659? Estimated delivery date was 4 days ago.,462.0,
430,@MockBrandASupport,False,2019-03-20 12:30:00,We're sorry about that. Please DM us your order number and the last 4 digits of the card used so we can investigate the duplicate charge.,,429.0
1633,cust_MockBrandA_882,True,2019-05-12 12:00:00,"I demand to speak to a real human supervisor right now, your automated bots are useless!",1634.0,
1858,cust_MockBrandA_1004,True,2019-07-12 12:00:00,Didn't receive the 2FA SMS verification code to log into my MockBrandA account.,1859.0,
2444,cust_MockBrandA_1325,True,2019-04-28 12:00:00,MockBrandA billed my credit card after I switched payment methods.,2445.0,
1014,cust_MockBrandA_553,True,2019-06-23 12:00:00,Search bar on MockBrandA website is broken and returns 0 results for everything.,1015.0,
787,@MockBrandASupport,False,2019-02-13 12:30:00,We're really sorry to hear that. Please DM your case/order number so a senior agent can personally follow up.,,786.0
2324,@MockBrandASupport,False,2019-07-19 12:30:00,Sorry for the trouble! Please try resetting your password from a private/incognito window - if it still fails DM us your registered email so we can look into your account.,,2323.0
734,cust_MockBrandA_401,True,2019-03-17 12:00:00,"Your product arrived broken for order #60911, cancel my recurring contract immediately.",735.0,
507,@MockBrandASupport,False,2019-06-17 12:30:00,We're really sorry to hear that. Please DM your case/order number so a senior agent can personally follow up.,,506.0
3179,@MockBrandBCare,False,2019-04-14 12:30:00,We're sorry this keeps happening. DM your case number so we can escalate internally.,,3178.0
2318,cust_MockBrandA_1258,True,2019-01-19 12:00:00,"Your product arrived broken for order #11883, cancel my recurring contract immediately.",2319.0,
2529,cust_MockBrandB_23,True,2019-06-23 12:00:00,MockBrandB app won't load past the splash screen on iOS 17.,2530.0,
2657,cust_MockBrandB_93,True,2019-07-18 12:00:00,MockBrandB app won't load past the splash screen on iOS 17.,2658.0,
1680,cust_MockBrandA_907,True,2019-06-28 12:00:00,"Locked out of my MockBrandA account for 2 days now, no reset email arriving.",1681.0,
548,cust_MockBrandA_300,True,2019-02-18 12:00:00,"Your product arrived broken for order #72324, cancel my recurring contract immediately.",549.0,
3011,cust_MockBrandB_284,True,2019-03-17 12:00:00,"Still waiting on my MockBrandB order #30807, it's been 12 days.",3012.0,
269,cust_MockBrandA_148,True,2019-08-26 12:00:00,Search bar on MockBrandA website is broken and returns 0 results for everything.,270.0,
1295,cust_MockBrandA_699,True,2019-01-13 12:00:00,"Someone hacked into my MockBrandA account and changed my password, please help me lock it down!",1296.0,
12,@MockBrandASupport,False,2019-04-19 12:30:00,"Thanks for flagging this - please try updating to the latest app version, and DM us your device model if the crash continues.",,11.0
1442,@MockBrandASupport,False,2019-08-24 12:30:00,So sorry for the wait. Please DM your order number and we'll escalate the refund to our billing team right away.,,1441.0
531,@MockBrandASupport,False,2019-06-15 12:30:00,"Thanks for flagging this - please try updating to the latest app version, and DM us your device model if the crash continues.",,530.0
828,cust_MockBrandA_454,True,2019-04-26 12:00:00,"Worst customer service experience ever from MockBrandA, rude agents and no resolution.",829.0,
1659,@MockBrandASupport,False,2019-07-18 12:30:00,Sorry for the trouble! Please try resetting your password from a private/incognito window - if it still fails DM us your registered email so we can look into your account.,,1658.0
2536,@MockBrandBCare,False,2019-04-10 12:30:00,"Sorry about that! Please clear your app cache and reinstall - if the issue continues, DM your account email.",,2535.0
2987,@MockBrandBCare,False,2019-04-26 12:30:00,Yes! You can export data from Settings > Data > Export CSV.,,2986.0
1043,cust_MockBrandA_568,True,2019-05-12 12:00:00,"Fourth time reporting this bug where order #13584 keeps failing, fix your platform!",1044.0,
514,cust_MockBrandA_281,True,2019-07-23 12:00:00,MockBrandA billed my credit card after I switched payment methods.,515.0,
25,cust_MockBrandA_12,True,2019-03-15 12:00:00,I have been transferred between 4 different agents and none of you are resolving my case.,26.0,
3146,@MockBrandBCare,False,2019-03-20 12:30:00,We're sorry this keeps happening. DM your case number so we can escalate internally.,,3145.0
243,@MockBrandASupport,False,2019-02-14 12:30:00,So sorry for the wait. Please DM your order number and we'll escalate the refund to our billing team right away.,,242.0
2355,cust_MockBrandA_1278,True,2019-05-10 12:00:00,"I demand to speak to a real human supervisor right now, your automated bots are useless!",2356.0,
321,cust_MockBrandA_176,True,2019-03-11 12:00:00,Why was I billed $20.99 when my plan is supposed to be $37.99?,322.0,
1248,@MockBrandASupport,False,2019-08-19 12:30:00,We're sorry about that. Please DM us your order number and the last 4 digits of the card used so we can investigate the duplicate charge.,,1247.0
2530,@MockBrandBCare,False,2019-06-11 12:30:00,We're aware of an iOS 17 issue - please try reinstalling the latest build. DM your device model if it persists.,,2529.0
499,@MockBrandASupport,False,2019-04-24 12:30:00,We're really sorry to hear that. Please DM your case/order number so a senior agent can personally follow up.,,498.0
2064,@MockBrandASupport,False,2019-08-16 12:30:00,Sorry for the trouble! Please try resetting your password from a private/incognito window - if it still fails DM us your registered email so we can look into your account.,,2063.0
1539,cust_MockBrandA_832,True,2019-01-12 12:00:00,Didn't receive the 2FA SMS verification code to log into my MockBrandA account.,1540.0,
2164,@MockBrandASupport,False,2019-05-17 12:30:00,We're sorry about that. Please DM us your order number and the last 4 digits of the card used so we can investigate the duplicate charge.,,2163.0
285,@MockBrandASupport,False,2019-03-28 12:30:00,So sorry for the wait. Please DM your order number and we'll escalate the refund to our billing team right away.,,284.0
10,@MockBrandASupport,False,2019-07-12 12:30:00,"Thanks for flagging this - please try updating to the latest app version, and DM us your device model if the crash continues.",,9.0
3175,cust_MockBrandB_375,True,2019-03-22 12:00:00,"MockBrandB auto-renewed my subscription without any warning email, want a refund.",3176.0,
2458,cust_MockBrandA_1333,True,2019-05-14 12:00:00,Where is my order #75797? Estimated delivery date was 4 days ago.,2459.0,
693,@MockBrandASupport,False,2019-08-16 12:30:00,"Thanks for flagging this - please try updating to the latest app version, and DM us your device model if the crash continues.",,692.0
2128,@MockBrandASupport,False,2019-02-12 12:30:00,So sorry for the wait. Please DM your order number and we'll escalate the refund to our billing team right away.,,2127.0
781,cust_MockBrandA_427,True,2019-04-14 12:00:00,"Cancel button is disabled in my account settings, please assist.",782.0,
559,cust_MockBrandA_307,True,2019-06-21 12:00:00,MockBrandA billed my credit card after I switched payment methods.,560.0,
1901,cust_MockBrandA_1027,True,2019-07-16 12:00:00,"Support promised my refund for #36607 in 3 days, it has been two weeks now.",1902.0,
391,@MockBrandASupport,False,2019-05-19 12:30:00,You can cancel anytime from Account > Subscription > Cancel. DM us if you don't see that option and we'll help directly.,,390.0
525,@MockBrandASupport,False,2019-06-16 12:30:00,"Thanks for flagging this - please try updating to the latest app version, and DM us your device model if the crash continues.",,524.0
372,cust_MockBrandA_204,True,2019-08-21 12:00:00,Search bar on MockBrandA website is broken and returns 0 results for everything.,373.0,
1261,@MockBrandASupport,False,2019-03-13 12:30:00,"Thanks for flagging this - please try updating to the latest app version, and DM us your device model if the crash continues.",,1260.0
454,@MockBrandASupport,False,2019-03-13 12:30:00,We're really sorry to hear that. Please DM your case/order number so a senior agent can personally follow up.,,453.0
1236,@MockBrandASupport,False,2019-05-11 12:30:00,Apologies for the delay! Please DM your order number and zip code so we can trace the package with the carrier.,,1235.0
2532,@MockBrandBCare,False,2019-01-21 12:30:00,Apologies for the surprise renewal. DM your order ID and we'll process a refund review.,,2531.0
1907,cust_MockBrandA_1030,True,2019-06-25 12:00:00,"Cancel button is disabled in my account settings, please assist.",1908.0,
2381,@MockBrandASupport,False,2019-06-16 12:30:00,Sorry for the trouble! Please try resetting your password from a private/incognito window - if it still fails DM us your registered email so we can look into your account.,,2380.0
2083,cust_MockBrandA_1128,True,2019-01-28 12:00:00,Saw an unexpected extra fee of $75.99 on my latest MockBrandA invoice.,2084.0,
1445,cust_MockBrandA_780,True,2019-09-25 12:00:00,"Can't log in to check on my order #40107, app just spins forever.",1446.0,
1777,@MockBrandASupport,False,2019-02-21 12:30:00,We're sorry about that. Please DM us your order number and the last 4 digits of the card used so we can investigate the duplicate charge.,,1776.0
2893,cust_MockBrandB_220,True,2019-04-17 12:00:00,"MockBrandB auto-renewed my subscription without any warning email, want a refund.",2894.0,
1146,cust_MockBrandA_622,True,2019-02-11 12:00:00,"Returned my package 10 days ago for order #24031, when will my refund be credited?",1147.0,
1677,cust_MockBrandA_905,True,2019-04-28 12:00:00,"Can I get a refund for MockBrandA order #32058, item arrived damaged.",1678.0,
3050,cust_MockBrandB_305,True,2019-09-17 12:00:00,"MockBrandB keeps logging me out every few minutes, super annoying.",3051.0,
2116,cust_MockBrandA_1145,True,2019-09-21 12:00:00,"MockBrandA charged me for a renewal after I already cancelled, and now the app won't even load.",2117.0,
2861,@MockBrandBCare,False,2019-09-10 12:30:00,We're aware of an iOS 17 issue - please try reinstalling the latest build. DM your device model if it persists.,,2860.0
3285,cust_MockBrandB_435,True,2019-08-22 12:00:00,"MockBrandB keeps logging me out every few minutes, super annoying.",3286.0,
1133,@MockBrandASupport,False,2019-06-24 12:30:00,We're sorry about that. Please DM us your order number and the last 4 digits of the card used so we can investigate the duplicate charge.,,1132.0
3139,cust_MockBrandB_355,True,2019-09-25 12:00:00,"MockBrandB keeps logging me out every few minutes, super annoying.",3140.0,
1836,@MockBrandASupport,False,2019-05-17 12:30:00,You can cancel anytime from Account > Subscription > Cancel. DM us if you don't see that option and we'll help directly.,,1835.0
3048,cust_MockBrandB_304,True,2019-06-22 12:00:00,"MockBrandB auto-renewed my subscription without any warning email, want a refund.",3049.0,
26,@MockBrandASupport,False,2019-07-12 12:30:00,We're really sorry to hear that. Please DM your case/order number so a senior agent can personally follow up.,,25.0
74,cust_MockBrandA_40,True,2019-01-10 12:00:00,Didn't receive the 2FA SMS verification code to log into my MockBrandA account.,75.0,
2816,cust_MockBrandB_178,True,2019-02-23 12:00:00,MockBrandB app won't load past the splash screen on iOS 17.,2817.0,
2156,@MockBrandASupport,False,2019-03-20 12:30:00,Apologies for the delay! Please DM your order number and zip code so we can trace the package with the carrier.,,2155.0
1302,@MockBrandASupport,False,2019-03-19 12:30:00,We're really sorry to hear that. Please DM your case/order number so a senior agent can personally follow up.,,1301.0
2050,@MockBrandASupport,False,2019-04-18 12:30:00,We're sorry about that. Please DM us your order number and the last 4 digits of the card used so we can investigate the duplicate charge.,,2049.0
487,@MockBrandASupport,False,2019-07-24 12:30:00,We're really sorry to hear that. Please DM your case/order number so a senior agent can personally follow up.,,486.0
1775,@MockBrandASupport,False,2019-07-23 12:30:00,"Thanks for flagging this - please try updating to the latest app version, and DM us your device model if the crash continues.",,1774.0
2418,cust_MockBrandA_1312,True,2019-06-13 12:00:00,MockBrandA website checkout is throwing a 500 error on step 3.,2419.0,
1446,cust_MockBrandA_781,True,2019-05-10 12:00:00,Need a full refund for order #87539 because the item sent was completely wrong.,1447.0,
3040,@MockBrandBCare,False,2019-01-21 12:30:00,"Sorry about that! Please clear your app cache and reinstall - if the issue continues, DM your account email.",,3039.0
1855,@MockBrandASupport,False,2019-08-13 12:30:00,"Thanks for flagging this - please try updating to the latest app version, and DM us your device model if the crash continues.",,1854.0
1234,@MockBrandASupport,False,2019-01-16 12:30:00,Apologies for the delay! Please DM your order number and zip code so we can trace the package with the carrier.,,1233.0
1169,cust_MockBrandA_634,True,2019-03-18 12:00:00,MockBrandA login button spins endlessly and never loads my profile.,1170.0,
534,cust_MockBrandA_292,True,2019-04-12 12:00:00,"I can't log into my MockBrandA account, it keeps saying invalid password even after reset.",535.0,
857,cust_MockBrandA_469,True,2019-09-25 12:00:00,Please cancel my order #48712 immediately before it ships out.,858.0,
2826,@MockBrandBCare,False,2019-06-27 12:30:00,Apologies for the surprise renewal. DM your order ID and we'll process a refund review.,,2825.0
737,@MockBrandASupport,False,2019-03-25 12:30:00,Sorry for the trouble! Please try resetting your password from a private/incognito window - if it still fails DM us your registered email so we can look into your account.,,736.0
1167,cust_MockBrandA_633,True,2019-09-27 12:00:00,The MockBrandA app crashes every time I open the payments tab.,1168.0,
2618,@MockBrandBCare,False,2019-08-15 12:30:00,Yes! You can export data from Settings > Data > Export CSV.,,2617.0
1645,cust_MockBrandA_888,True,2019-04-10 12:00:00,"Can I get a refund for MockBrandA order #61576, item arrived damaged.",1646.0,
2851,cust_MockBrandB_197,True,2019-02-21 12:00:00,Does MockBrandB support exporting my data to CSV?,2852.0,
993,@MockBrandASupport,False,2019-03-23 12:30:00,You can cancel anytime from Account > Subscription > Cancel. DM us if you don't see that option and we'll help directly.,,992.0
2236,@MockBrandASupport,False,2019-08-12 12:30:00,We're sorry about that. Please DM us your order number and the last 4 digits of the card used so we can investigate the duplicate charge.,,2235.0
286,cust_MockBrandA_157,True,2019-01-12 12:00:00,How do I cancel my MockBrandA subscription? Can't find the option anywhere.,287.0,
58,@MockBrandASupport,False,2019-01-20 12:30:00,We're sorry about that. Please DM us your order number and the last 4 digits of the card used so we can investigate the duplicate charge.,,57.0
649,@MockBrandASupport,False,2019-06-13 12:30:00,We're really sorry to hear that. Please DM your case/order number so a senior agent can personally follow up.,,648.0
1160,cust_MockBrandA_629,True,2019-09-20 12:00:00,"Someone hacked into my MockBrandA account and changed my password, please help me lock it down!",1161.0,
902,cust_MockBrandA_494,True,2019-09-19 12:00:00,"Cancel button is disabled in my account settings, please assist.",903.0,
27,cust_MockBrandA_13,True,2019-05-27 12:00:00,Search bar on MockBrandA website is broken and returns 0 results for everything.,28.0,
853,cust_MockBrandA_467,True,2019-02-26 12:00:00,"Tracking says delivery attempted for order #91631, but I was home all day.",854.0,
2501,@MockBrandBCare,False,2019-03-18 12:30:00,We're sorry this keeps happening. DM your case number so we can escalate internally.,,2500.0
1649,@MockBrandASupport,False,2019-06-15 12:30:00,You can cancel anytime from Account > Subscription > Cancel. DM us if you don't see that option and we'll help directly.,,1648.0
77,@MockBrandASupport,False,2019-02-14 12:30:00,So sorry for the wait. Please DM your order number and we'll escalate the refund to our billing team right away.,,76.0
207,cust_MockBrandA_114,True,2019-03-26 12:00:00,"If MockBrandA does not resolve this unauthorized charge of $73.99, I will pursue legal action with my lawyer.",208.0,
2486,@MockBrandASupport,False,2019-09-18 12:30:00,Sorry for the trouble! Please try resetting your password from a private/incognito window - if it still fails DM us your registered email so we can look into your account.,,2485.0
3150,@MockBrandBCare,False,2019-08-10 12:30:00,Yes! You can export data from Settings > Data > Export CSV.,,3149.0
2655,cust_MockBrandB_92,True,2019-01-27 12:00:00,"Still waiting on my MockBrandB order #76517, it's been 12 days.",2656.0,
1479,cust_MockBrandA_800,True,2019-03-19 12:00:00,"Cancel button is disabled in my account settings, please assist.",1480.0,
1275,@MockBrandASupport,False,2019-06-22 12:30:00,Apologies for the delay! Please DM your order number and zip code so we can trace the package with the carrier.,,1274.0
1721,@MockBrandASupport,False,2019-07-11 12:30:00,We're really sorry to hear that. Please DM your case/order number so a senior agent can personally follow up.,,1720.0
401,cust_MockBrandA_220,True,2019-05-15 12:00:00,Didn't receive the 2FA SMS verification code to log into my MockBrandA account.,402.0,
3222,cust_MockBrandB_403,True,2019-03-16 12:00:00,"MockBrandB auto-renewed my subscription without any warning email, want a refund.",3223.0,
1889,cust_MockBrandA_1020,True,2019-06-15 12:00:00,Courier delivered my package for order #69795 to the wrong street address.,1890.0,
1459,cust_MockBrandA_789,True,2019-06-11 12:00:00,"Your product arrived broken for order #37151, cancel my recurring contract immediately.",1460.0,
2,@MockBrandASupport,False,2019-02-27 12:30:00,We're really sorry to hear that. Please DM your case/order number so a senior agent can personally follow up.,,1.0
230,@MockBrandASupport,False,2019-03-13 12:30:00,Sorry for the trouble! Please try resetting your password from a private/incognito window - if it still fails DM us your registered email so we can look into your account.,,229.0
2334,cust_MockBrandA_1267,True,2019-01-14 12:00:00,"I can't log into my MockBrandA account, it keeps saying invalid password even after reset.",2335.0,
1852,cust_MockBrandA_1001,True,2019-06-18 12:00:00,"Worst customer service experience ever from MockBrandA, rude agents and no resolution.",1853.0,
577,@MockBrandASupport,False,2019-07-21 12:30:00,"Thanks for flagging this - please try updating to the latest app version, and DM us your device model if the crash continues.",,576.0
703,@MockBrandASupport,False,2019-06-22 12:30:00,We're really sorry to hear that. Please DM your case/order number so a senior agent can personally follow up.,,702.0
3118,cust_MockBrandB_343,True,2019-05-28 12:00:00,Does MockBrandB support exporting my data to CSV?,3119.0,
2465,@MockBrandASupport,False,2019-05-28 12:30:00,Apologies for the delay! Please DM your order number and zip code so we can trace the package with the carrier.,,2464.0
817,cust_MockBrandA_448,True,2019-03-26 12:00:00,"Package from MockBrandA has been 'in transit' for 9 days, tracking not updating.",818.0,
899,cust_MockBrandA_492,True,2019-02-22 12:00:00,"Can I get a refund for MockBrandA order #85832, item arrived damaged.",900.0,
1705,cust_MockBrandA_920,True,2019-03-22 12:00:00,"Locked out of my MockBrandA account for 2 days now, no reset email arriving.",1706.0,
1392,@MockBrandASupport,False,2019-06-22 12:30:00,We're really sorry to hear that. Please DM your case/order number so a senior agent can personally follow up.,,1391.0
2398,cust_MockBrandA_1301,True,2019-08-13 12:00:00,"Tracking says delivery attempted for order #32326, but I was home all day.",2399.0,
3148,@MockBrandBCare,False,2019-03-19 12:30:00,Sorry for the delay - DM your order number so we can chase this with our logistics partner.,,3147.0
1068,@MockBrandASupport,False,2019-03-25 12:30:00,Apologies for the delay! Please DM your order number and zip code so we can trace the package with the carrier.,,1067.0
124,@MockBrandASupport,False,2019-01-22 12:30:00,So sorry for the wait. Please DM your order number and we'll escalate the refund to our billing team right away.,,123.0
1620,cust_MockBrandA_874,True,2019-08-12 12:00:00,"MockBrandA charged me for a renewal after I already cancelled, and now the app won't even load.",1621.0,
2070,cust_MockBrandA_1121,True,2019-04-27 12:00:00,"MockBrandA charged me for a renewal after I already cancelled, and now the app won't even load.",2071.0,
2531,cust_MockBrandB_24,True,2019-01-17 12:00:00,"MockBrandB auto-renewed my subscription without any warning email, want a refund.",2532.0,
2807,cust_MockBrandB_173,True,2019-07-10 12:00:00,"Still waiting on my MockBrandB order #33426, it's been 12 days.",2808.0,
1330,@MockBrandASupport,False,2019-05-23 12:30:00,You can cancel anytime from Account > Subscription > Cancel. DM us if you don't see that option and we'll help directly.,,1329.0
3198,cust_MockBrandB_389,True,2019-07-15 12:00:00,Does MockBrandB support exporting my data to CSV?,3199.0,
2719,cust_MockBrandB_126,True,2019-09-22 12:00:00,"Still waiting on my MockBrandB order #75585, it's been 12 days.",2720.0,
3002,@MockBrandBCare,False,2019-06-23 12:30:00,We're aware of an iOS 17 issue - please try reinstalling the latest build. DM your device model if it persists.,,3001.0
2582,cust_MockBrandB_53,True,2019-06-27 12:00:00,"Still waiting on my MockBrandB order #43743, it's been 12 days.",2583.0,
3057,@MockBrandBCare,False,2019-09-19 12:30:00,"Sorry about that! Please clear your app cache and reinstall - if the issue continues, DM your account email.",,3056.0
732,cust_MockBrandA_400,True,2019-04-18 12:00:00,"Requested a refund on order #23124 a week ago, still nothing.",733.0,
868,cust_MockBrandA_476,True,2019-03-13 12:00:00,Search bar on MockBrandA website is broken and returns 0 results for everything.,869.0,
823,cust_MockBrandA_451,True,2019-09-15 12:00:00,"Waiting on hold for 2 hours for order #49347, absolutely unacceptable support.",824.0,
1831,@MockBrandASupport,False,2019-02-27 12:30:00,So sorry for the wait. Please DM your order number and we'll escalate the refund to our billing team right away.,,1830.0
1735,@MockBrandASupport,False,2019-08-19 12:30:00,We're sorry about that. Please DM us your order number and the last 4 digits of the card used so we can investigate the duplicate charge.,,1734.0
2114,cust_MockBrandA_1144,True,2019-07-13 12:00:00,"I can't log into my MockBrandA account, it keeps saying invalid password even after reset.",2115.0,
1542,@MockBrandASupport,False,2019-01-12 12:30:00,We're sorry about that. Please DM us your order number and the last 4 digits of the card used so we can investigate the duplicate charge.,,1541.0
1537,cust_MockBrandA_831,True,2019-04-13 12:00:00,"Locked out of my MockBrandA account for 2 days now, no reset email arriving.",1538.0,
2687,cust_MockBrandB_109,True,2019-08-18 12:00:00,"Third time contacting MockBrandB about the same bug, no fix yet.",2688.0,
2760,@MockBrandBCare,False,2019-05-16 12:30:00,Sorry for the delay - DM your order number so we can chase this with our logistics partner.,,2759.0
2281,cust_MockBrandA_1235,True,2019-04-12 12:00:00,MockBrandA login button spins endlessly and never loads my profile.,2282.0,
1287,cust_MockBrandA_695,True,2019-04-26 12:00:00,My MockBrandA order #58704 says delivered but I never received it.,1288.0,
2499,@MockBrandBCare,False,2019-02-15 12:30:00,Sorry for the delay - DM your order number so we can chase this with our logistics partner.,,2498.0
633,cust_MockBrandA_347,True,2019-05-23 12:00:00,How do I cancel my MockBrandA subscription? Can't find the option anywhere.,634.0,
3125,@MockBrandBCare,False,2019-01-11 12:30:00,Apologies for the surprise renewal. DM your order ID and we'll process a refund review.,,3124.0
856,@MockBrandASupport,False,2019-04-21 12:30:00,We're sorry about that. Please DM us your order number and the last 4 digits of the card used so we can investigate the duplicate charge.,,855.0
1040,@MockBrandASupport,False,2019-05-27 12:30:00,"Thanks for flagging this - please try updating to the latest app version, and DM us your device model if the crash continues.",,1039.0
445,cust_MockBrandA_245,True,2019-06-18 12:00:00,"Extremely disappointed with MockBrandA support response time, this is the 3rd time I've written in.",446.0,
2528,@MockBrandBCare,False,2019-02-28 12:30:00,Yes! You can export data from Settings > Data > Export CSV.,,2527.0
146,@MockBrandASupport,False,2019-06-15 12:30:00,Apologies for the delay! Please DM your order number and zip code so we can trace the package with the carrier.,,145.0
1041,cust_MockBrandA_567,True,2019-08-17 12:00:00,"Your product arrived broken for order #42786, cancel my recurring contract immediately.",1042.0,
1552,cust_MockBrandA_839,True,2019-05-27 12:00:00,I got charged a monthly renewal fee of $56.99 even though I paused my subscription.,1553.0,
3136,cust_MockBrandB_353,True,2019-06-15 12:00:00,MockBrandB app won't load past the splash screen on iOS 17.,3137.0,
2299,cust_MockBrandA_1246,True,2019-08-13 12:00:00,MockBrandA website checkout is throwing a 500 error on step 3.,2300.0,
292,cust_MockBrandA_160,True,2019-04-26 12:00:00,"Someone hacked into my MockBrandA account and changed my password, please help me lock it down!",293.0,
18,@MockBrandASupport,False,2019-06-11 12:30:00,Apologies for the delay! Please DM your order number and zip code so we can trace the package with the carrier.,,17.0
753,@MockBrandASupport,False,2019-05-16 12:30:00,"Thanks for flagging this - please try updating to the latest app version, and DM us your device model if the crash continues.",,752.0
142,@MockBrandASupport,False,2019-09-18 12:30:00,We're sorry about that. Please DM us your order number and the last 4 digits of the card used so we can investigate the duplicate charge.,,141.0
668,cust_MockBrandA_367,True,2019-07-22 12:00:00,"Waiting on hold for 2 hours for order #47550, absolutely unacceptable support.",669.0,
250,cust_MockBrandA_138,True,2019-02-21 12:00:00,"Cancel button is disabled in my account settings, please assist.",251.0,
371,cust_MockBrandA_203,True,2019-07-24 12:00:00,"Tracking says delivery attempted for order #26315, but I was home all day.",372.0,
334,@MockBrandASupport,False,2019-02-26 12:30:00,"Thanks for flagging this - please try updating to the latest app version, and DM us your device model if the crash continues.",,333.0
226,@MockBrandASupport,False,2019-05-10 12:30:00,We're really sorry to hear that. Please DM your case/order number so a senior agent can personally follow up.,,225.0
744,cust_MockBrandA_406,True,2019-03-15 12:00:00,Why was I billed $48.99 when my plan is supposed to be $25.99?,745.0,
2206,cust_MockBrandA_1193,True,2019-02-22 12:00:00,"Package from MockBrandA has been 'in transit' for 9 days, tracking not updating.",2207.0,
576,cust_MockBrandA_316,True,2019-04-20 12:00:00,The MockBrandA app crashes every time I open the payments tab.,577.0,
2546,cust_MockBrandB_32,True,2019-04-19 12:00:00,"MockBrandB keeps logging me out every few minutes, super annoying.",2547.0,
892,@MockBrandASupport,False,2019-07-13 12:30:00,We're sorry about that. Please DM us your order number and the last 4 digits of the card used so we can investigate the duplicate charge.,,891.0
179,cust_MockBrandA_98,True,2019-02-11 12:00:00,"Waiting on hold for 2 hours for order #80776, absolutely unacceptable support.",180.0,
1431,cust_MockBrandA_772,True,2019-07-18 12:00:00,"If MockBrandA does not resolve this unauthorized charge of $46.99, I will pursue legal action with my lawyer.",1432.0,
32,@MockBrandASupport,False,2019-03-21 12:30:00,So sorry for the wait. Please DM your order number and we'll escalate the refund to our billing team right away.,,31.0
428,cust_MockBrandA_235,True,2019-06-27 12:00:00,I got charged a monthly renewal fee of $60.99 even though I paused my subscription.,429.0,
469,@MockBrandASupport,False,2019-05-28 12:30:00,We're really sorry to hear that. Please DM your case/order number so a senior agent can personally follow up.,,468.0
121,cust_MockBrandA_65,True,2019-01-21 12:00:00,"Fourth time reporting this bug where order #12560 keeps failing, fix your platform!",122.0,
1631,cust_MockBrandA_881,True,2019-04-19 12:00:00,How do I cancel my MockBrandA subscription? Can't find the option anywhere.,1632.0,
3022,@MockBrandBCare,False,2019-05-20 12:30:00,Sorry for the delay - DM your order number so we can chase this with our logistics partner.,,3021.0
1331,cust_MockBrandA_717,True,2019-09-22 12:00:00,"Cannot apply discount codes at checkout on the MockBrandA app, getting an error.",1332.0,
1229,cust_MockBrandA_665,True,2019-07-11 12:00:00,The MockBrandA app crashes every time I open the payments tab.,1230.0,
2702,cust_MockBrandB_117,True,2019-08-10 12:00:00,"Third time contacting MockBrandB about the same bug, no fix yet.",2703.0,
686,cust_MockBrandA_376,True,2019-07-17 12:00:00,"Can I get a refund for MockBrandA order #14635, item arrived damaged.",687.0,
745,@MockBrandASupport,False,2019-07-25 12:30:00,We're sorry about that. Please DM us your order number and the last 4 digits of the card used so we can investigate the duplicate charge.,,744.0
574,@MockBrandASupport,False,2019-07-14 12:30:00,Sorry for the trouble! Please try resetting your password from a private/incognito window - if it still fails DM us your registered email so we can look into your account.,,573.0
578,cust_MockBrandA_317,True,2019-09-15 12:00:00,Saw an unexpected extra fee of $35.99 on my latest MockBrandA invoice.,579.0,
2896,@MockBrandBCare,False,2019-08-12 12:30:00,"Sorry about that! Please clear your app cache and reinstall - if the issue continues, DM your account email.",,2895.0
722,@MockBrandASupport,False,2019-03-18 12:30:00,We're really sorry to hear that. Please DM your case/order number so a senior agent can personally follow up.,,721.0
2471,@MockBrandASupport,False,2019-05-17 12:30:00,Sorry for the trouble! Please try resetting your password from a private/incognito window - if it still fails DM us your registered email so we can look into your account.,,2470.0
2872,cust_MockBrandB_208,True,2019-04-21 12:00:00,"MockBrandB auto-renewed my subscription without any warning email, want a refund.",2873.0,
229,cust_MockBrandA_127,True,2019-04-18 12:00:00,"Someone hacked into my MockBrandA account and changed my password, please help me lock it down!",230.0,
1258,cust_MockBrandA_680,True,2019-06-11 12:00:00,Where is my order #90096? Estimated delivery date was 4 days ago.,1259.0,
1214,@MockBrandASupport,False,2019-03-16 12:30:00,You can cancel anytime from Account > Subscription > Cancel. DM us if you don't see that option and we'll help directly.,,1213.0
2995,cust_MockBrandB_275,True,2019-03-22 12:00:00,"MockBrandB keeps logging me out every few minutes, super annoying.",2996.0,
1071,cust_MockBrandA_583,True,2019-02-15 12:00:00,Courier delivered my package for order #42895 to the wrong street address.,1072.0,
1774,cust_MockBrandA_957,True,2019-08-13 12:00:00,The MockBrandA app crashes every time I open the payments tab.,1775.0,
2819,@MockBrandBCare,False,2019-07-18 12:30:00,Apologies for the surprise renewal. DM your order ID and we'll process a refund review.,,2818.0
2511,cust_MockBrandB_13,True,2019-08-22 12:00:00,"MockBrandB auto-renewed my subscription without any warning email, want a refund.",2512.0,
869,@MockBrandASupport,False,2019-01-15 12:30:00,"Thanks for flagging this - please try updating to the latest app version, and DM us your device model if the crash continues.",,868.0
2476,@MockBrandASupport,False,2019-05-28 12:30:00,Sorry for the trouble! Please try resetting your password from a private/incognito window - if it still fails DM us your registered email so we can look into your account.,,2475.0
3223,@MockBrandBCare,False,2019-09-28 12:30:00,Apologies for the surprise renewal. DM your order ID and we'll process a refund review.,,3222.0
106,@MockBrandASupport,False,2019-04-22 12:30:00,Sorry for the trouble! Please try resetting your password from a private/incognito window - if it still fails DM us your registered email so we can look into your account.,,105.0
669,@MockBrandASupport,False,2019-09-27 12:30:00,We're really sorry to hear that. Please DM your case/order number so a senior agent can personally follow up.,,668.0
339,cust_MockBrandA_185,True,2019-09-17 12:00:00,"I noticed fraudulent unauthorized charges from MockBrandA on my card, my account was compromised!",340.0,
2111,@MockBrandASupport,False,2019-07-12 12:30:00,Apologies for the delay! Please DM your order number and zip code so we can trace the package with the carrier.,,2110.0
1060,@MockBrandASupport,False,2019-07-28 12:30:00,We're sorry about that. Please DM us your order number and the last 4 digits of the card used so we can investigate the duplicate charge.,,1059.0
2003,@MockBrandASupport,False,2019-04-14 12:30:00,Apologies for the delay! Please DM your order number and zip code so we can trace the package with the carrier.,,2002.0
2979,cust_MockBrandB_266,True,2019-01-27 12:00:00,MockBrandB app won't load past the splash screen on iOS 17.,2980.0,
3274,@MockBrandBCare,False,2019-08-20 12:30:00,"Sorry about that! Please clear your app cache and reinstall - if the issue continues, DM your account email.",,3273.0
2124,@MockBrandASupport,False,2019-07-24 12:30:00,You can cancel anytime from Account > Subscription > Cancel. DM us if you don't see that option and we'll help directly.,,2123.0
2977,cust_MockBrandB_265,True,2019-06-10 12:00:00,MockBrandB app won't load past the splash screen on iOS 17.,2978.0,
1354,@MockBrandASupport,False,2019-05-28 12:30:00,You can cancel anytime from Account > Subscription > Cancel. DM us if you don't see that option and we'll help directly.,,1353.0
1443,cust_MockBrandA_779,True,2019-05-15 12:00:00,Please cancel my order #32439 immediately before it ships out.,1444.0,
3254,cust_MockBrandB_419,True,2019-08-12 12:00:00,"Still waiting on my MockBrandB order #58936, it's been 12 days.",3255.0,
3121,cust_MockBrandB_345,True,2019-01-23 12:00:00,MockBrandB app won't load past the splash screen on iOS 17.,3122.0,
2404,cust_MockBrandA_1304,True,2019-02-12 12:00:00,"Can't log in to check on my order #41768, app just spins forever.",2405.0,
911,@MockBrandASupport,False,2019-05-16 12:30:00,So sorry for the wait. Please DM your order number and we'll escalate the refund to our billing team right away.,,910.0
620,@MockBrandASupport,False,2019-09-19 12:30:00,So sorry for the wait. Please DM your order number and we'll escalate the refund to our billing team right away.,,619.0
866,cust_MockBrandA_475,True,2019-02-22 12:00:00,"MockBrandA charged me twice for the same order #58840, need this fixed.",867.0,
304,@MockBrandASupport,False,2019-02-17 12:30:00,So sorry for the wait. Please DM your order number and we'll escalate the refund to our billing team right away.,,303.0
1798,cust_MockBrandA_969,True,2019-09-28 12:00:00,"If MockBrandA does not resolve this unauthorized charge of $20.99, I will pursue legal action with my lawyer.",1799.0,
822,@MockBrandASupport,False,2019-08-21 12:30:00,"Thanks for flagging this - please try updating to the latest app version, and DM us your device model if the crash continues.",,821.0
1724,cust_MockBrandA_930,True,2019-09-28 12:00:00,MockBrandA login button spins endlessly and never loads my profile.,1725.0,
1559,cust_MockBrandA_843,True,2019-03-22 12:00:00,"MockBrandA charged me for a renewal after I already cancelled, and now the app won't even load.",1560.0,
1300,@MockBrandASupport,False,2019-01-27 12:30:00,You can cancel anytime from Account > Subscription > Cancel. DM us if you don't see that option and we'll help directly.,,1299.0
2515,cust_MockBrandB_15,True,2019-01-13 12:00:00,Does MockBrandB support exporting my data to CSV?,2516.0,
587,@MockBrandASupport,False,2019-01-28 12:30:00,Sorry for the trouble! Please try resetting your password from a private/incognito window - if it still fails DM us your registered email so we can look into your account.,,586.0
613,@MockBrandASupport,False,2019-09-15 12:30:00,You can cancel anytime from Account > Subscription > Cancel. DM us if you don't see that option and we'll help directly.,,612.0
3243,@MockBrandBCare,False,2019-03-18 12:30:00,Apologies for the surprise renewal. DM your order ID and we'll process a refund review.,,3242.0
2773,cust_MockBrandB_154,True,2019-09-15 12:00:00,Does MockBrandB support exporting my data to CSV?,2774.0,
2348,cust_MockBrandA_1274,True,2019-02-14 12:00:00,Search bar on MockBrandA website is broken and returns 0 results for everything.,2349.0,
2523,cust_MockBrandB_19,True,2019-04-11 12:00:00,"Still waiting on my MockBrandB order #23226, it's been 12 days.",2524.0,
464,cust_MockBrandA_255,True,2019-02-20 12:00:00,Where is my order #14910? Estimated delivery date was 4 days ago.,465.0,
3131,@MockBrandBCare,False,2019-07-23 12:30:00,We're aware of an iOS 17 issue - please try reinstalling the latest build. DM your device model if it persists.,,3130.0
2367,@MockBrandASupport,False,2019-08-23 12:30:00,You can cancel anytime from Account > Subscription > Cancel. DM us if you don't see that option and we'll help directly.,,2366.0
588,cust_MockBrandA_322,True,2019-07-13 12:00:00,"If MockBrandA does not resolve this unauthorized charge of $61.99, I will pursue legal action with my lawyer.",589.0,
3070,@MockBrandBCare,False,2019-06-17 12:30:00,We're aware of an iOS 17 issue - please try reinstalling the latest build. DM your device model if it persists.,,3069.0
1599,cust_MockBrandA_863,True,2019-06-12 12:00:00,"MockBrandA charged me for a renewal after I already cancelled, and now the app won't even load.",1600.0,
2071,@MockBrandASupport,False,2019-03-20 12:30:00,We're sorry about that. Please DM us your order number and the last 4 digits of the card used so we can investigate the duplicate charge.,,2070.0
2008,@MockBrandASupport,False,2019-06-26 12:30:00,We're sorry about that. Please DM us your order number and the last 4 digits of the card used so we can investigate the duplicate charge.,,2007.0
579,@MockBrandASupport,False,2019-09-10 12:30:00,We're sorry about that. Please DM us your order number and the last 4 digits of the card used so we can investigate the duplicate charge.,,578.0
2130,@MockBrandASupport,False,2019-09-25 12:30:00,Apologies for the delay! Please DM your order number and zip code so we can trace the package with the carrier.,,2129.0
520,cust_MockBrandA_284,True,2019-01-16 12:00:00,"Worst customer service experience ever from MockBrandA, rude agents and no resolution.",521.0,
49,@MockBrandASupport,False,2019-02-17 12:30:00,Sorry for the trouble! Please try resetting your password from a private/incognito window - if it still fails DM us your registered email so we can look into your account.,,48.0
2161,cust_MockBrandA_1169,True,2019-05-19 12:00:00,"Someone hacked into my MockBrandA account and changed my password, please help me lock it down!",2162.0,
748,cust_MockBrandA_408,True,2019-01-28 12:00:00,Courier delivered my package for order #48602 to the wrong street address.,749.0,
3105,cust_MockBrandB_336,True,2019-06-24 12:00:00,MockBrandB app won't load past the splash screen on iOS 17.,3106.0,
1619,@MockBrandASupport,False,2019-09-13 12:30:00,You can cancel anytime from Account > Subscription > Cancel. DM us if you don't see that option and we'll help directly.,,1618.0
915,cust_MockBrandA_501,True,2019-01-10 12:00:00,Search bar on MockBrandA website is broken and returns 0 results for everything.,916.0,
3239,@MockBrandBCare,False,2019-07-23 12:30:00,We're aware of an iOS 17 issue - please try reinstalling the latest build. DM your device model if it persists.,,3238.0
3038,@MockBrandBCare,False,2019-02-28 12:30:00,We're sorry this keeps happening. DM your case number so we can escalate internally.,,3037.0
1196,cust_MockBrandA_648,True,2019-04-27 12:00:00,"Cancel button is disabled in my account settings, please assist.",1197.0,
2686,@MockBrandBCare,False,2019-08-26 12:30:00,Yes! You can export data from Settings > Data > Export CSV.,,2685.0
3231,@MockBrandBCare,False,2019-08-10 12:30:00,"Sorry about that! Please clear your app cache and reinstall - if the issue continues, DM your account email.",,3230.0
240,@MockBrandASupport,False,2019-06-13 12:30:00,Apologies for the delay! Please DM your order number and zip code so we can trace the package with the carrier.,,239.0
1838,cust_MockBrandA_993,True,2019-07-13 12:00:00,"Someone hacked into my MockBrandA account and changed my password, please help me lock it down!",1839.0,
2743,@MockBrandBCare,False,2019-05-16 12:30:00,Apologies for the surprise renewal. DM your order ID and we'll process a refund review.,,2742.0
767,cust_MockBrandA_418,True,2019-01-21 12:00:00,"Your product arrived broken for order #82045, cancel my recurring contract immediately.",768.0,
140,@MockBrandASupport,False,2019-07-25 12:30:00,So sorry for the wait. Please DM your order number and we'll escalate the refund to our billing team right away.,,139.0
1861,@MockBrandASupport,False,2019-01-24 12:30:00,Sorry for the trouble! Please try resetting your password from a private/incognito window - if it still fails DM us your registered email so we can look into your account.,,1860.0
2606,cust_MockBrandB_65,True,2019-09-14 12:00:00,"MockBrandB keeps logging me out every few minutes, super annoying.",2607.0,
2763,cust_MockBrandB_149,True,2019-01-20 12:00:00,"Still waiting on my MockBrandB order #58795, it's been 12 days.",2764.0,
2027,@MockBrandASupport,False,2019-07-13 12:30:00,You can cancel anytime from Account > Subscription > Cancel. DM us if you don't see that option and we'll help directly.,,2026.0
1780,cust_MockBrandA_960,True,2019-09-14 12:00:00,I have been transferred between 4 different agents and none of you are resolving my case.,1781.0,
1389,cust_MockBrandA_750,True,2019-02-28 12:00:00,"Package from MockBrandA has been 'in transit' for 9 days, tracking not updating.",1390.0,
3034,@MockBrandBCare,False,2019-04-28 12:30:00,"Sorry about that! Please clear your app cache and reinstall - if the issue continues, DM your account email.",,3033.0
930,@MockBrandASupport,False,2019-09-25 12:30:00,So sorry for the wait. Please DM your order number and we'll escalate the refund to our billing team right away.,,929.0
3138,@MockBrandBCare,False,2019-05-13 12:30:00,Sorry for the delay - DM your order number so we can chase this with our logistics partner.,,3137.0
2929,cust_MockBrandB_239,True,2019-06-23 12:00:00,"MockBrandB keeps logging me out every few minutes, super annoying.",2930.0,
1108,cust_MockBrandA_602,True,2019-04-12 12:00:00,"If MockBrandA does not resolve this unauthorized charge of $44.99, I will pursue legal action with my lawyer.",1109.0,
1463,cust_MockBrandA_791,True,2019-04-27 12:00:00,"Can't log in to check on my order #36832, app just spins forever.",1464.0,
3292,@MockBrandBCare,False,2019-06-22 12:30:00,"Sorry about that! Please clear your app cache and reinstall - if the issue continues, DM your account email.",,3291.0
3213,cust_MockBrandB_398,True,2019-01-20 12:00:00,"MockBrandB auto-renewed my subscription without any warning email, want a refund.",3214.0,
119,cust_MockBrandA_64,True,2019-08-23 12:00:00,Please cancel my order #63424 immediately before it ships out.,120.0,
1022,@MockBrandASupport,False,2019-07-20 12:30:00,We're sorry about that. Please DM us your order number and the last 4 digits of the card used so we can investigate the duplicate charge.,,1021.0
1128,cust_MockBrandA_612,True,2019-08-14 12:00:00,My MockBrandA order #11170 says delivered but I never received it.,1129.0,
1602,@MockBrandASupport,False,2019-09-24 12:30:00,Apologies for the delay! Please DM your order number and zip code so we can trace the package with the carrier.,,1601.0
864,cust_MockBrandA_474,True,2019-03-20 12:00:00,MockBrandA login button spins endlessly and never loads my profile.,865.0,
216,@MockBrandASupport,False,2019-01-19 12:30:00,We're really sorry to hear that. Please DM your case/order number so a senior agent can personally follow up.,,215.0
637,cust_MockBrandA_350,True,2019-04-25 12:00:00,"Order #62129 never arrived and support keeps closing my ticket without a refund, 3rd time asking.",638.0,
1764,cust_MockBrandA_951,True,2019-03-26 12:00:00,MockBrandA login button spins endlessly and never loads my profile.,1765.0,
889,cust_MockBrandA_487,True,2019-04-10 12:00:00,"Cancel button is disabled in my account settings, please assist.",890.0,
3267,cust_MockBrandB_426,True,2019-06-27 12:00:00,"MockBrandB auto-renewed my subscription without any warning email, want a refund.",3268.0,
2572,cust_MockBrandB_47,True,2019-03-24 12:00:00,"MockBrandB keeps logging me out every few minutes, super annoying.",2573.0,
2613,@MockBrandBCare,False,2019-02-20 12:30:00,We're aware of an iOS 17 issue - please try reinstalling the latest build. DM your device model if it persists.,,2612.0
2797,@MockBrandBCare,False,2019-07-23 12:30:00,Sorry for the delay - DM your order number so we can chase this with our logistics partner.,,2796.0
1034,@MockBrandASupport,False,2019-09-10 12:30:00,We're sorry about that. Please DM us your order number and the last 4 digits of the card used so we can investigate the duplicate charge.,,1033.0
2253,@MockBrandASupport,False,2019-07-14 12:30:00,We're sorry about that. Please DM us your order number and the last 4 digits of the card used so we can investigate the duplicate charge.,,2252.0
586,cust_MockBrandA_321,True,2019-04-21 12:00:00,"Someone hacked into my MockBrandA account and changed my password, please help me lock it down!",587.0,
2173,@MockBrandASupport,False,2019-06-23 12:30:00,We're really sorry to hear that. Please DM your case/order number so a senior agent can personally follow up.,,2172.0
188,cust_MockBrandA_104,True,2019-09-10 12:00:00,"Package from MockBrandA has been 'in transit' for 9 days, tracking not updating.",189.0,
2741,@MockBrandBCare,False,2019-01-12 12:30:00,Yes! You can export data from Settings > Data > Export CSV.,,2740.0
1435,cust_MockBrandA_774,True,2019-04-20 12:00:00,My MockBrandA order #68303 says delivered but I never received it.,1436.0,
2146,@MockBrandASupport,False,2019-08-16 12:30:00,Sorry for the trouble! Please try resetting your password from a private/incognito window - if it still fails DM us your registered email so we can look into your account.,,2145.0
1876,cust_MockBrandA_1013,True,2019-05-23 12:00:00,"Someone hacked into my MockBrandA account and changed my password, please help me lock it down!",1877.0,
365,cust_MockBrandA_200,True,2019-08-15 12:00:00,"If MockBrandA does not resolve this unauthorized charge of $69.99, I will pursue legal action with my lawyer.",366.0,
3102,cust_MockBrandB_334,True,2019-01-27 12:00:00,Does MockBrandB support exporting my data to CSV?,3103.0,
261,@MockBrandASupport,False,2019-09-13 12:30:00,"Thanks for flagging this - please try updating to the latest app version, and DM us your device model if the crash continues.",,260.0
2795,@MockBrandBCare,False,2019-01-15 12:30:00,"Sorry about that! Please clear your app cache and reinstall - if the issue continues, DM your account email.",,2794.0
3230,cust_MockBrandB_407,True,2019-01-23 12:00:00,"MockBrandB keeps logging me out every few minutes, super annoying.",3231.0,
103,cust_MockBrandA_56,True,2019-04-19 12:00:00,"I demand to speak to a real human supervisor right now, your automated bots are useless!",104.0,
2344,cust_MockBrandA_1272,True,2019-07-10 12:00:00,MockBrandA billed my credit card after I switched payment methods.,2345.0,
2889,cust_MockBrandB_218,True,2019-04-18 12:00:00,"MockBrandB keeps logging me out every few minutes, super annoying.",2890.0,
1909,cust_MockBrandA_1031,True,2019-02-21 12:00:00,"Can I get a refund for MockBrandA order #67892, item arrived damaged.",1910.0,
2852,@MockBrandBCare,False,2019-07-27 12:30:00,Yes! You can export data from Settings > Data > Export CSV.,,2851.0
702,cust_MockBrandA_384,True,2019-03-17 12:00:00,"Fourth time reporting this bug where order #84425 keeps failing, fix your platform!",703.0,
2738,cust_MockBrandB_136,True,2019-01-20 12:00:00,"MockBrandB keeps logging me out every few minutes, super annoying.",2739.0,
3080,@MockBrandBCare,False,2019-08-23 12:30:00,We're sorry this keeps happening. DM your case number so we can escalate internally.,,3079.0
799,cust_MockBrandA_438,True,2019-01-17 12:00:00,"Locked out of my MockBrandA account for 2 days now, no reset email arriving.",800.0,
2326,@MockBrandASupport,False,2019-07-13 12:30:00,We're sorry about that. Please DM us your order number and the last 4 digits of the card used so we can investigate the duplicate charge.,,2325.0
2170,cust_MockBrandA_1174,True,2019-04-17 12:00:00,Search bar on MockBrandA website is broken and returns 0 results for everything.,2171.0,
1770,cust_MockBrandA_955,True,2019-06-17 12:00:00,Courier delivered my package for order #85030 to the wrong street address.,1771.0,
1015,@MockBrandASupport,False,2019-03-23 12:30:00,"Thanks for flagging this - please try updating to the latest app version, and DM us your device model if the crash continues.",,1014.0
370,@MockBrandASupport,False,2019-01-20 12:30:00,You can cancel anytime from Account > Subscription > Cancel. DM us if you don't see that option and we'll help directly.,,369.0
2304,cust_MockBrandA_1249,True,2019-03-12 12:00:00,Want to cancel my auto-renew membership with MockBrandA.,2305.0,
879,cust_MockBrandA_482,True,2019-06-18 12:00:00,Why does the MockBrandA app keep logging me out every 5 minutes?,880.0,
57,cust_MockBrandA_30,True,2019-01-28 12:00:00,MockBrandA billed my credit card after I switched payment methods.,58.0,
198,cust_MockBrandA_109,True,2019-03-22 12:00:00,"Worst customer service experience ever from MockBrandA, rude agents and no resolution.",199.0,
2554,cust_MockBrandB_37,True,2019-04-13 12:00:00,Does MockBrandB support exporting my data to CSV?,2555.0,
19,cust_MockBrandA_9,True,2019-05-12 12:00:00,"Support promised my refund for #14207 in 3 days, it has been two weeks now.",20.0,
2914,@MockBrandBCare,False,2019-09-25 12:30:00,Apologies for the surprise renewal. DM your order ID and we'll process a refund review.,,2913.0
1049,cust_MockBrandA_571,True,2019-05-15 12:00:00,The MockBrandA app crashes every time I open the payments tab.,1050.0,
120,@MockBrandASupport,False,2019-07-22 12:30:00,You can cancel anytime from Account > Subscription > Cancel. DM us if you don't see that option and we'll help directly.,,119.0
2313,cust_MockBrandA_1254,True,2019-03-25 12:00:00,The MockBrandA app crashes every time I open the payments tab.,2314.0,
2588,cust_MockBrandB_56,True,2019-05-10 12:00:00,"Still waiting on my MockBrandB order #63495, it's been 12 days.",2589.0,
959,cust_MockBrandA_523,True,2019-05-12 12:00:00,"Extremely disappointed with MockBrandA support response time, this is the 3rd time I've written in.",960.0,
48,cust_MockBrandA_25,True,2019-07-20 12:00:00,Didn't receive the 2FA SMS verification code to log into my MockBrandA account.,49.0,
446,@MockBrandASupport,False,2019-04-17 12:30:00,We're really sorry to hear that. Please DM your case/order number so a senior agent can personally follow up.,,445.0
1029,cust_MockBrandA_561,True,2019-04-11 12:00:00,"Returned my package 10 days ago for order #96099, when will my refund be credited?",1030.0,
1279,cust_MockBrandA_691,True,2019-01-26 12:00:00,"Order #53923 never arrived and support keeps closing my ticket without a refund, 3rd time asking.",1280.0,
2540,@MockBrandBCare,False,2019-08-13 12:30:00,We're aware of an iOS 17 issue - please try reinstalling the latest build. DM your device model if it persists.,,2539.0
3029,cust_MockBrandB_293,True,2019-06-17 12:00:00,"MockBrandB auto-renewed my subscription without any warning email, want a refund.",3030.0,
2190,cust_MockBrandA_1184,True,2019-03-19 12:00:00,"Requested a refund on order #88532 a week ago, still nothing.",2191.0,
22,@MockBrandASupport,False,2019-04-27 12:30:00,We're sorry about that. Please DM us your order number and the last 4 digits of the card used so we can investigate the duplicate charge.,,21.0
1753,@MockBrandASupport,False,2019-03-23 12:30:00,"Thanks for flagging this - please try updating to the latest app version, and DM us your device model if the crash continues.",,1752.0
376,@MockBrandASupport,False,2019-07-15 12:30:00,Apologies for the delay! Please DM your order number and zip code so we can trace the package with the carrier.,,375.0
1178,cust_MockBrandA_639,True,2019-09-17 12:00:00,"Order #84044 never arrived and support keeps closing my ticket without a refund, 3rd time asking.",1179.0,
2443,@MockBrandASupport,False,2019-07-17 12:30:00,Sorry for the trouble! Please try resetting your password from a private/incognito window - if it still fails DM us your registered email so we can look into your account.,,2442.0
1833,cust_MockBrandA_990,True,2019-03-10 12:00:00,Search bar on MockBrandA website is broken and returns 0 results for everything.,1834.0,
1846,cust_MockBrandA_998,True,2019-04-11 12:00:00,I have been transferred between 4 different agents and none of you are resolving my case.,1847.0,
2379,@MockBrandASupport,False,2019-09-18 12:30:00,"Thanks for flagging this - please try updating to the latest app version, and DM us your device model if the crash continues.",,2378.0
1468,@MockBrandASupport,False,2019-02-25 12:30:00,Sorry for the trouble! Please try resetting your password from a private/incognito window - if it still fails DM us your registered email so we can look into your account.,,1467.0
1519,cust_MockBrandA_822,True,2019-05-21 12:00:00,I got charged a monthly renewal fee of $30.99 even though I paused my subscription.,1520.0,
1374,cust_MockBrandA_742,True,2019-01-12 12:00:00,"Can I get a refund for MockBrandA order #51060, item arrived damaged.",1375.0,
764,@MockBrandASupport,False,2019-04-23 12:30:00,So sorry for the wait. Please DM your order number and we'll escalate the refund to our billing team right away.,,763.0
2899,cust_MockBrandB_223,True,2019-04-28 12:00:00,MockBrandB app won't load past the splash screen on iOS 17.,2900.0,
1827,cust_MockBrandA_986,True,2019-06-20 12:00:00,"Cancel button is disabled in my account settings, please assist.",1828.0,
262,cust_MockBrandA_144,True,2019-09-28 12:00:00,Why does the MockBrandA app keep logging me out every 5 minutes?,263.0,
2565,cust_MockBrandB_43,True,2019-07-19 12:00:00,"Third time contacting MockBrandB about the same bug, no fix yet.",2566.0,
818,@MockBrandASupport,False,2019-01-22 12:30:00,Apologies for the delay! Please DM your order number and zip code so we can trace the package with the carrier.,,817.0
1296,@MockBrandASupport,False,2019-05-10 12:30:00,Sorry for the trouble! Please try resetting your password from a private/incognito window - if it still fails DM us your registered email so we can look into your account.,,1295.0
346,cust_MockBrandA_189,True,2019-04-24 12:00:00,"Waiting on hold for 2 hours for order #29313, absolutely unacceptable support.",347.0,
1793,@MockBrandASupport,False,2019-08-24 12:30:00,You can cancel anytime from Account > Subscription > Cancel. DM us if you don't see that option and we'll help directly.,,1792.0
2042,@MockBrandASupport,False,2019-02-21 12:30:00,"Thanks for flagging this - please try updating to the latest app version, and DM us your device model if the crash continues.",,2041.0
1278,cust_MockBrandA_690,True,2019-03-24 12:00:00,MockBrandA login button spins endlessly and never loads my profile.,1279.0,
1810,@MockBrandASupport,False,2019-07-20 12:30:00,So sorry for the wait. Please DM your order number and we'll escalate the refund to our billing team right away.,,1809.0
76,cust_MockBrandA_41,True,2019-07-27 12:00:00,"Requested a refund on order #67912 a week ago, still nothing.",77.0,
1195,@MockBrandASupport,False,2019-02-19 12:30:00,Sorry for the trouble! Please try resetting your password from a private/incognito window - if it still fails DM us your registered email so we can look into your account.,,1194.0
978,cust_MockBrandA_534,True,2019-04-25 12:00:00,MockBrandA billed my credit card after I switched payment methods.,979.0,
617,cust_MockBrandA_338,True,2019-08-23 12:00:00,"Waiting on hold for 2 hours for order #95599, absolutely unacceptable support.",618.0,
2610,cust_MockBrandB_67,True,2019-03-12 12:00:00,"MockBrandB auto-renewed my subscription without any warning email, want a refund.",2611.0,
221,@MockBrandASupport,False,2019-01-24 12:30:00,We're sorry about that. Please DM us your order number and the last 4 digits of the card used so we can investigate the duplicate charge.,,220.0
1728,cust_MockBrandA_932,True,2019-07-10 12:00:00,Saw an unexpected extra fee of $54.99 on my latest MockBrandA invoice.,1729.0,
3298,@MockBrandBCare,False,2019-09-10 12:30:00,Sorry for the delay - DM your order number so we can chase this with our logistics partner.,,3297.0
1192,cust_MockBrandA_646,True,2019-06-14 12:00:00,"Cancel button is disabled in my account settings, please assist.",1193.0,
1297,cust_MockBrandA_700,True,2019-04-16 12:00:00,"Your product arrived broken for order #50913, cancel my recurring contract immediately.",1298.0,
1480,@MockBrandASupport,False,2019-05-17 12:30:00,You can cancel anytime from Account > Subscription > Cancel. DM us if you don't see that option and we'll help directly.,,1479.0
1051,@MockBrandASupport,False,2019-04-17 12:30:00,So sorry for the wait. Please DM your order number and we'll escalate the refund to our billing team right away.,,1050.0
143,cust_MockBrandA_78,True,2019-07-28 12:00:00,"I noticed fraudulent unauthorized charges from MockBrandA on my card, my account was compromised!",144.0,
1991,cust_MockBrandA_1077,True,2019-09-16 12:00:00,I got charged a monthly renewal fee of $32.99 even though I paused my subscription.,1992.0,
3083,cust_MockBrandB_323,True,2019-03-27 12:00:00,"MockBrandB auto-renewed my subscription without any warning email, want a refund.",3084.0,
352,@MockBrandASupport,False,2019-04-14 12:30:00,We're sorry about that. Please DM us your order number and the last 4 digits of the card used so we can investigate the duplicate charge.,,351.0
1603,cust_MockBrandA_865,True,2019-09-15 12:00:00,"Can't log in to check on my order #33671, app just spins forever.",1604.0,
2300,@MockBrandASupport,False,2019-01-27 12:30:00,"Thanks for flagging this - please try updating to the latest app version, and DM us your device model if the crash continues.",,2299.0
407,cust_MockBrandA_223,True,2019-05-16 12:00:00,MockBrandA login button spins endlessly and never loads my profile.,408.0,
1216,@MockBrandASupport,False,2019-09-14 12:30:00,We're sorry about that. Please DM us your order number and the last 4 digits of the card used so we can investigate the duplicate charge.,,1215.0
990,cust_MockBrandA_540,True,2019-03-15 12:00:00,"If MockBrandA does not resolve this unauthorized charge of $37.99, I will pursue legal action with my lawyer.",991.0,
300,cust_MockBrandA_164,True,2019-08-12 12:00:00,How do I cancel my MockBrandA subscription? Can't find the option anywhere.,301.0,
1455,cust_MockBrandA_786,True,2019-08-14 12:00:00,"Extremely disappointed with MockBrandA support response time, this is the 3rd time I've written in.",1456.0,
965,cust_MockBrandA_526,True,2019-04-17 12:00:00,Want to cancel my auto-renew membership with MockBrandA.,966.0,
3114,cust_MockBrandB_341,True,2019-07-12 12:00:00,"Third time contacting MockBrandB about the same bug, no fix yet.",3115.0,
2594,cust_MockBrandB_59,True,2019-09-23 12:00:00,"MockBrandB auto-renewed my subscription without any warning email, want a refund.",2595.0,
2459,cust_MockBrandA_1334,True,2019-04-11 12:00:00,"Returned my package 10 days ago for order #66629, when will my refund be credited?",2460.0,
2125,cust_MockBrandA_1150,True,2019-09-19 12:00:00,"Can I get a refund for MockBrandA order #67535, item arrived damaged.",2126.0,
1507,@MockBrandASupport,False,2019-09-24 12:30:00,We're really sorry to hear that. Please DM your case/order number so a senior agent can personally follow up.,,1506.0
1511,@MockBrandASupport,False,2019-01-14 12:30:00,We're really sorry to hear that. Please DM your case/order number so a senior agent can personally follow up.,,1510.0
73,cust_MockBrandA_39,True,2019-08-18 12:00:00,MockBrandA website checkout is throwing a 500 error on step 3.,74.0,
619,cust_MockBrandA_339,True,2019-05-11 12:00:00,"Requested a refund on order #20835 a week ago, still nothing.",620.0,
1870,cust_MockBrandA_1010,True,2019-09-14 12:00:00,"If MockBrandA does not resolve this unauthorized charge of $49.99, I will pursue legal action with my lawyer.",1871.0,
1797,@MockBrandASupport,False,2019-05-27 12:30:00,So sorry for the wait. Please DM your order number and we'll escalate the refund to our billing team right away.,,1796.0
60,@MockBrandASupport,False,2019-09-12 12:30:00,Sorry for the trouble! Please try resetting your password from a private/incognito window - if it still fails DM us your registered email so we can look into your account.,,59.0
3106,cust_MockBrandB_337,True,2019-09-12 12:00:00,Does MockBrandB support exporting my data to CSV?,3107.0,
3169,cust_MockBrandB_372,True,2019-04-17 12:00:00,"Third time contacting MockBrandB about the same bug, no fix yet.",3170.0,
2098,@MockBrandASupport,False,2019-08-20 12:30:00,Apologies for the delay! Please DM your order number and zip code so we can trace the package with the carrier.,,2097.0
951,cust_MockBrandA_519,True,2019-03-19 12:00:00,How do I cancel my MockBrandA subscription? Can't find the option anywhere.,952.0,
377,cust_MockBrandA_207,True,2019-06-23 12:00:00,"Cancel button is disabled in my account settings, please assist.",378.0,
1224,@MockBrandASupport,False,2019-08-21 12:30:00,So sorry for the wait. Please DM your order number and we'll escalate the refund to our billing team right away.,,1223.0
3201,cust_MockBrandB_391,True,2019-05-18 12:00:00,"MockBrandB keeps logging me out every few minutes, super annoying.",3202.0,
1707,cust_MockBrandA_921,True,2019-08-18 12:00:00,The MockBrandA app crashes every time I open the payments tab.,1708.0,
1411,cust_MockBrandA_762,True,2019-02-13 12:00:00,Why was I billed $31.99 when my plan is supposed to be $42.99?,1412.0,
4,@MockBrandASupport,False,2019-09-10 12:30:00,We're sorry about that. Please DM us your order number and the last 4 digits of the card used so we can investigate the duplicate charge.,,3.0
1075,cust_MockBrandA_585,True,2019-06-16 12:00:00,"Cannot apply discount codes at checkout on the MockBrandA app, getting an error.",1076.0,
954,@MockBrandASupport,False,2019-07-27 12:30:00,"Thanks for flagging this - please try updating to the latest app version, and DM us your device model if the crash continues.",,953.0
1642,@MockBrandASupport,False,2019-06-24 12:30:00,So sorry for the wait. Please DM your order number and we'll escalate the refund to our billing team right away.,,1641.0
2481,cust_MockBrandA_1346,True,2019-01-14 12:00:00,"I noticed fraudulent unauthorized charges from MockBrandA on my card, my account was compromised!",2482.0,
2833,cust_MockBrandB_188,True,2019-08-10 12:00:00,"Still waiting on my MockBrandB order #48249, it's been 12 days.",2834.0,
988,cust_MockBrandA_539,True,2019-03-24 12:00:00,"Worst customer service experience ever from MockBrandA, rude agents and no resolution.",989.0,
2084,@MockBrandASupport,False,2019-08-18 12:30:00,We're sorry about that. Please DM us your order number and the last 4 digits of the card used so we can investigate the duplicate charge.,,2083.0
1053,@MockBrandASupport,False,2019-08-10 12:30:00,We're sorry about that. Please DM us your order number and the last 4 digits of the card used so we can investigate the duplicate charge.,,1052.0
1808,@MockBrandASupport,False,2019-01-20 12:30:00,So sorry for the wait. Please DM your order number and we'll escalate the refund to our billing team right away.,,1807.0
2182,cust_MockBrandA_1180,True,2019-02-11 12:00:00,Search bar on MockBrandA website is broken and returns 0 results for everything.,2183.0,
484,cust_MockBrandA_265,True,2019-06-26 12:00:00,"Your product arrived broken for order #80341, cancel my recurring contract immediately.",485.0,
342,@MockBrandASupport,False,2019-07-15 12:30:00,"Thanks for flagging this - please try updating to the latest app version, and DM us your device model if the crash continues.",,341.0
3202,@MockBrandBCare,False,2019-07-20 12:30:00,"Sorry about that! Please clear your app cache and reinstall - if the issue continues, DM your account email.",,3201.0
2622,@MockBrandBCare,False,2019-03-14 12:30:00,Yes! You can export data from Settings > Data > Export CSV.,,2621.0
1510,cust_MockBrandA_817,True,2019-08-17 12:00:00,"Fourth time reporting this bug where order #49834 keeps failing, fix your platform!",1511.0,
1337,cust_MockBrandA_720,True,2019-03-16 12:00:00,Need a full refund for order #96833 because the item sent was completely wrong.,1338.0,
537,@MockBrandASupport,False,2019-09-27 12:30:00,We're really sorry to hear that. Please DM your case/order number so a senior agent can personally follow up.,,536.0
2437,@MockBrandASupport,False,2019-03-14 12:30:00,We're really sorry to hear that. Please DM your case/order number so a senior agent can personally follow up.,,2436.0
131,@MockBrandASupport,False,2019-01-21 12:30:00,Apologies for the delay! Please DM your order number and zip code so we can trace the package with the carrier.,,130.0
2754,cust_MockBrandB_144,True,2019-08-18 12:00:00,"MockBrandB auto-renewed my subscription without any warning email, want a refund.",2755.0,
115,cust_MockBrandA_62,True,2019-02-19 12:00:00,"I demand to speak to a real human supervisor right now, your automated bots are useless!",116.0,
425,@MockBrandASupport,False,2019-04-21 12:30:00,"Thanks for flagging this - please try updating to the latest app version, and DM us your device model if the crash continues.",,424.0
867,@MockBrandASupport,False,2019-08-18 12:30:00,We're sorry about that. Please DM us your order number and the last 4 digits of the card used so we can investigate the duplicate charge.,,866.0
1318,@MockBrandASupport,False,2019-07-17 12:30:00,"Thanks for flagging this - please try updating to the latest app version, and DM us your device model if the crash continues.",,1317.0
110,@MockBrandASupport,False,2019-08-26 12:30:00,We're sorry about that. Please DM us your order number and the last 4 digits of the card used so we can investigate the duplicate charge.,,109.0
1720,cust_MockBrandA_928,True,2019-04-16 12:00:00,"Worst customer service experience ever from MockBrandA, rude agents and no resolution.",1721.0,
2068,cust_MockBrandA_1120,True,2019-08-21 12:00:00,"Can't log in to check on my order #61417, app just spins forever.",2069.0,
1562,@MockBrandASupport,False,2019-07-25 12:30:00,Sorry for the trouble! Please try resetting your password from a private/incognito window - if it still fails DM us your registered email so we can look into your account.,,1561.0
28,cust_MockBrandA_14,True,2019-09-18 12:00:00,"I can't log into my MockBrandA account, it keeps saying invalid password even after reset.",29.0,
1073,cust_MockBrandA_584,True,2019-05-21 12:00:00,"I demand to speak to a real human supervisor right now, your automated bots are useless!",1074.0,
2232,@MockBrandASupport,False,2019-06-15 12:30:00,"Thanks for flagging this - please try updating to the latest app version, and DM us your device model if the crash continues.",,2231.0
190,cust_MockBrandA_105,True,2019-06-25 12:00:00,Please cancel my order #17104 immediately before it ships out.,191.0,
1059,cust_MockBrandA_577,True,2019-01-10 12:00:00,Saw an unexpected extra fee of $68.99 on my latest MockBrandA invoice.,1060.0,
3132,cust_MockBrandB_351,True,2019-05-10 12:00:00,MockBrandB app won't load past the splash screen on iOS 17.,3133.0,
538,cust_MockBrandA_294,True,2019-05-27 12:00:00,Please cancel my order #11553 immediately before it ships out.,539.0,
738,cust_MockBrandA_403,True,2019-04-10 12:00:00,MockBrandA login button spins endlessly and never loads my profile.,739.0,
2132,@MockBrandASupport,False,2019-09-13 12:30:00,Sorry for the trouble! Please try resetting your password from a private/incognito window - if it still fails DM us your registered email so we can look into your account.,,2131.0
2127,cust_MockBrandA_1151,True,2019-07-20 12:00:00,"Support promised my refund for #50001 in 3 days, it has been two weeks now.",2128.0,
1270,cust_MockBrandA_686,True,2019-07-23 12:00:00,"I demand to speak to a real human supervisor right now, your automated bots are useless!",1271.0,
960,@MockBrandASupport,False,2019-04-28 12:30:00,We're really sorry to hear that. Please DM your case/order number so a senior agent can personally follow up.,,959.0
1545,cust_MockBrandA_835,True,2019-01-26 12:00:00,"Your product arrived broken for order #18957, cancel my recurring contract immediately.",1546.0,
1951,@MockBrandASupport,False,2019-07-16 12:30:00,We're really sorry to hear that. Please DM your case/order number so a senior agent can personally follow up.,,1950.0
3301,cust_MockBrandB_443,True,2019-06-18 12:00:00,Does MockBrandB support exporting my data to CSV?,3302.0,
1882,cust_MockBrandA_1016,True,2019-09-13 12:00:00,"I can't log into my MockBrandA account, it keeps saying invalid password even after reset.",1883.0,
1418,@MockBrandASupport,False,2019-01-14 12:30:00,You can cancel anytime from Account > Subscription > Cancel. DM us if you don't see that option and we'll help directly.,,1417.0
2845,cust_MockBrandB_194,True,2019-08-15 12:00:00,"Still waiting on my MockBrandB order #10437, it's been 12 days.",2846.0,
2359,@MockBrandASupport,False,2019-09-26 12:30:00,So sorry for the wait. Please DM your order number and we'll escalate the refund to our billing team right away.,,2358.0
780,cust_MockBrandA_426,True,2019-03-13 12:00:00,MockBrandA login button spins endlessly and never loads my profile.,781.0,
627,@MockBrandASupport,False,2019-03-16 12:30:00,We're sorry about that. Please DM us your order number and the last 4 digits of the card used so we can investigate the duplicate charge.,,626.0
1011,@MockBrandASupport,False,2019-09-23 12:30:00,We're sorry about that. Please DM us your order number and the last 4 digits of the card used so we can investigate the duplicate charge.,,1010.0
1080,@MockBrandASupport,False,2019-06-23 12:30:00,"Thanks for flagging this - please try updating to the latest app version, and DM us your device model if the crash continues.",,1079.0
79,@MockBrandASupport,False,2019-01-19 12:30:00,So sorry for the wait. Please DM your order number and we'll escalate the refund to our billing team right away.,,78.0
1188,cust_MockBrandA_644,True,2019-07-23 12:00:00,"Your product arrived broken for order #21743, cancel my recurring contract immediately.",1189.0,
2617,cust_MockBrandB_71,True,2019-06-24 12:00:00,Does MockBrandB support exporting my data to CSV?,2618.0,
2270,cust_MockBrandA_1229,True,2019-08-11 12:00:00,"Tracking says delivery attempted for order #21146, but I was home all day.",2271.0,
417,cust_MockBrandA_229,True,2019-06-28 12:00:00,"I noticed fraudulent unauthorized charges from MockBrandA on my card, my account was compromised!",418.0,
1408,cust_MockBrandA_760,True,2019-01-25 12:00:00,MockBrandA login button spins endlessly and never loads my profile.,1409.0,
3197,@MockBrandBCare,False,2019-02-21 12:30:00,Apologies for the surprise renewal. DM your order ID and we'll process a refund review.,,3196.0
331,cust_MockBrandA_181,True,2019-06-10 12:00:00,"MockBrandA charged me for a renewal after I already cancelled, and now the app won't even load.",332.0,
2809,cust_MockBrandB_174,True,2019-09-22 12:00:00,Does MockBrandB support exporting my data to CSV?,2810.0,
2323,cust_MockBrandA_1261,True,2019-07-19 12:00:00,"Someone hacked into my MockBrandA account and changed my password, please help me lock it down!",2324.0,
3287,cust_MockBrandB_436,True,2019-02-16 12:00:00,"Third time contacting MockBrandB about the same bug, no fix yet.",3288.0,
2005,@MockBrandASupport,False,2019-07-22 12:30:00,So sorry for the wait. Please DM your order number and we'll escalate the refund to our billing team right away.,,2004.0
505,@MockBrandASupport,False,2019-01-14 12:30:00,Sorry for the trouble! Please try resetting your password from a private/incognito window - if it still fails DM us your registered email so we can look into your account.,,504.0
1433,cust_MockBrandA_773,True,2019-03-10 12:00:00,Why was I billed $78.99 when my plan is supposed to be $16.99?,1434.0,
696,cust_MockBrandA_381,True,2019-02-16 12:00:00,MockBrandA website checkout is throwing a 500 error on step 3.,697.0,
1016,cust_MockBrandA_554,True,2019-09-23 12:00:00,"If MockBrandA does not resolve this unauthorized charge of $42.99, I will pursue legal action with my lawyer.",1017.0,
2748,cust_MockBrandB_141,True,2019-01-15 12:00:00,"Third time contacting MockBrandB about the same bug, no fix yet.",2749.0,
608,cust_MockBrandA_333,True,2019-05-28 12:00:00,"Extremely disappointed with MockBrandA support response time, this is the 3rd time I've written in.",609.0,
1339,cust_MockBrandA_721,True,2019-01-12 12:00:00,MockBrandA billed my credit card after I switched payment methods.,1340.0,
2670,cust_MockBrandB_100,True,2019-04-17 12:00:00,"MockBrandB auto-renewed my subscription without any warning email, want a refund.",2671.0,
2271,@MockBrandASupport,False,2019-02-19 12:30:00,Apologies for the delay! Please DM your order number and zip code so we can trace the package with the carrier.,,2270.0
1157,@MockBrandASupport,False,2019-06-24 12:30:00,You can cancel anytime from Account > Subscription > Cancel. DM us if you don't see that option and we'll help directly.,,1156.0
558,@MockBrandASupport,False,2019-02-18 12:30:00,So sorry for the wait. Please DM your order number and we'll escalate the refund to our billing team right away.,,557.0
2784,cust_MockBrandB_161,True,2019-07-22 12:00:00,MockBrandB app won't load past the splash screen on iOS 17.,2785.0,
807,@MockBrandASupport,False,2019-04-17 12:30:00,Apologies for the delay! Please DM your order number and zip code so we can trace the package with the carrier.,,806.0
3291,cust_MockBrandB_438,True,2019-03-14 12:00:00,"MockBrandB keeps logging me out every few minutes, super annoying.",3292.0,
2527,cust_MockBrandB_22,True,2019-01-27 12:00:00,Does MockBrandB support exporting my data to CSV?,2528.0,
478,cust_MockBrandA_262,True,2019-08-14 12:00:00,"I noticed fraudulent unauthorized charges from MockBrandA on my card, my account was compromised!",479.0,
2944,@MockBrandBCare,False,2019-02-28 12:30:00,Yes! You can export data from Settings > Data > Export CSV.,,2943.0
466,cust_MockBrandA_256,True,2019-05-16 12:00:00,I have been transferred between 4 different agents and none of you are resolving my case.,467.0,
1698,@MockBrandASupport,False,2019-08-23 12:30:00,We're sorry about that. Please DM us your order number and the last 4 digits of the card used so we can investigate the duplicate charge.,,1697.0
729,cust_MockBrandA_398,True,2019-05-15 12:00:00,"Your product arrived broken for order #75849, cancel my recurring contract immediately.",730.0,
1064,@MockBrandASupport,False,2019-07-21 12:30:00,We're really sorry to hear that. Please DM your case/order number so a senior agent can personally follow up.,,1063.0
1391,cust_MockBrandA_751,True,2019-07-18 12:00:00,I have been transferred between 4 different agents and none of you are resolving my case.,1392.0,
1928,cust_MockBrandA_1042,True,2019-08-19 12:00:00,"Worst customer service experience ever from MockBrandA, rude agents and no resolution.",1929.0,
826,@MockBrandASupport,False,2019-04-19 12:30:00,Apologies for the delay! Please DM your order number and zip code so we can trace the package with the carrier.,,825.0
145,cust_MockBrandA_79,True,2019-07-20 12:00:00,"Tracking says delivery attempted for order #69087, but I was home all day.",146.0,
2730,cust_MockBrandB_132,True,2019-05-11 12:00:00,"Still waiting on my MockBrandB order #43260, it's been 12 days.",2731.0,
228,@MockBrandASupport,False,2019-05-17 12:30:00,You can cancel anytime from Account > Subscription > Cancel. DM us if you don't see that option and we'll help directly.,,227.0
1703,cust_MockBrandA_919,True,2019-05-21 12:00:00,Please cancel my order #22384 immediately before it ships out.,1704.0,
1284,@MockBrandASupport,False,2019-07-15 12:30:00,Sorry for the trouble! Please try resetting your password from a private/incognito window - if it still fails DM us your registered email so we can look into your account.,,1283.0
3026,@MockBrandBCare,False,2019-06-18 12:30:00,We're sorry this keeps happening. DM your case number so we can escalate internally.,,3025.0
726,@MockBrandASupport,False,2019-09-17 12:30:00,Sorry for the trouble! Please try resetting your password from a private/incognito window - if it still fails DM us your registered email so we can look into your account.,,725.0
905,@MockBrandASupport,False,2019-03-15 12:30:00,"Thanks for flagging this - please try updating to the latest app version, and DM us your device model if the crash continues.",,904.0
3283,cust_MockBrandB_434,True,2019-04-12 12:00:00,"MockBrandB auto-renewed my subscription without any warning email, want a refund.",3284.0,
602,cust_MockBrandA_330,True,2019-04-16 12:00:00,"Fourth time reporting this bug where order #66302 keeps failing, fix your platform!",603.0,
264,cust_MockBrandA_145,True,2019-08-10 12:00:00,"I noticed fraudulent unauthorized charges from MockBrandA on my card, my account was compromised!",265.0,
539,cust_MockBrandA_295,True,2019-02-13 12:00:00,"Locked out of my MockBrandA account for 2 days now, no reset email arriving.",540.0,
3028,@MockBrandBCare,False,2019-08-19 12:30:00,"Sorry about that! Please clear your app cache and reinstall - if the issue continues, DM your account email.",,3027.0
2235,cust_MockBrandA_1209,True,2019-03-22 12:00:00,MockBrandA billed my credit card after I switched payment methods.,2236.0,
1739,@MockBrandASupport,False,2019-02-27 12:30:00,We're really sorry to hear that. Please DM your case/order number so a senior agent can personally follow up.,,1738.0
3191,cust_MockBrandB_385,True,2019-01-28 12:00:00,MockBrandB app won't load past the splash screen on iOS 17.,3192.0,
2731,@MockBrandBCare,False,2019-08-22 12:30:00,Sorry for the delay - DM your order number so we can chase this with our logistics partner.,,2730.0
2091,cust_MockBrandA_1132,True,2019-09-24 12:00:00,"Can I get a refund for MockBrandA order #88525, item arrived damaged.",2092.0,
222,cust_MockBrandA_123,True,2019-02-24 12:00:00,Where is my order #98815? Estimated delivery date was 4 days ago.,223.0,
210,cust_MockBrandA_116,True,2019-05-20 12:00:00,"If MockBrandA does not resolve this unauthorized charge of $19.99, I will pursue legal action with my lawyer.",211.0,
2813,@MockBrandBCare,False,2019-06-11 12:30:00,Sorry for the delay - DM your order number so we can chase this with our logistics partner.,,2812.0
2223,cust_MockBrandA_1202,True,2019-05-27 12:00:00,My MockBrandA order #17323 says delivered but I never received it.,2224.0,
1885,@MockBrandASupport,False,2019-03-17 12:30:00,We're really sorry to hear that. Please DM your case/order number so a senior agent can personally follow up.,,1884.0
3270,@MockBrandBCare,False,2019-07-23 12:30:00,Sorry for the delay - DM your order number so we can chase this with our logistics partner.,,3269.0
655,@MockBrandASupport,False,2019-04-14 12:30:00,We're sorry about that. Please DM us your order number and the last 4 digits of the card used so we can investigate the duplicate charge.,,654.0
2658,cust_MockBrandB_94,True,2019-01-19 12:00:00,"Still waiting on my MockBrandB order #73636, it's been 12 days.",2659.0,
3294,@MockBrandBCare,False,2019-07-27 12:30:00,We're sorry this keeps happening. DM your case number so we can escalate internally.,,3293.0
39,cust_MockBrandA_20,True,2019-06-24 12:00:00,"Order #36365 never arrived and support keeps closing my ticket without a refund, 3rd time asking.",40.0,
2185,@MockBrandASupport,False,2019-04-27 12:30:00,You can cancel anytime from Account > Subscription > Cancel. DM us if you don't see that option and we'll help directly.,,2184.0
705,cust_MockBrandA_386,True,2019-02-15 12:00:00,I got charged a monthly renewal fee of $23.99 even though I paused my subscription.,706.0,
2543,@MockBrandBCare,False,2019-09-28 12:30:00,Apologies for the surprise renewal. DM your order ID and we'll process a refund review.,,2542.0
64,cust_MockBrandA_34,True,2019-05-22 12:00:00,Need a full refund for order #97782 because the item sent was completely wrong.,65.0,
714,@MockBrandASupport,False,2019-02-14 12:30:00,Sorry for the trouble! Please try resetting your password from a private/incognito window - if it still fails DM us your registered email so we can look into your account.,,713.0
2936,@MockBrandBCare,False,2019-06-20 12:30:00,Sorry for the delay - DM your order number so we can chase this with our logistics partner.,,2935.0
625,@MockBrandASupport,False,2019-02-24 12:30:00,We're sorry about that. Please DM us your order number and the last 4 digits of the card used so we can investigate the duplicate charge.,,624.0
477,@MockBrandASupport,False,2019-05-21 12:30:00,Apologies for the delay! Please DM your order number and zip code so we can trace the package with the carrier.,,476.0
2096,@MockBrandASupport,False,2019-01-17 12:30:00,We're sorry about that. Please DM us your order number and the last 4 digits of the card used so we can investigate the duplicate charge.,,2095.0
1722,cust_MockBrandA_929,True,2019-07-23 12:00:00,MockBrandA website checkout is throwing a 500 error on step 3.,1723.0,
2179,@MockBrandASupport,False,2019-03-20 12:30:00,"Thanks for flagging this - please try updating to the latest app version, and DM us your device model if the crash continues.",,2178.0
283,@MockBrandASupport,False,2019-05-10 12:30:00,Apologies for the delay! Please DM your order number and zip code so we can trace the package with the carrier.,,282.0
1251,cust_MockBrandA_676,True,2019-01-25 12:00:00,"Extremely disappointed with MockBrandA support response time, this is the 3rd time I've written in.",1252.0,
183,cust_MockBrandA_101,True,2019-03-28 12:00:00,"MockBrandA charged me for a renewal after I already cancelled, and now the app won't even load.",184.0,
1186,cust_MockBrandA_643,True,2019-04-12 12:00:00,"Returned my package 10 days ago for order #83553, when will my refund be credited?",1187.0,
1327,cust_MockBrandA_715,True,2019-03-24 12:00:00,Need a full refund for order #28208 because the item sent was completely wrong.,1328.0,
1303,cust_MockBrandA_703,True,2019-05-20 12:00:00,"Your product arrived broken for order #42089, cancel my recurring contract immediately.",1304.0,
1841,cust_MockBrandA_995,True,2019-05-28 12:00:00,"Fourth time reporting this bug where order #26809 keeps failing, fix your platform!",1842.0,
248,cust_MockBrandA_137,True,2019-07-18 12:00:00,"If MockBrandA does not resolve this unauthorized charge of $72.99, I will pursue legal action with my lawyer.",249.0,
998,@MockBrandASupport,False,2019-08-25 12:30:00,Sorry for the trouble! Please try resetting your password from a private/incognito window - if it still fails DM us your registered email so we can look into your account.,,997.0
3024,@MockBrandBCare,False,2019-08-17 12:30:00,"Sorry about that! Please clear your app cache and reinstall - if the issue continues, DM your account email.",,3023.0
2943,cust_MockBrandB_246,True,2019-03-26 12:00:00,Does MockBrandB support exporting my data to CSV?,2944.0,
1824,@MockBrandASupport,False,2019-02-19 12:30:00,We're really sorry to hear that. Please DM your case/order number so a senior agent can personally follow up.,,1823.0
791,@MockBrandASupport,False,2019-07-11 12:30:00,Sorry for the trouble! Please try resetting your password from a private/incognito window - if it still fails DM us your registered email so we can look into your account.,,790.0
987,@MockBrandASupport,False,2019-06-25 12:30:00,Apologies for the delay! Please DM your order number and zip code so we can trace the package with the carrier.,,986.0
941,cust_MockBrandA_514,True,2019-06-11 12:00:00,MockBrandA billed my credit card after I switched payment methods.,942.0,
2475,cust_MockBrandA_1343,True,2019-02-20 12:00:00,Didn't receive the 2FA SMS verification code to log into my MockBrandA account.,2476.0,
1173,@MockBrandASupport,False,2019-02-19 12:30:00,Sorry for the trouble! Please try resetting your password from a private/incognito window - if it still fails DM us your registered email so we can look into your account.,,1172.0
2332,cust_MockBrandA_1266,True,2019-05-19 12:00:00,"Support promised my refund for #76527 in 3 days, it has been two weeks now.",2333.0,
2973,cust_MockBrandB_263,True,2019-07-15 12:00:00,"Still waiting on my MockBrandB order #90944, it's been 12 days.",2974.0,
2407,cust_MockBrandA_1306,True,2019-09-26 12:00:00,Why was I billed $36.99 when my plan is supposed to be $42.99?,2408.0,
1343,@MockBrandASupport,False,2019-08-22 12:30:00,Sorry for the trouble! Please try resetting your password from a private/incognito window - if it still fails DM us your registered email so we can look into your account.,,1342.0
1008,cust_MockBrandA_550,True,2019-07-21 12:00:00,"MockBrandA charged me for a renewal after I already cancelled, and now the app won't even load.",1009.0,
884,@MockBrandASupport,False,2019-07-11 12:30:00,We're really sorry to hear that. Please DM your case/order number so a senior agent can personally follow up.,,883.0
1176,cust_MockBrandA_638,True,2019-07-11 12:00:00,Saw an unexpected extra fee of $11.99 on my latest MockBrandA invoice.,1177.0,
812,cust_MockBrandA_445,True,2019-05-16 12:00:00,Want to cancel my auto-renew membership with MockBrandA.,813.0,
422,@MockBrandASupport,False,2019-08-25 12:30:00,We're really sorry to hear that. Please DM your case/order number so a senior agent can personally follow up.,,421.0
2157,cust_MockBrandA_1167,True,2019-02-13 12:00:00,How do I cancel my MockBrandA subscription? Can't find the option anywhere.,2158.0,
387,cust_MockBrandA_212,True,2019-05-24 12:00:00,Search bar on MockBrandA website is broken and returns 0 results for everything.,388.0,
2971,cust_MockBrandB_262,True,2019-08-11 12:00:00,Does MockBrandB support exporting my data to CSV?,2972.0,
1657,@MockBrandASupport,False,2019-08-12 12:30:00,Apologies for the delay! Please DM your order number and zip code so we can trace the package with the carrier.,,1656.0
1621,@MockBrandASupport,False,2019-02-20 12:30:00,We're sorry about that. Please DM us your order number and the last 4 digits of the card used so we can investigate the duplicate charge.,,1620.0
1159,@MockBrandASupport,False,2019-03-27 12:30:00,You can cancel anytime from Account > Subscription > Cancel. DM us if you don't see that option and we'll help directly.,,1158.0
747,@MockBrandASupport,False,2019-03-22 12:30:00,We're sorry about that. Please DM us your order number and the last 4 digits of the card used so we can investigate the duplicate charge.,,746.0
2736,cust_MockBrandB_135,True,2019-07-13 12:00:00,"Third time contacting MockBrandB about the same bug, no fix yet.",2737.0,
887,cust_MockBrandA_486,True,2019-06-27 12:00:00,Your iOS app freezes completely on the home screen after latest update.,888.0,
1900,@MockBrandASupport,False,2019-01-16 12:30:00,We're sorry about that. Please DM us your order number and the last 4 digits of the card used so we can investigate the duplicate charge.,,1899.0
1384,cust_MockBrandA_747,True,2019-07-22 12:00:00,"Requested a refund on order #19698 a week ago, still nothing.",1385.0,
2102,@MockBrandASupport,False,2019-04-28 12:30:00,Sorry for the trouble! Please try resetting your password from a private/incognito window - if it still fails DM us your registered email so we can look into your account.,,2101.0
2080,@MockBrandASupport,False,2019-03-22 12:30:00,Apologies for the delay! Please DM your order number and zip code so we can trace the package with the carrier.,,2079.0
3151,cust_MockBrandB_361,True,2019-09-19 12:00:00,MockBrandB app won't load past the splash screen on iOS 17.,3152.0,
2032,cust_MockBrandA_1100,True,2019-08-20 12:00:00,"Someone hacked into my MockBrandA account and changed my password, please help me lock it down!",2033.0,
1082,@MockBrandASupport,False,2019-06-20 12:30:00,We're really sorry to hear that. Please DM your case/order number so a senior agent can personally follow up.,,1081.0
1860,cust_MockBrandA_1005,True,2019-02-23 12:00:00,Didn't receive the 2FA SMS verification code to log into my MockBrandA account.,1861.0,
1687,cust_MockBrandA_911,True,2019-07-12 12:00:00,How do I cancel my MockBrandA subscription? Can't find the option anywhere.,1688.0,
739,@MockBrandASupport,False,2019-01-20 12:30:00,Sorry for the trouble! Please try resetting your password from a private/incognito window - if it still fails DM us your registered email so we can look into your account.,,738.0
2495,cust_MockBrandB_3,True,2019-05-11 12:00:00,Does MockBrandB support exporting my data to CSV?,2496.0,
808,cust_MockBrandA_443,True,2019-07-26 12:00:00,"If MockBrandA does not resolve this unauthorized charge of $36.99, I will pursue legal action with my lawyer.",809.0,
2424,cust_MockBrandA_1315,True,2019-09-13 12:00:00,"Your product arrived broken for order #44888, cancel my recurring contract immediately.",2425.0,
1967,@MockBrandASupport,False,2019-01-23 12:30:00,So sorry for the wait. Please DM your order number and we'll escalate the refund to our billing team right away.,,1966.0
1809,cust_MockBrandA_975,True,2019-07-13 12:00:00,"Can I get a refund for MockBrandA order #13561, item arrived damaged.",1810.0,
1023,cust_MockBrandA_558,True,2019-07-10 12:00:00,"Can't log in to check on my order #90481, app just spins forever.",1024.0,
1488,@MockBrandASupport,False,2019-02-10 12:30:00,"Thanks for flagging this - please try updating to the latest app version, and DM us your device model if the crash continues.",,1487.0
2824,@MockBrandBCare,False,2019-01-20 12:30:00,Sorry for the delay - DM your order number so we can chase this with our logistics partner.,,2823.0
1606,@MockBrandASupport,False,2019-01-26 12:30:00,Apologies for the delay! Please DM your order number and zip code so we can trace the package with the carrier.,,1605.0
383,cust_MockBrandA_210,True,2019-02-28 12:00:00,"Cancel button is disabled in my account settings, please assist.",384.0,
1583,cust_MockBrandA_855,True,2019-01-20 12:00:00,MockBrandA login button spins endlessly and never loads my profile.,1584.0,
1412,@MockBrandASupport,False,2019-04-12 12:30:00,We're sorry about that. Please DM us your order number and the last 4 digits of the card used so we can investigate the duplicate charge.,,1411.0
3017,cust_MockBrandB_287,True,2019-07-14 12:00:00,"MockBrandB auto-renewed my subscription without any warning email, want a refund.",3018.0,
161,@MockBrandASupport,False,2019-03-25 12:30:00,Sorry for the trouble! Please try resetting your password from a private/incognito window - if it still fails DM us your registered email so we can look into your account.,,160.0
1565,cust_MockBrandA_846,True,2019-02-13 12:00:00,"Waiting on hold for 2 hours for order #46554, absolutely unacceptable support.",1566.0,
2725,@MockBrandBCare,False,2019-06-24 12:30:00,We're sorry this keeps happening. DM your case number so we can escalate internally.,,2724.0
2981,cust_MockBrandB_267,True,2019-04-12 12:00:00,"MockBrandB auto-renewed my subscription without any warning email, want a refund.",2982.0,
2999,cust_MockBrandB_277,True,2019-06-15 12:00:00,"MockBrandB keeps logging me out every few minutes, super annoying.",3000.0,
2162,@MockBrandASupport,False,2019-07-17 12:30:00,Sorry for the trouble! Please try resetting your password from a private/incognito window - if it still fails DM us your registered email so we can look into your account.,,2161.0
400,cust_MockBrandA_219,True,2019-07-26 12:00:00,I got charged a monthly renewal fee of $33.99 even though I paused my subscription.,401.0,
1360,@MockBrandASupport,False,2019-03-18 12:30:00,Sorry for the trouble! Please try resetting your password from a private/incognito window - if it still fails DM us your registered email so we can look into your account.,,1359.0
1225,cust_MockBrandA_663,True,2019-03-15 12:00:00,"Can I get a refund for MockBrandA order #60785, item arrived damaged.",1226.0,
895,cust_MockBrandA_490,True,2019-02-24 12:00:00,Why was I billed $15.99 when my plan is supposed to be $45.99?,896.0,
947,cust_MockBrandA_517,True,2019-02-19 12:00:00,MockBrandA login button spins endlessly and never loads my profile.,948.0,
3297,cust_MockBrandB_441,True,2019-03-22 12:00:00,"Still waiting on my MockBrandB order #20567, it's been 12 days.",3298.0,
516,cust_MockBrandA_282,True,2019-02-24 12:00:00,My MockBrandA order #43422 says delivered but I never received it.,517.0,
2956,@MockBrandBCare,False,2019-07-18 12:30:00,Sorry for the delay - DM your order number so we can chase this with our logistics partner.,,2955.0
3168,@MockBrandBCare,False,2019-06-20 12:30:00,We're aware of an iOS 17 issue - please try reinstalling the latest build. DM your device model if it persists.,,3167.0
3154,@MockBrandBCare,False,2019-01-15 12:30:00,Sorry for the delay - DM your order number so we can chase this with our logistics partner.,,3153.0
2198,cust_MockBrandA_1188,True,2019-05-27 12:00:00,Courier delivered my package for order #38879 to the wrong street address.,2199.0,
755,@MockBrandASupport,False,2019-08-23 12:30:00,Apologies for the delay! Please DM your order number and zip code so we can trace the package with the carrier.,,754.0
268,@MockBrandASupport,False,2019-09-20 12:30:00,"Thanks for flagging this - please try updating to the latest app version, and DM us your device model if the crash continues.",,267.0
2049,cust_MockBrandA_1109,True,2019-06-22 12:00:00,Why was I billed $13.99 when my plan is supposed to be $15.99?,2050.0,
1496,@MockBrandASupport,False,2019-04-18 12:30:00,You can cancel anytime from Account > Subscription > Cancel. DM us if you don't see that option and we'll help directly.,,1495.0
2077,cust_MockBrandA_1125,True,2019-06-28 12:00:00,"Can I get a refund for MockBrandA order #16877, item arrived damaged.",2078.0,
2742,cust_MockBrandB_138,True,2019-02-15 12:00:00,"MockBrandB auto-renewed my subscription without any warning email, want a refund.",2743.0,
2311,cust_MockBrandA_1253,True,2019-04-12 12:00:00,"Your product arrived broken for order #61005, cancel my recurring contract immediately.",2312.0,
2000,cust_MockBrandA_1082,True,2019-03-18 12:00:00,"Someone hacked into my MockBrandA account and changed my password, please help me lock it down!",2001.0,
630,cust_MockBrandA_345,True,2019-02-14 12:00:00,"Your product arrived broken for order #45041, cancel my recurring contract immediately.",631.0,
350,@MockBrandASupport,False,2019-05-25 12:30:00,So sorry for the wait. Please DM your order number and we'll escalate the refund to our billing team right away.,,349.0
1282,@MockBrandASupport,False,2019-03-18 12:30:00,So sorry for the wait. Please DM your order number and we'll escalate the refund to our billing team right away.,,1281.0
820,@MockBrandASupport,False,2019-07-22 12:30:00,"Thanks for flagging this - please try updating to the latest app version, and DM us your device model if the crash continues.",,819.0
290,cust_MockBrandA_159,True,2019-02-18 12:00:00,MockBrandA billed my credit card after I switched payment methods.,291.0,
135,cust_MockBrandA_73,True,2019-02-15 12:00:00,"Package from MockBrandA has been 'in transit' for 9 days, tracking not updating.",136.0,
318,@MockBrandASupport,False,2019-01-24 12:30:00,We're sorry about that. Please DM us your order number and the last 4 digits of the card used so we can investigate the duplicate charge.,,317.0
497,@MockBrandASupport,False,2019-01-19 12:30:00,So sorry for the wait. Please DM your order number and we'll escalate the refund to our billing team right away.,,496.0
2138,@MockBrandASupport,False,2019-02-20 12:30:00,We're really sorry to hear that. Please DM your case/order number so a senior agent can personally follow up.,,2137.0
819,cust_MockBrandA_449,True,2019-08-19 12:00:00,The MockBrandA app crashes every time I open the payments tab.,820.0,
2243,cust_MockBrandA_1213,True,2019-02-28 12:00:00,"Order #80282 never arrived and support keeps closing my ticket without a refund, 3rd time asking.",2244.0,
1594,@MockBrandASupport,False,2019-06-23 12:30:00,So sorry for the wait. Please DM your order number and we'll escalate the refund to our billing team right away.,,1593.0
1265,@MockBrandASupport,False,2019-06-18 12:30:00,You can cancel anytime from Account > Subscription > Cancel. DM us if you don't see that option and we'll help directly.,,1264.0
1987,cust_MockBrandA_1075,True,2019-04-22 12:00:00,Didn't receive the 2FA SMS verification code to log into my MockBrandA account.,1988.0,
1549,@MockBrandASupport,False,2019-07-23 12:30:00,We're really sorry to hear that. Please DM your case/order number so a senior agent can personally follow up.,,1548.0
1701,cust_MockBrandA_918,True,2019-02-11 12:00:00,Where is my order #84519? Estimated delivery date was 4 days ago.,1702.0,
1266,cust_MockBrandA_684,True,2019-08-26 12:00:00,"MockBrandA charged me for a renewal after I already cancelled, and now the app won't even load.",1267.0,
364,@MockBrandASupport,False,2019-09-20 12:30:00,Apologies for the delay! Please DM your order number and zip code so we can trace the package with the carrier.,,363.0
530,cust_MockBrandA_290,True,2019-08-25 12:00:00,"Can't log in to check on my order #95800, app just spins forever.",531.0,
3260,@MockBrandBCare,False,2019-08-10 12:30:00,We're sorry this keeps happening. DM your case number so we can escalate internally.,,3259.0
2317,cust_MockBrandA_1257,True,2019-06-16 12:00:00,"Order #31771 never arrived and support keeps closing my ticket without a refund, 3rd time asking.",2318.0,
255,@MockBrandASupport,False,2019-09-16 12:30:00,"Thanks for flagging this - please try updating to the latest app version, and DM us your device model if the crash continues.",,254.0
2389,@MockBrandASupport,False,2019-07-19 12:30:00,So sorry for the wait. Please DM your order number and we'll escalate the refund to our billing team right away.,,2388.0
803,cust_MockBrandA_440,True,2019-08-15 12:00:00,My MockBrandA order #58819 says delivered but I never received it.,804.0,
1845,@MockBrandASupport,False,2019-09-24 12:30:00,Sorry for the trouble! Please try resetting your password from a private/incognito window - if it still fails DM us your registered email so we can look into your account.,,1844.0
2926,cust_MockBrandB_237,True,2019-05-28 12:00:00,"Third time contacting MockBrandB about the same bug, no fix yet.",2927.0,
3027,cust_MockBrandB_292,True,2019-08-23 12:00:00,"MockBrandB keeps logging me out every few minutes, super annoying.",3028.0,
3273,cust_MockBrandB_429,True,2019-08-22 12:00:00,"MockBrandB keeps logging me out every few minutes, super annoying.",3274.0,
133,cust_MockBrandA_72,True,2019-03-25 12:00:00,"Returned my package 10 days ago for order #12671, when will my refund be credited?",134.0,
2744,cust_MockBrandB_139,True,2019-01-19 12:00:00,"Third time contacting MockBrandB about the same bug, no fix yet.",2745.0,
1692,@MockBrandASupport,False,2019-08-24 12:30:00,Sorry for the trouble! Please try resetting your password from a private/incognito window - if it still fails DM us your registered email so we can look into your account.,,1691.0
1613,cust_MockBrandA_870,True,2019-07-23 12:00:00,Courier delivered my package for order #70838 to the wrong street address.,1614.0,
1763,@MockBrandASupport,False,2019-05-12 12:30:00,So sorry for the wait. Please DM your order number and we'll escalate the refund to our billing team right away.,,1762.0
943,cust_MockBrandA_515,True,2019-04-18 12:00:00,"Package from MockBrandA has been 'in transit' for 9 days, tracking not updating.",944.0,
2562,@MockBrandBCare,False,2019-06-10 12:30:00,Apologies for the surprise renewal. DM your order ID and we'll process a refund review.,,2561.0
1199,@MockBrandASupport,False,2019-09-11 12:30:00,Apologies for the delay! Please DM your order number and zip code so we can trace the package with the carrier.,,1198.0
3133,@MockBrandBCare,False,2019-07-11 12:30:00,We're aware of an iOS 17 issue - please try reinstalling the latest build. DM your device model if it persists.,,3132.0
2607,@MockBrandBCare,False,2019-04-15 12:30:00,"Sorry about that! Please clear your app cache and reinstall - if the issue continues, DM your account email.",,2606.0
1637,cust_MockBrandA_884,True,2019-01-11 12:00:00,"Someone hacked into my MockBrandA account and changed my password, please help me lock it down!",1638.0,
963,cust_MockBrandA_525,True,2019-05-28 12:00:00,The MockBrandA app crashes every time I open the payments tab.,964.0,
3234,cust_MockBrandB_409,True,2019-05-25 12:00:00,"Still waiting on my MockBrandB order #72973, it's been 12 days.",3235.0,
2812,cust_MockBrandB_176,True,2019-08-11 12:00:00,"Still waiting on my MockBrandB order #70035, it's been 12 days.",2813.0,
769,cust_MockBrandA_419,True,2019-02-10 12:00:00,"I demand to speak to a real human supervisor right now, your automated bots are useless!",770.0,
349,cust_MockBrandA_191,True,2019-06-14 12:00:00,"Support promised my refund for #13694 in 3 days, it has been two weeks now.",350.0,
2205,@MockBrandASupport,False,2019-05-15 12:30:00,Apologies for the delay! Please DM your order number and zip code so we can trace the package with the carrier.,,2204.0
2697,cust_MockBrandB_114,True,2019-01-19 12:00:00,"MockBrandB auto-renewed my subscription without any warning email, want a refund.",2698.0,
1319,cust_MockBrandA_711,True,2019-08-22 12:00:00,"I noticed fraudulent unauthorized charges from MockBrandA on my card, my account was compromised!",1320.0,
757,@MockBrandASupport,False,2019-08-28 12:30:00,So sorry for the wait. Please DM your order number and we'll escalate the refund to our billing team right away.,,756.0
659,@MockBrandASupport,False,2019-02-17 12:30:00,"Thanks for flagging this - please try updating to the latest app version, and DM us your device model if the crash continues.",,658.0
1419,cust_MockBrandA_766,True,2019-01-25 12:00:00,Why was I billed $58.99 when my plan is supposed to be $15.99?,1420.0,
3037,cust_MockBrandB_298,True,2019-02-28 12:00:00,"Third time contacting MockBrandB about the same bug, no fix yet.",3038.0,
1574,@MockBrandASupport,False,2019-06-22 12:30:00,So sorry for the wait. Please DM your order number and we'll escalate the refund to our billing team right away.,,1573.0
1409,cust_MockBrandA_761,True,2019-03-10 12:00:00,"I noticed fraudulent unauthorized charges from MockBrandA on my card, my account was compromised!",1410.0,
846,@MockBrandASupport,False,2019-09-15 12:30:00,You can cancel anytime from Account > Subscription > Cancel. DM us if you don't see that option and we'll help directly.,,845.0
2108,@MockBrandASupport,False,2019-09-15 12:30:00,So sorry for the wait. Please DM your order number and we'll escalate the refund to our billing team right away.,,2107.0
252,cust_MockBrandA_139,True,2019-08-12 12:00:00,How do I cancel my MockBrandA subscription? Can't find the option anywhere.,253.0,
2320,@MockBrandASupport,False,2019-06-27 12:30:00,We're really sorry to hear that. Please DM your case/order number so a senior agent can personally follow up.,,2319.0
2869,@MockBrandBCare,False,2019-06-19 12:30:00,We're sorry this keeps happening. DM your case number so we can escalate internally.,,2868.0
3158,@MockBrandBCare,False,2019-01-28 12:30:00,"Sorry about that! Please clear your app cache and reinstall - if the issue continues, DM your account email.",,3157.0
3200,cust_MockBrandB_390,True,2019-08-20 12:00:00,Does MockBrandB support exporting my data to CSV?,3201.0,
1293,cust_MockBrandA_698,True,2019-07-26 12:00:00,I got charged a monthly renewal fee of $14.99 even though I paused my subscription.,1294.0,
1057,cust_MockBrandA_576,True,2019-01-26 12:00:00,"MockBrandA charged me for a renewal after I already cancelled, and now the app won't even load.",1058.0,
2688,@MockBrandBCare,False,2019-06-14 12:30:00,We're sorry this keeps happening. DM your case number so we can escalate internally.,,2687.0
1934,cust_MockBrandA_1045,True,2019-07-15 12:00:00,"I can't log into my MockBrandA account, it keeps saying invalid password even after reset.",1935.0,
1523,cust_MockBrandA_824,True,2019-06-19 12:00:00,"Someone hacked into my MockBrandA account and changed my password, please help me lock it down!",1524.0,
708,@MockBrandASupport,False,2019-02-12 12:30:00,We're sorry about that. Please DM us your order number and the last 4 digits of the card used so we can investigate the duplicate charge.,,707.0
2674,cust_MockBrandB_102,True,2019-07-16 12:00:00,"MockBrandB keeps logging me out every few minutes, super annoying.",2675.0,
1725,@MockBrandASupport,False,2019-08-17 12:30:00,Sorry for the trouble! Please try resetting your password from a private/incognito window - if it still fails DM us your registered email so we can look into your account.,,1724.0
536,cust_MockBrandA_293,True,2019-08-25 12:00:00,"Waiting on hold for 2 hours for order #69770, absolutely unacceptable support.",537.0,
2478,@MockBrandASupport,False,2019-09-14 12:30:00,We're really sorry to hear that. Please DM your case/order number so a senior agent can personally follow up.,,2477.0
1491,cust_MockBrandA_806,True,2019-05-28 12:00:00,MockBrandA website checkout is throwing a 500 error on step 3.,1492.0,
1180,cust_MockBrandA_640,True,2019-04-23 12:00:00,"Someone hacked into my MockBrandA account and changed my password, please help me lock it down!",1181.0,
1695,cust_MockBrandA_915,True,2019-01-26 12:00:00,Want to cancel my auto-renew membership with MockBrandA.,1696.0,
958,@MockBrandASupport,False,2019-01-27 12:30:00,So sorry for the wait. Please DM your order number and we'll escalate the refund to our billing team right away.,,957.0
1249,cust_MockBrandA_675,True,2019-04-10 12:00:00,"I demand to speak to a real human supervisor right now, your automated bots are useless!",1250.0,
3068,@MockBrandBCare,False,2019-09-28 12:30:00,We're aware of an iOS 17 issue - please try reinstalling the latest build. DM your device model if it persists.,,3067.0
3085,@MockBrandBCare,False,2019-02-12 12:30:00,Yes! You can export data from Settings > Data > Export CSV.,,3084.0
1632,@MockBrandASupport,False,2019-03-24 12:30:00,You can cancel anytime from Account > Subscription > Cancel. DM us if you don't see that option and we'll help directly.,,1631.0
1781,@MockBrandASupport,False,2019-08-14 12:30:00,We're really sorry to hear that. Please DM your case/order number so a senior agent can personally follow up.,,1780.0
644,cust_MockBrandA_354,True,2019-06-15 12:00:00,"If MockBrandA does not resolve this unauthorized charge of $42.99, I will pursue legal action with my lawyer.",645.0,
87,cust_MockBrandA_47,True,2019-06-18 12:00:00,"Locked out of my MockBrandA account for 2 days now, no reset email arriving.",88.0,
2040,cust_MockBrandA_1104,True,2019-06-11 12:00:00,"I demand to speak to a real human supervisor right now, your automated bots are useless!",2041.0,
1878,cust_MockBrandA_1014,True,2019-04-17 12:00:00,MockBrandA login button spins endlessly and never loads my profile.,1879.0,
360,cust_MockBrandA_197,True,2019-01-22 12:00:00,"Order #76496 never arrived and support keeps closing my ticket without a refund, 3rd time asking.",361.0,
309,@MockBrandASupport,False,2019-05-16 12:30:00,So sorry for the wait. Please DM your order number and we'll escalate the refund to our billing team right away.,,308.0
1365,@MockBrandASupport,False,2019-08-22 12:30:00,So sorry for the wait. Please DM your order number and we'll escalate the refund to our billing team right away.,,1364.0
2312,@MockBrandASupport,False,2019-03-20 12:30:00,You can cancel anytime from Account > Subscription > Cancel. DM us if you don't see that option and we'll help directly.,,2311.0
2349,@MockBrandASupport,False,2019-02-13 12:30:00,"Thanks for flagging this - please try updating to the latest app version, and DM us your device model if the crash continues.",,2348.0
1477,cust_MockBrandA_799,True,2019-06-20 12:00:00,"Support promised my refund for #78107 in 3 days, it has been two weeks now.",1478.0,
2544,cust_MockBrandB_31,True,2019-02-11 12:00:00,"MockBrandB keeps logging me out every few minutes, super annoying.",2545.0,
1106,cust_MockBrandA_601,True,2019-07-17 12:00:00,Search bar on MockBrandA website is broken and returns 0 results for everything.,1107.0,
1985,cust_MockBrandA_1074,True,2019-04-20 12:00:00,"MockBrandA charged me for a renewal after I already cancelled, and now the app won't even load.",1986.0,
1118,cust_MockBrandA_607,True,2019-05-22 12:00:00,"Order #71623 never arrived and support keeps closing my ticket without a refund, 3rd time asking.",1119.0,
1751,@MockBrandASupport,False,2019-06-23 12:30:00,Apologies for the delay! Please DM your order number and zip code so we can trace the package with the carrier.,,1750.0
327,cust_MockBrandA_179,True,2019-02-28 12:00:00,"Package from MockBrandA has been 'in transit' for 9 days, tracking not updating.",328.0,
1576,@MockBrandASupport,False,2019-05-15 12:30:00,You can cancel anytime from Account > Subscription > Cancel. DM us if you don't see that option and we'll help directly.,,1575.0
1983,cust_MockBrandA_1073,True,2019-08-20 12:00:00,Need a full refund for order #94153 because the item sent was completely wrong.,1984.0,
594,@MockBrandASupport,False,2019-04-26 12:30:00,We're sorry about that. Please DM us your order number and the last 4 digits of the card used so we can investigate the duplicate charge.,,593.0
2081,cust_MockBrandA_1127,True,2019-08-21 12:00:00,"MockBrandA charged me twice for the same order #70774, need this fixed.",2082.0,
236,@MockBrandASupport,False,2019-06-13 12:30:00,We're really sorry to hear that. Please DM your case/order number so a senior agent can personally follow up.,,235.0
777,cust_MockBrandA_424,True,2019-07-26 12:00:00,"Fourth time reporting this bug where order #39820 keeps failing, fix your platform!",778.0,
641,@MockBrandASupport,False,2019-03-24 12:30:00,Sorry for the trouble! Please try resetting your password from a private/incognito window - if it still fails DM us your registered email so we can look into your account.,,640.0
1500,@MockBrandASupport,False,2019-01-19 12:30:00,"Thanks for flagging this - please try updating to the latest app version, and DM us your device model if the crash continues.",,1499.0
307,@MockBrandASupport,False,2019-09-26 12:30:00,"Thanks for flagging this - please try updating to the latest app version, and DM us your device model if the crash continues.",,306.0
53,@MockBrandASupport,False,2019-02-17 12:30:00,Sorry for the trouble! Please try resetting your password from a private/incognito window - if it still fails DM us your registered email so we can look into your account.,,52.0
118,@MockBrandASupport,False,2019-04-12 12:30:00,So sorry for the wait. Please DM your order number and we'll escalate the refund to our billing team right away.,,117.0
3108,cust_MockBrandB_338,True,2019-01-21 12:00:00,"MockBrandB auto-renewed my subscription without any warning email, want a refund.",3109.0,
3159,cust_MockBrandB_365,True,2019-08-28 12:00:00,Does MockBrandB support exporting my data to CSV?,3160.0,
900,@MockBrandASupport,False,2019-06-26 12:30:00,So sorry for the wait. Please DM your order number and we'll escalate the refund to our billing team right away.,,899.0
202,cust_MockBrandA_111,True,2019-08-27 12:00:00,"Fourth time reporting this bug where order #86011 keeps failing, fix your platform!",203.0,
985,@MockBrandASupport,False,2019-02-26 12:30:00,So sorry for the wait. Please DM your order number and we'll escalate the refund to our billing team right away.,,984.0
2718,@MockBrandBCare,False,2019-08-20 12:30:00,Sorry for the delay - DM your order number so we can chase this with our logistics partner.,,2717.0
170,@MockBrandASupport,False,2019-05-12 12:30:00,Apologies for the delay! Please DM your order number and zip code so we can trace the package with the carrier.,,169.0
167,@MockBrandASupport,False,2019-07-17 12:30:00,We're sorry about that. Please DM us your order number and the last 4 digits of the card used so we can investigate the duplicate charge.,,166.0
2553,cust_MockBrandB_36,True,2019-02-16 12:00:00,"Third time contacting MockBrandB about the same bug, no fix yet.",2554.0,
661,@MockBrandASupport,False,2019-09-16 12:30:00,"Thanks for flagging this - please try updating to the latest app version, and DM us your device model if the crash continues.",,660.0
1217,cust_MockBrandA_659,True,2019-02-27 12:00:00,Want to cancel my auto-renew membership with MockBrandA.,1218.0,
63,cust_MockBrandA_33,True,2019-09-20 12:00:00,"Someone hacked into my MockBrandA account and changed my password, please help me lock it down!",64.0,
2277,@MockBrandASupport,False,2019-08-12 12:30:00,We're really sorry to hear that. Please DM your case/order number so a senior agent can personally follow up.,,2276.0
2611,@MockBrandBCare,False,2019-09-22 12:30:00,Apologies for the surprise renewal. DM your order ID and we'll process a refund review.,,2610.0
1342,cust_MockBrandA_723,True,2019-09-23 12:00:00,"Someone hacked into my MockBrandA account and changed my password, please help me lock it down!",1343.0,
3238,cust_MockBrandB_411,True,2019-03-14 12:00:00,MockBrandB app won't load past the splash screen on iOS 17.,3239.0,
1807,cust_MockBrandA_974,True,2019-05-23 12:00:00,"Can I get a refund for MockBrandA order #43496, item arrived damaged.",1808.0,
2126,@MockBrandASupport,False,2019-07-26 12:30:00,So sorry for the wait. Please DM your order number and we'll escalate the refund to our billing team right away.,,2125.0
566,@MockBrandASupport,False,2019-09-17 12:30:00,"Thanks for flagging this - please try updating to the latest app version, and DM us your device model if the crash continues.",,565.0
2153,@MockBrandASupport,False,2019-07-23 12:30:00,Sorry for the trouble! Please try resetting your password from a private/incognito window - if it still fails DM us your registered email so we can look into your account.,,2152.0
1281,cust_MockBrandA_692,True,2019-06-21 12:00:00,"Order #12453 never arrived and support keeps closing my ticket without a refund, 3rd time asking.",1282.0,
2786,cust_MockBrandB_162,True,2019-03-17 12:00:00,"Third time contacting MockBrandB about the same bug, no fix yet.",2787.0,
165,@MockBrandASupport,False,2019-01-14 12:30:00,We're really sorry to hear that. Please DM your case/order number so a senior agent can personally follow up.,,164.0
1943,cust_MockBrandA_1051,True,2019-03-23 12:00:00,"I noticed fraudulent unauthorized charges from MockBrandA on my card, my account was compromised!",1944.0,
865,@MockBrandASupport,False,2019-08-18 12:30:00,Sorry for the trouble! Please try resetting your password from a private/incognito window - if it still fails DM us your registered email so we can look into your account.,,864.0
147,cust_MockBrandA_80,True,2019-06-18 12:00:00,I have been transferred between 4 different agents and none of you are resolving my case.,148.0,
2593,@MockBrandBCare,False,2019-02-12 12:30:00,We're sorry this keeps happening. DM your case number so we can escalate internally.,,2592.0
3071,cust_MockBrandB_316,True,2019-03-20 12:00:00,"Still waiting on my MockBrandB order #80827, it's been 12 days.",3072.0,
1341,cust_MockBrandA_722,True,2019-07-24 12:00:00,Want to cancel my auto-renew membership with MockBrandA.,1342.0,
184,@MockBrandASupport,False,2019-08-12 12:30:00,We're sorry about that. Please DM us your order number and the last 4 digits of the card used so we can investigate the duplicate charge.,,183.0
1452,@MockBrandASupport,False,2019-07-16 12:30:00,We're sorry about that. Please DM us your order number and the last 4 digits of the card used so we can investigate the duplicate charge.,,1451.0
287,@MockBrandASupport,False,2019-04-22 12:30:00,You can cancel anytime from Account > Subscription > Cancel. DM us if you don't see that option and we'll help directly.,,286.0
421,cust_MockBrandA_231,True,2019-06-11 12:00:00,"Extremely disappointed with MockBrandA support response time, this is the 3rd time I've written in.",422.0,
2269,@MockBrandASupport,False,2019-01-17 12:30:00,So sorry for the wait. Please DM your order number and we'll escalate the refund to our billing team right away.,,2268.0
876,cust_MockBrandA_480,True,2019-07-14 12:00:00,My MockBrandA order #73167 says delivered but I never received it.,877.0,
2538,@MockBrandBCare,False,2019-01-22 12:30:00,"Sorry about that! Please clear your app cache and reinstall - if the issue continues, DM your account email.",,2537.0
366,@MockBrandASupport,False,2019-02-24 12:30:00,We're sorry about that. Please DM us your order number and the last 4 digits of the card used so we can investigate the duplicate charge.,,365.0
1580,@MockBrandASupport,False,2019-07-18 12:30:00,So sorry for the wait. Please DM your order number and we'll escalate the refund to our billing team right away.,,1579.0
2396,cust_MockBrandA_1300,True,2019-01-19 12:00:00,Didn't receive the 2FA SMS verification code to log into my MockBrandA account.,2397.0,
2695,cust_MockBrandB_113,True,2019-07-25 12:00:00,"MockBrandB auto-renewed my subscription without any warning email, want a refund.",2696.0,
2755,@MockBrandBCare,False,2019-06-28 12:30:00,Apologies for the surprise renewal. DM your order ID and we'll process a refund review.,,2754.0
532,cust_MockBrandA_291,True,2019-09-11 12:00:00,I got charged a monthly renewal fee of $72.99 even though I paused my subscription.,533.0,
1517,@MockBrandASupport,False,2019-01-18 12:30:00,We're really sorry to hear that. Please DM your case/order number so a senior agent can personally follow up.,,1516.0
1101,@MockBrandASupport,False,2019-08-27 12:30:00,We're sorry about that. Please DM us your order number and the last 4 digits of the card used so we can investigate the duplicate charge.,,1100.0
1688,@MockBrandASupport,False,2019-04-15 12:30:00,You can cancel anytime from Account > Subscription > Cancel. DM us if you don't see that option and we'll help directly.,,1687.0
695,@MockBrandASupport,False,2019-06-10 12:30:00,So sorry for the wait. Please DM your order number and we'll escalate the refund to our billing team right away.,,694.0
2280,@MockBrandASupport,False,2019-06-23 12:30:00,We're really sorry to hear that. Please DM your case/order number so a senior agent can personally follow up.,,2279.0
2402,cust_MockBrandA_1303,True,2019-02-18 12:00:00,"Tracking says delivery attempted for order #52193, but I was home all day.",2403.0,
1467,cust_MockBrandA_793,True,2019-08-26 12:00:00,Why does the MockBrandA app keep logging me out every 5 minutes?,1468.0,
1423,cust_MockBrandA_768,True,2019-01-15 12:00:00,"Cancel button is disabled in my account settings, please assist.",1424.0,
152,cust_MockBrandA_83,True,2019-06-25 12:00:00,"Support promised my refund for #63005 in 3 days, it has been two weeks now.",153.0,
3224,cust_MockBrandB_404,True,2019-03-20 12:00:00,"MockBrandB auto-renewed my subscription without any warning email, want a refund.",3225.0,
1042,@MockBrandASupport,False,2019-08-24 12:30:00,You can cancel anytime from Account > Subscription > Cancel. DM us if you don't see that option and we'll help directly.,,1041.0
104,@MockBrandASupport,False,2019-04-14 12:30:00,We're really sorry to hear that. Please DM your case/order number so a senior agent can personally follow up.,,103.0
3278,@MockBrandBCare,False,2019-06-22 12:30:00,"Sorry about that! Please clear your app cache and reinstall - if the issue continues, DM your account email.",,3277.0
3235,@MockBrandBCare,False,2019-04-17 12:30:00,Sorry for the delay - DM your order number so we can chase this with our logistics partner.,,3234.0
1815,cust_MockBrandA_978,True,2019-04-10 12:00:00,Why does the MockBrandA app keep logging me out every 5 minutes?,1816.0,
2406,@MockBrandASupport,False,2019-04-25 12:30:00,Sorry for the trouble! Please try resetting your password from a private/incognito window - if it still fails DM us your registered email so we can look into your account.,,2405.0
2491,cust_MockBrandB_1,True,2019-08-21 12:00:00,"Still waiting on my MockBrandB order #97495, it's been 12 days.",2492.0,
1061,cust_MockBrandA_578,True,2019-05-15 12:00:00,Why was I billed $56.99 when my plan is supposed to be $44.99?,1062.0,
109,cust_MockBrandA_59,True,2019-04-13 12:00:00,"MockBrandA charged me for a renewal after I already cancelled, and now the app won't even load.",110.0,
277,@MockBrandASupport,False,2019-02-23 12:30:00,We're sorry about that. Please DM us your order number and the last 4 digits of the card used so we can investigate the duplicate charge.,,276.0
2962,@MockBrandBCare,False,2019-02-15 12:30:00,Yes! You can export data from Settings > Data > Export CSV.,,2961.0
1538,@MockBrandASupport,False,2019-09-28 12:30:00,Sorry for the trouble! Please try resetting your password from a private/incognito window - if it still fails DM us your registered email so we can look into your account.,,1537.0
982,cust_MockBrandA_536,True,2019-09-18 12:00:00,MockBrandA login button spins endlessly and never loads my profile.,983.0,
1148,cust_MockBrandA_623,True,2019-06-17 12:00:00,"MockBrandA charged me for a renewal after I already cancelled, and now the app won't even load.",1149.0,
232,@MockBrandASupport,False,2019-03-12 12:30:00,We're really sorry to hear that. Please DM your case/order number so a senior agent can personally follow up.,,231.0
3189,cust_MockBrandB_383,True,2019-05-17 12:00:00,Does MockBrandB support exporting my data to CSV?,3190.0,
471,@MockBrandASupport,False,2019-02-15 12:30:00,So sorry for the wait. Please DM your order number and we'll escalate the refund to our billing team right away.,,470.0
111,cust_MockBrandA_60,True,2019-09-23 12:00:00,"Can't log in to check on my order #88047, app just spins forever.",112.0,
1608,@MockBrandASupport,False,2019-05-23 12:30:00,So sorry for the wait. Please DM your order number and we'll escalate the refund to our billing team right away.,,1607.0
237,cust_MockBrandA_131,True,2019-07-27 12:00:00,"Extremely disappointed with MockBrandA support response time, this is the 3rd time I've written in.",238.0,
2534,@MockBrandBCare,False,2019-01-13 12:30:00,"Sorry about that! Please clear your app cache and reinstall - if the issue continues, DM your account email.",,2533.0
187,@MockBrandASupport,False,2019-02-20 12:30:00,"Thanks for flagging this - please try updating to the latest app version, and DM us your device model if the crash continues.",,186.0
3161,cust_MockBrandB_366,True,2019-05-21 12:00:00,MockBrandB app won't load past the splash screen on iOS 17.,3162.0,
2017,cust_MockBrandA_1092,True,2019-02-28 12:00:00,"Fourth time reporting this bug where order #50367 keeps failing, fix your platform!",2018.0,
770,@MockBrandASupport,False,2019-05-12 12:30:00,We're really sorry to hear that. Please DM your case/order number so a senior agent can personally follow up.,,769.0
606,cust_MockBrandA_332,True,2019-07-22 12:00:00,"MockBrandA charged me for a renewal after I already cancelled, and now the app won't even load.",607.0,
1630,cust_MockBrandA_880,True,2019-07-10 12:00:00,Saw an unexpected extra fee of $40.99 on my latest MockBrandA invoice.,1631.0,
1434,@MockBrandASupport,False,2019-02-12 12:30:00,We're sorry about that. Please DM us your order number and the last 4 digits of the card used so we can investigate the duplicate charge.,,1433.0
2510,@MockBrandBCare,False,2019-06-10 12:30:00,"Sorry about that! Please clear your app cache and reinstall - if the issue continues, DM your account email.",,2509.0
439,@MockBrandASupport,False,2019-07-14 12:30:00,We're really sorry to hear that. Please DM your case/order number so a senior agent can personally follow up.,,438.0
533,@MockBrandASupport,False,2019-02-11 12:30:00,We're sorry about that. Please DM us your order number and the last 4 digits of the card used so we can investigate the duplicate charge.,,532.0
647,@MockBrandASupport,False,2019-02-14 12:30:00,You can cancel anytime from Account > Subscription > Cancel. DM us if you don't see that option and we'll help directly.,,646.0
3144,@MockBrandBCare,False,2019-08-11 12:30:00,We're sorry this keeps happening. DM your case number so we can escalate internally.,,3143.0
912,cust_MockBrandA_499,True,2019-02-27 12:00:00,"Order #14234 never arrived and support keeps closing my ticket without a refund, 3rd time asking.",913.0,
1291,cust_MockBrandA_697,True,2019-05-20 12:00:00,"Returned my package 10 days ago for order #54579, when will my refund be credited?",1292.0,
1938,cust_MockBrandA_1048,True,2019-04-10 12:00:00,"Returned my package 10 days ago for order #75860, when will my refund be credited?",1939.0,
920,@MockBrandASupport,False,2019-01-23 12:30:00,You can cancel anytime from Account > Subscription > Cancel. DM us if you don't see that option and we'll help directly.,,919.0
2298,@MockBrandASupport,False,2019-02-20 12:30:00,We're sorry about that. Please DM us your order number and the last 4 digits of the card used so we can investigate the duplicate charge.,,2297.0
1425,cust_MockBrandA_769,True,2019-04-16 12:00:00,"Cannot apply discount codes at checkout on the MockBrandA app, getting an error.",1426.0,
1260,cust_MockBrandA_681,True,2019-09-12 12:00:00,Your iOS app freezes completely on the home screen after latest update.,1261.0,
1747,@MockBrandASupport,False,2019-02-14 12:30:00,"Thanks for flagging this - please try updating to the latest app version, and DM us your device model if the crash continues.",,1746.0
2023,@MockBrandASupport,False,2019-09-13 12:30:00,So sorry for the wait. Please DM your order number and we'll escalate the refund to our billing team right away.,,2022.0
1767,cust_MockBrandA_953,True,2019-05-23 12:00:00,"Locked out of my MockBrandA account for 2 days now, no reset email arriving.",1768.0,
2184,cust_MockBrandA_1181,True,2019-06-19 12:00:00,"Cancel button is disabled in my account settings, please assist.",2185.0,
1200,cust_MockBrandA_650,True,2019-04-18 12:00:00,"Package from MockBrandA has been 'in transit' for 9 days, tracking not updating.",1201.0,
3075,cust_MockBrandB_319,True,2019-08-25 12:00:00,MockBrandB app won't load past the splash screen on iOS 17.,3076.0,
2065,cust_MockBrandA_1118,True,2019-06-14 12:00:00,I have been transferred between 4 different agents and none of you are resolving my case.,2066.0,
3163,cust_MockBrandB_368,True,2019-03-22 12:00:00,"MockBrandB auto-renewed my subscription without any warning email, want a refund.",3164.0,
1066,@MockBrandASupport,False,2019-04-13 12:30:00,"Thanks for flagging this - please try updating to the latest app version, and DM us your device model if the crash continues.",,1065.0
2866,cust_MockBrandB_205,True,2019-04-25 12:00:00,"Still waiting on my MockBrandB order #64118, it's been 12 days.",2867.0,
341,cust_MockBrandA_186,True,2019-05-22 12:00:00,Your iOS app freezes completely on the home screen after latest update.,342.0,
1308,@MockBrandASupport,False,2019-04-27 12:30:00,Sorry for the trouble! Please try resetting your password from a private/incognito window - if it still fails DM us your registered email so we can look into your account.,,1307.0
2019,cust_MockBrandA_1093,True,2019-05-10 12:00:00,"Tracking says delivery attempted for order #37462, but I was home all day.",2020.0,
1875,@MockBrandASupport,False,2019-08-24 12:30:00,You can cancel anytime from Account > Subscription > Cancel. DM us if you don't see that option and we'll help directly.,,1874.0
851,cust_MockBrandA_466,True,2019-01-19 12:00:00,"Package from MockBrandA has been 'in transit' for 9 days, tracking not updating.",852.0,
2955,cust_MockBrandB_253,True,2019-04-16 12:00:00,"Still waiting on my MockBrandB order #51331, it's been 12 days.",2956.0,
2388,cust_MockBrandA_1295,True,2019-01-12 12:00:00,"Order #79142 never arrived and support keeps closing my ticket without a refund, 3rd time asking.",2389.0,
434,@MockBrandASupport,False,2019-09-25 12:30:00,You can cancel anytime from Account > Subscription > Cancel. DM us if you don't see that option and we'll help directly.,,433.0
323,cust_MockBrandA_177,True,2019-06-19 12:00:00,"MockBrandA charged me for a renewal after I already cancelled, and now the app won't even load.",324.0,
2414,cust_MockBrandA_1310,True,2019-08-26 12:00:00,"Extremely disappointed with MockBrandA support response time, this is the 3rd time I've written in.",2415.0,
2692,@MockBrandBCare,False,2019-02-13 12:30:00,We're aware of an iOS 17 issue - please try reinstalling the latest build. DM your device model if it persists.,,2691.0
2966,cust_MockBrandB_259,True,2019-07-13 12:00:00,"MockBrandB keeps logging me out every few minutes, super annoying.",2967.0,
2160,@MockBrandASupport,False,2019-06-23 12:30:00,"Thanks for flagging this - please try updating to the latest app version, and DM us your device model if the crash continues.",,2159.0
1092,cust_MockBrandA_594,True,2019-03-10 12:00:00,"I demand to speak to a real human supervisor right now, your automated bots are useless!",1093.0,
2604,cust_MockBrandB_64,True,2019-03-18 12:00:00,"MockBrandB auto-renewed my subscription without any warning email, want a refund.",2605.0,
768,@MockBrandASupport,False,2019-02-19 12:30:00,You can cancel anytime from Account > Subscription > Cancel. DM us if you don't see that option and we'll help directly.,,767.0
351,cust_MockBrandA_192,True,2019-01-12 12:00:00,I got charged a monthly renewal fee of $67.99 even though I paused my subscription.,352.0,
1754,cust_MockBrandA_946,True,2019-06-10 12:00:00,Please cancel my order #63648 immediately before it ships out.,1755.0,
775,cust_MockBrandA_423,True,2019-02-12 12:00:00,"Your product arrived broken for order #18079, cancel my recurring contract immediately.",776.0,
971,cust_MockBrandA_530,True,2019-07-28 12:00:00,"Waiting on hold for 2 hours for order #92788, absolutely unacceptable support.",972.0,
1626,cust_MockBrandA_877,True,2019-04-18 12:00:00,"Order #65545 never arrived and support keeps closing my ticket without a refund, 3rd time asking.",1627.0,
2986,cust_MockBrandB_270,True,2019-08-28 12:00:00,Does MockBrandB support exporting my data to CSV?,2987.0,
2456,cust_MockBrandA_1332,True,2019-06-10 12:00:00,I have been transferred between 4 different agents and none of you are resolving my case.,2457.0,
885,cust_MockBrandA_485,True,2019-05-26 12:00:00,"Can't log in to check on my order #81971, app just spins forever.",886.0,
614,cust_MockBrandA_336,True,2019-03-15 12:00:00,"Can't log in to check on my order #31871, app just spins forever.",615.0,
751,@MockBrandASupport,False,2019-02-17 12:30:00,Sorry for the trouble! Please try resetting your password from a private/incognito window - if it still fails DM us your registered email so we can look into your account.,,750.0
419,cust_MockBrandA_230,True,2019-05-25 12:00:00,I have been transferred between 4 different agents and none of you are resolving my case.,420.0,
242,cust_MockBrandA_134,True,2019-08-19 12:00:00,"Support promised my refund for #94889 in 3 days, it has been two weeks now.",243.0,
65,@MockBrandASupport,False,2019-05-24 12:30:00,So sorry for the wait. Please DM your order number and we'll escalate the refund to our billing team right away.,,64.0
2294,@MockBrandASupport,False,2019-02-17 12:30:00,We're sorry about that. Please DM us your order number and the last 4 digits of the card used so we can investigate the duplicate charge.,,2293.0
2303,cust_MockBrandA_1248,True,2019-01-16 12:00:00,Your iOS app freezes completely on the home screen after latest update.,2304.0,
463,cust_MockBrandA_254,True,2019-08-15 12:00:00,Please cancel my order #33040 immediately before it ships out.,464.0,
1461,cust_MockBrandA_790,True,2019-01-21 12:00:00,Saw an unexpected extra fee of $56.99 on my latest MockBrandA invoice.,1462.0,
1485,cust_MockBrandA_803,True,2019-06-15 12:00:00,"Your product arrived broken for order #26577, cancel my recurring contract immediately.",1486.0,
944,@MockBrandASupport,False,2019-08-22 12:30:00,Apologies for the delay! Please DM your order number and zip code so we can trace the package with the carrier.,,943.0
2107,cust_MockBrandA_1140,True,2019-04-21 12:00:00,Need a full refund for order #19248 because the item sent was completely wrong.,2108.0,
2659,@MockBrandBCare,False,2019-04-28 12:30:00,Sorry for the delay - DM your order number so we can chase this with our logistics partner.,,2658.0
405,cust_MockBrandA_222,True,2019-03-15 12:00:00,"MockBrandA charged me twice for the same order #75873, need this fixed.",406.0,
2440,cust_MockBrandA_1323,True,2019-01-21 12:00:00,I have been transferred between 4 different agents and none of you are resolving my case.,2441.0,
1380,cust_MockBrandA_745,True,2019-03-13 12:00:00,"Someone hacked into my MockBrandA account and changed my password, please help me lock it down!",1381.0,
368,@MockBrandASupport,False,2019-05-26 12:30:00,Sorry for the trouble! Please try resetting your password from a private/incognito window - if it still fails DM us your registered email so we can look into your account.,,367.0
3259,cust_MockBrandB_422,True,2019-04-17 12:00:00,"Third time contacting MockBrandB about the same bug, no fix yet.",3260.0,
480,cust_MockBrandA_263,True,2019-04-17 12:00:00,"Can't log in to check on my order #71712, app just spins forever.",481.0,
322,@MockBrandASupport,False,2019-08-24 12:30:00,We're sorry about that. Please DM us your order number and the last 4 digits of the card used so we can investigate the duplicate charge.,,321.0
3268,@MockBrandBCare,False,2019-04-13 12:30:00,Apologies for the surprise renewal. DM your order ID and we'll process a refund review.,,3267.0
2341,@MockBrandASupport,False,2019-07-18 12:30:00,So sorry for the wait. Please DM your order number and we'll escalate the refund to our billing team right away.,,2340.0
2305,@MockBrandASupport,False,2019-05-22 12:30:00,You can cancel anytime from Account > Subscription > Cancel. DM us if you don't see that option and we'll help directly.,,2304.0
3061,cust_MockBrandB_311,True,2019-04-24 12:00:00,"MockBrandB keeps logging me out every few minutes, super annoying.",3062.0,
1171,cust_MockBrandA_635,True,2019-07-28 12:00:00,"Package from MockBrandA has been 'in transit' for 9 days, tracking not updating.",1172.0,
2762,@MockBrandBCare,False,2019-08-28 12:30:00,We're aware of an iOS 17 issue - please try reinstalling the latest build. DM your device model if it persists.,,2761.0
1880,cust_MockBrandA_1015,True,2019-07-15 12:00:00,"Worst customer service experience ever from MockBrandA, rude agents and no resolution.",1881.0,
56,@MockBrandASupport,False,2019-09-25 12:30:00,So sorry for the wait. Please DM your order number and we'll escalate the refund to our billing team right away.,,55.0
2177,@MockBrandASupport,False,2019-08-21 12:30:00,Apologies for the delay! Please DM your order number and zip code so we can trace the package with the carrier.,,2176.0
1140,@MockBrandASupport,False,2019-09-22 12:30:00,Apologies for the delay! Please DM your order number and zip code so we can trace the package with the carrier.,,1139.0
2240,@MockBrandASupport,False,2019-07-20 12:30:00,"Thanks for flagging this - please try updating to the latest app version, and DM us your device model if the crash continues.",,2239.0
3214,cust_MockBrandB_399,True,2019-08-20 12:00:00,Does MockBrandB support exporting my data to CSV?,3215.0,
715,cust_MockBrandA_391,True,2019-03-16 12:00:00,Saw an unexpected extra fee of $17.99 on my latest MockBrandA invoice.,716.0,
2576,cust_MockBrandB_49,True,2019-08-15 12:00:00,Does MockBrandB support exporting my data to CSV?,2577.0,
2401,@MockBrandASupport,False,2019-08-25 12:30:00,You can cancel anytime from Account > Subscription > Cancel. DM us if you don't see that option and we'll help directly.,,2400.0
569,cust_MockBrandA_312,True,2019-07-18 12:00:00,I have been transferred between 4 different agents and none of you are resolving my case.,570.0,
2789,@MockBrandBCare,False,2019-01-16 12:30:00,"Sorry about that! Please clear your app cache and reinstall - if the issue continues, DM your account email.",,2788.0
2505,cust_MockBrandB_9,True,2019-01-10 12:00:00,Does MockBrandB support exporting my data to CSV?,2506.0,
2144,@MockBrandASupport,False,2019-06-13 12:30:00,We're sorry about that. Please DM us your order number and the last 4 digits of the card used so we can investigate the duplicate charge.,,2143.0
1032,@MockBrandASupport,False,2019-01-15 12:30:00,So sorry for the wait. Please DM your order number and we'll escalate the refund to our billing team right away.,,1031.0
182,@MockBrandASupport,False,2019-03-25 12:30:00,You can cancel anytime from Account > Subscription > Cancel. DM us if you don't see that option and we'll help directly.,,181.0
3311,cust_MockBrandB_449,True,2019-04-12 12:00:00,MockBrandB app won't load past the splash screen on iOS 17.,3312.0,
678,cust_MockBrandA_372,True,2019-01-20 12:00:00,Your iOS app freezes completely on the home screen after latest update.,679.0,
1706,@MockBrandASupport,False,2019-07-19 12:30:00,Sorry for the trouble! Please try resetting your password from a private/incognito window - if it still fails DM us your registered email so we can look into your account.,,1705.0
444,cust_MockBrandA_244,True,2019-07-20 12:00:00,"Can't log in to check on my order #52604, app just spins forever.",445.0,
1003,cust_MockBrandA_547,True,2019-07-14 12:00:00,"Locked out of my MockBrandA account for 2 days now, no reset email arriving.",1004.0,
2676,cust_MockBrandB_103,True,2019-05-24 12:00:00,MockBrandB app won't load past the splash screen on iOS 17.,2677.0,
343,cust_MockBrandA_187,True,2019-01-25 12:00:00,"Returned my package 10 days ago for order #89254, when will my refund be credited?",344.0,
2634,cust_MockBrandB_81,True,2019-02-17 12:00:00,"Third time contacting MockBrandB about the same bug, no fix yet.",2635.0,
2141,cust_MockBrandA_1158,True,2019-05-26 12:00:00,"I demand to speak to a real human supervisor right now, your automated bots are useless!",2142.0,
975,cust_MockBrandA_532,True,2019-07-21 12:00:00,"Extremely disappointed with MockBrandA support response time, this is the 3rd time I've written in.",976.0,
91,cust_MockBrandA_50,True,2019-07-28 12:00:00,The MockBrandA app crashes every time I open the payments tab.,92.0,
2727,@MockBrandBCare,False,2019-03-10 12:30:00,We're sorry this keeps happening. DM your case number so we can escalate internally.,,2726.0
2376,cust_MockBrandA_1289,True,2019-06-16 12:00:00,"I can't log into my MockBrandA account, it keeps saying invalid password even after reset.",2377.0,
2665,@MockBrandBCare,False,2019-03-27 12:30:00,We're sorry this keeps happening. DM your case number so we can escalate internally.,,2664.0
3149,cust_MockBrandB_360,True,2019-04-20 12:00:00,Does MockBrandB support exporting my data to CSV?,3150.0,
1829,cust_MockBrandA_987,True,2019-08-10 12:00:00,I got charged a monthly renewal fee of $10.99 even though I paused my subscription.,1830.0,
1333,cust_MockBrandA_718,True,2019-09-21 12:00:00,Your iOS app freezes completely on the home screen after latest update.,1334.0,
244,cust_MockBrandA_135,True,2019-02-13 12:00:00,MockBrandA login button spins endlessly and never loads my profile.,245.0,
1253,cust_MockBrandA_677,True,2019-01-17 12:00:00,Please cancel my order #67917 immediately before it ships out.,1254.0,
2196,cust_MockBrandA_1187,True,2019-08-26 12:00:00,Need a full refund for order #87609 because the item sent was completely wrong.,2197.0,
2461,cust_MockBrandA_1335,True,2019-02-18 12:00:00,"I demand to speak to a real human supervisor right now, your automated bots are useless!",2462.0,
192,cust_MockBrandA_106,True,2019-08-25 12:00:00,"Tracking says delivery attempted for order #81987, but I was home all day.",193.0,
429,cust_MockBrandA_236,True,2019-09-11 12:00:00,MockBrandA billed my credit card after I switched payment methods.,430.0,
922,@MockBrandASupport,False,2019-01-20 12:30:00,Apologies for the delay! Please DM your order number and zip code so we can trace the package with the carrier.,,921.0
1206,cust_MockBrandA_653,True,2019-04-26 12:00:00,"Extremely disappointed with MockBrandA support response time, this is the 3rd time I've written in.",1207.0,
1317,cust_MockBrandA_710,True,2019-09-24 12:00:00,"Can't log in to check on my order #95124, app just spins forever.",1318.0,
1708,@MockBrandASupport,False,2019-03-16 12:30:00,"Thanks for flagging this - please try updating to the latest app version, and DM us your device model if the crash continues.",,1707.0
247,@MockBrandASupport,False,2019-03-23 12:30:00,"Thanks for flagging this - please try updating to the latest app version, and DM us your device model if the crash continues.",,246.0
3063,cust_MockBrandB_312,True,2019-08-17 12:00:00,"MockBrandB auto-renewed my subscription without any warning email, want a refund.",3064.0,
1204,cust_MockBrandA_652,True,2019-08-27 12:00:00,Search bar on MockBrandA website is broken and returns 0 results for everything.,1205.0,
2950,cust_MockBrandB_250,True,2019-06-27 12:00:00,"MockBrandB auto-renewed my subscription without any warning email, want a refund.",2951.0,
2991,@MockBrandBCare,False,2019-08-28 12:30:00,Apologies for the surprise renewal. DM your order ID and we'll process a refund review.,,2990.0
1768,cust_MockBrandA_954,True,2019-09-21 12:00:00,Saw an unexpected extra fee of $57.99 on my latest MockBrandA invoice.,1769.0,
2429,@MockBrandASupport,False,2019-08-19 12:30:00,We're really sorry to hear that. Please DM your case/order number so a senior agent can personally follow up.,,2428.0
1437,cust_MockBrandA_775,True,2019-04-22 12:00:00,"Support promised my refund for #22853 in 3 days, it has been two weeks now.",1438.0,
3065,cust_MockBrandB_313,True,2019-01-19 12:00:00,"MockBrandB auto-renewed my subscription without any warning email, want a refund.",3066.0,
2585,@MockBrandBCare,False,2019-04-20 12:30:00,"Sorry about that! Please clear your app cache and reinstall - if the issue continues, DM your account email.",,2584.0
453,cust_MockBrandA_249,True,2019-05-27 12:00:00,"Worst customer service experience ever from MockBrandA, rude agents and no resolution.",454.0,
2331,cust_MockBrandA_1265,True,2019-07-10 12:00:00,"Cannot apply discount codes at checkout on the MockBrandA app, getting an error.",2332.0,
904,cust_MockBrandA_495,True,2019-04-19 12:00:00,"Can't log in to check on my order #92913, app just spins forever.",905.0,
1874,cust_MockBrandA_1012,True,2019-04-12 12:00:00,Want to cancel my auto-renew membership with MockBrandA.,1875.0,
2169,cust_MockBrandA_1173,True,2019-04-12 12:00:00,MockBrandA billed my credit card after I switched payment methods.,2170.0,
2297,cust_MockBrandA_1245,True,2019-07-16 12:00:00,"MockBrandA charged me twice for the same order #33628, need this fixed.",2298.0,
2570,cust_MockBrandB_46,True,2019-05-21 12:00:00,"Still waiting on my MockBrandB order #54241, it's been 12 days.",2571.0,
845,cust_MockBrandA_463,True,2019-03-16 12:00:00,How do I cancel my MockBrandA subscription? Can't find the option anywhere.,846.0,
957,cust_MockBrandA_522,True,2019-05-16 12:00:00,"Requested a refund on order #34116 a week ago, still nothing.",958.0,
420,@MockBrandASupport,False,2019-07-26 12:30:00,We're really sorry to hear that. Please DM your case/order number so a senior agent can personally follow up.,,419.0
2524,@MockBrandBCare,False,2019-06-10 12:30:00,Sorry for the delay - DM your order number so we can chase this with our logistics partner.,,2523.0
2641,@MockBrandBCare,False,2019-08-15 12:30:00,Apologies for the surprise renewal. DM your order ID and we'll process a refund review.,,2640.0
3177,@MockBrandBCare,False,2019-03-18 12:30:00,We're aware of an iOS 17 issue - please try reinstalling the latest build. DM your device model if it persists.,,3176.0
3107,@MockBrandBCare,False,2019-06-14 12:30:00,Yes! You can export data from Settings > Data > Export CSV.,,3106.0
1387,@MockBrandASupport,False,2019-03-25 12:30:00,Apologies for the delay! Please DM your order number and zip code so we can trace the package with the carrier.,,1386.0
212,cust_MockBrandA_117,True,2019-06-25 12:00:00,MockBrandA website checkout is throwing a 500 error on step 3.,213.0,
1871,@MockBrandASupport,False,2019-05-20 12:30:00,We're sorry about that. Please DM us your order number and the last 4 digits of the card used so we can investigate the duplicate charge.,,1870.0
3035,cust_MockBrandB_297,True,2019-08-27 12:00:00,MockBrandB app won't load past the splash screen on iOS 17.,3036.0,
1152,cust_MockBrandA_625,True,2019-01-12 12:00:00,Didn't receive the 2FA SMS verification code to log into my MockBrandA account.,1153.0,
2372,cust_MockBrandA_1287,True,2019-07-10 12:00:00,"Someone hacked into my MockBrandA account and changed my password, please help me lock it down!",2373.0,
467,@MockBrandASupport,False,2019-06-15 12:30:00,We're really sorry to hear that. Please DM your case/order number so a senior agent can personally follow up.,,466.0
1010,cust_MockBrandA_551,True,2019-02-19 12:00:00,I got charged a monthly renewal fee of $71.99 even though I paused my subscription.,1011.0,
1949,@MockBrandASupport,False,2019-05-16 12:30:00,"Thanks for flagging this - please try updating to the latest app version, and DM us your device model if the crash continues.",,1948.0
1091,@MockBrandASupport,False,2019-05-24 12:30:00,Apologies for the delay! Please DM your order number and zip code so we can trace the package with the carrier.,,1090.0
494,cust_MockBrandA_270,True,2019-02-27 12:00:00,Search bar on MockBrandA website is broken and returns 0 results for everything.,495.0,
2194,cust_MockBrandA_1186,True,2019-05-16 12:00:00,"Can't log in to check on my order #61150, app just spins forever.",2195.0,
1385,@MockBrandASupport,False,2019-01-18 12:30:00,So sorry for the wait. Please DM your order number and we'll escalate the refund to our billing team right away.,,1384.0
689,@MockBrandASupport,False,2019-09-11 12:30:00,Apologies for the delay! Please DM your order number and zip code so we can trace the package with the carrier.,,688.0
94,@MockBrandASupport,False,2019-06-20 12:30:00,Sorry for the trouble! Please try resetting your password from a private/incognito window - if it still fails DM us your registered email so we can look into your account.,,93.0
2776,cust_MockBrandB_156,True,2019-07-15 12:00:00,"Still waiting on my MockBrandB order #28541, it's been 12 days.",2777.0,
502,cust_MockBrandA_274,True,2019-01-24 12:00:00,My MockBrandA order #37011 says delivered but I never received it.,503.0,
3032,@MockBrandBCare,False,2019-05-21 12:30:00,Sorry for the delay - DM your order number so we can chase this with our logistics partner.,,3031.0
3031,cust_MockBrandB_295,True,2019-09-20 12:00:00,"Still waiting on my MockBrandB order #46158, it's been 12 days.",3032.0,
967,cust_MockBrandA_527,True,2019-08-24 12:00:00,Your iOS app freezes completely on the home screen after latest update.,968.0,
2715,@MockBrandBCare,False,2019-01-17 12:30:00,Yes! You can export data from Settings > Data > Export CSV.,,2714.0
1805,cust_MockBrandA_973,True,2019-02-13 12:00:00,The MockBrandA app crashes every time I open the payments tab.,1806.0,
731,cust_MockBrandA_399,True,2019-06-28 12:00:00,"Tracking says delivery attempted for order #17679, but I was home all day.",732.0,
1156,cust_MockBrandA_627,True,2019-09-23 12:00:00,"Your product arrived broken for order #91962, cancel my recurring contract immediately.",1157.0,
2101,cust_MockBrandA_1137,True,2019-04-14 12:00:00,MockBrandA login button spins endlessly and never loads my profile.,2102.0,
1233,cust_MockBrandA_667,True,2019-01-27 12:00:00,My MockBrandA order #77987 says delivered but I never received it.,1234.0,
3122,@MockBrandBCare,False,2019-09-15 12:30:00,We're aware of an iOS 17 issue - please try reinstalling the latest build. DM your device model if it persists.,,3121.0
824,@MockBrandASupport,False,2019-08-14 12:30:00,We're really sorry to hear that. Please DM your case/order number so a senior agent can personally follow up.,,823.0
2539,cust_MockBrandB_28,True,2019-07-27 12:00:00,MockBrandB app won't load past the splash screen on iOS 17.,2540.0,
409,cust_MockBrandA_224,True,2019-05-25 12:00:00,I have been transferred between 4 different agents and none of you are resolving my case.,410.0,
1787,@MockBrandASupport,False,2019-01-14 12:30:00,We're sorry about that. Please DM us your order number and the last 4 digits of the card used so we can investigate the duplicate charge.,,1786.0
1432,@MockBrandASupport,False,2019-08-11 12:30:00,We're sorry about that. Please DM us your order number and the last 4 digits of the card used so we can investigate the duplicate charge.,,1431.0
515,@MockBrandASupport,False,2019-03-22 12:30:00,We're sorry about that. Please DM us your order number and the last 4 digits of the card used so we can investigate the duplicate charge.,,514.0
871,@MockBrandASupport,False,2019-06-10 12:30:00,We're sorry about that. Please DM us your order number and the last 4 digits of the card used so we can investigate the duplicate charge.,,870.0
1932,cust_MockBrandA_1044,True,2019-09-12 12:00:00,Need a full refund for order #40544 because the item sent was completely wrong.,1933.0,
223,cust_MockBrandA_124,True,2019-05-24 12:00:00,"Fourth time reporting this bug where order #49210 keeps failing, fix your platform!",224.0,
384,@MockBrandASupport,False,2019-06-22 12:30:00,You can cancel anytime from Account > Subscription > Cancel. DM us if you don't see that option and we'll help directly.,,383.0
397,@MockBrandASupport,False,2019-07-28 12:30:00,We're sorry about that. Please DM us your order number and the last 4 digits of the card used so we can investigate the duplicate charge.,,396.0
1844,cust_MockBrandA_997,True,2019-07-23 12:00:00,"I can't log into my MockBrandA account, it keeps saying invalid password even after reset.",1845.0,
1564,@MockBrandASupport,False,2019-07-25 12:30:00,Apologies for the delay! Please DM your order number and zip code so we can trace the package with the carrier.,,1563.0
699,@MockBrandASupport,False,2019-04-26 12:30:00,We're really sorry to hear that. Please DM your case/order number so a senior agent can personally follow up.,,698.0
1164,cust_MockBrandA_631,True,2019-01-11 12:00:00,Your iOS app freezes completely on the home screen after latest update.,1165.0,
2092,@MockBrandASupport,False,2019-02-11 12:30:00,So sorry for the wait. Please DM your order number and we'll escalate the refund to our billing team right away.,,2091.0
2668,cust_MockBrandB_99,True,2019-02-26 12:00:00,"MockBrandB keeps logging me out every few minutes, super annoying.",2669.0,
671,@MockBrandASupport,False,2019-04-14 12:30:00,We're sorry about that. Please DM us your order number and the last 4 digits of the card used so we can investigate the duplicate charge.,,670.0
2632,cust_MockBrandB_80,True,2019-08-18 12:00:00,"Third time contacting MockBrandB about the same bug, no fix yet.",2633.0,
306,cust_MockBrandA_168,True,2019-02-26 12:00:00,MockBrandA website checkout is throwing a 500 error on step 3.,307.0,
1489,cust_MockBrandA_805,True,2019-06-14 12:00:00,How do I cancel my MockBrandA subscription? Can't find the option anywhere.,1490.0,
2025,@MockBrandASupport,False,2019-04-18 12:30:00,You can cancel anytime from Account > Subscription > Cancel. DM us if you don't see that option and we'll help directly.,,2024.0
2545,@MockBrandBCare,False,2019-03-19 12:30:00,"Sorry about that! Please clear your app cache and reinstall - if the issue continues, DM your account email.",,2544.0
2207,cust_MockBrandA_1194,True,2019-08-17 12:00:00,"Package from MockBrandA has been 'in transit' for 9 days, tracking not updating.",2208.0,
1676,@MockBrandASupport,False,2019-04-19 12:30:00,We're really sorry to hear that. Please DM your case/order number so a senior agent can personally follow up.,,1675.0
1086,cust_MockBrandA_591,True,2019-02-16 12:00:00,My MockBrandA order #96772 says delivered but I never received it.,1087.0,
2345,@MockBrandASupport,False,2019-03-24 12:30:00,We're sorry about that. Please DM us your order number and the last 4 digits of the card used so we can investigate the duplicate charge.,,2344.0
1257,@MockBrandASupport,False,2019-03-15 12:30:00,We're sorry about that. Please DM us your order number and the last 4 digits of the card used so we can investigate the duplicate charge.,,1256.0
2056,cust_MockBrandA_1113,True,2019-06-14 12:00:00,"MockBrandA charged me twice for the same order #54595, need this fixed.",2057.0,
1944,@MockBrandASupport,False,2019-03-28 12:30:00,We're sorry about that. Please DM us your order number and the last 4 digits of the card used so we can investigate the duplicate charge.,,1943.0
501,@MockBrandASupport,False,2019-07-10 12:30:00,"Thanks for flagging this - please try updating to the latest app version, and DM us your device model if the crash continues.",,500.0
1490,@MockBrandASupport,False,2019-09-26 12:30:00,You can cancel anytime from Account > Subscription > Cancel. DM us if you don't see that option and we'll help directly.,,1489.0
580,cust_MockBrandA_318,True,2019-02-23 12:00:00,"Extremely disappointed with MockBrandA support response time, this is the 3rd time I've written in.",581.0,
495,@MockBrandASupport,False,2019-06-13 12:30:00,"Thanks for flagging this - please try updating to the latest app version, and DM us your device model if the crash continues.",,494.0
2031,@MockBrandASupport,False,2019-01-22 12:30:00,Sorry for the trouble! Please try resetting your password from a private/incognito window - if it still fails DM us your registered email so we can look into your account.,,2030.0
1162,cust_MockBrandA_630,True,2019-09-16 12:00:00,The MockBrandA app crashes every time I open the payments tab.,1163.0,
2063,cust_MockBrandA_1117,True,2019-09-13 12:00:00,MockBrandA login button spins endlessly and never loads my profile.,2064.0,
42,cust_MockBrandA_22,True,2019-01-17 12:00:00,"Fourth time reporting this bug where order #38864 keeps failing, fix your platform!",43.0,
3062,@MockBrandBCare,False,2019-04-27 12:30:00,"Sorry about that! Please clear your app cache and reinstall - if the issue continues, DM your account email.",,3061.0
2112,cust_MockBrandA_1143,True,2019-06-18 12:00:00,MockBrandA website checkout is throwing a 500 error on step 3.,2113.0,
2249,@MockBrandASupport,False,2019-03-22 12:30:00,You can cancel anytime from Account > Subscription > Cancel. DM us if you don't see that option and we'll help directly.,,2248.0
2134,@MockBrandASupport,False,2019-04-26 12:30:00,You can cancel anytime from Account > Subscription > Cancel. DM us if you don't see that option and we'll help directly.,,2133.0
2411,@MockBrandASupport,False,2019-07-15 12:30:00,You can cancel anytime from Account > Subscription > Cancel. DM us if you don't see that option and we'll help directly.,,2410.0
203,@MockBrandASupport,False,2019-06-27 12:30:00,We're really sorry to hear that. Please DM your case/order number so a senior agent can personally follow up.,,202.0
1814,@MockBrandASupport,False,2019-09-23 12:30:00,We're really sorry to hear that. Please DM your case/order number so a senior agent can personally follow up.,,1813.0
2639,@MockBrandBCare,False,2019-01-10 12:30:00,We're aware of an iOS 17 issue - please try reinstalling the latest build. DM your device model if it persists.,,2638.0
1816,@MockBrandASupport,False,2019-02-17 12:30:00,Sorry for the trouble! Please try resetting your password from a private/incognito window - if it still fails DM us your registered email so we can look into your account.,,1815.0
2906,@MockBrandBCare,False,2019-09-25 12:30:00,Sorry for the delay - DM your order number so we can chase this with our logistics partner.,,2905.0
549,cust_MockBrandA_301,True,2019-06-10 12:00:00,"Your product arrived broken for order #96259, cancel my recurring contract immediately.",550.0,
225,cust_MockBrandA_125,True,2019-06-28 12:00:00,"Worst customer service experience ever from MockBrandA, rude agents and no resolution.",226.0,
297,@MockBrandASupport,False,2019-01-25 12:30:00,So sorry for the wait. Please DM your order number and we'll escalate the refund to our billing team right away.,,296.0
1315,cust_MockBrandA_709,True,2019-02-22 12:00:00,Where is my order #55693? Estimated delivery date was 4 days ago.,1316.0,
1604,@MockBrandASupport,False,2019-04-24 12:30:00,"Thanks for flagging this - please try updating to the latest app version, and DM us your device model if the crash continues.",,1603.0
2721,cust_MockBrandB_127,True,2019-09-12 12:00:00,"Still waiting on my MockBrandB order #50863, it's been 12 days.",2722.0,
449,cust_MockBrandA_247,True,2019-02-28 12:00:00,"Worst customer service experience ever from MockBrandA, rude agents and no resolution.",450.0,
2150,cust_MockBrandA_1163,True,2019-08-24 12:00:00,"Can I get a refund for MockBrandA order #80310, item arrived damaged.",2151.0,
996,cust_MockBrandA_543,True,2019-03-26 12:00:00,MockBrandA billed my credit card after I switched payment methods.,997.0,
1322,@MockBrandASupport,False,2019-02-28 12:30:00,You can cancel anytime from Account > Subscription > Cancel. DM us if you don't see that option and we'll help directly.,,1321.0
1917,@MockBrandASupport,False,2019-04-25 12:30:00,We're sorry about that. Please DM us your order number and the last 4 digits of the card used so we can investigate the duplicate charge.,,1916.0
2451,@MockBrandASupport,False,2019-01-25 12:30:00,We're sorry about that. Please DM us your order number and the last 4 digits of the card used so we can investigate the duplicate charge.,,2450.0
2470,cust_MockBrandA_1340,True,2019-02-14 12:00:00,"Locked out of my MockBrandA account for 2 days now, no reset email arriving.",2471.0,
2259,cust_MockBrandA_1223,True,2019-04-23 12:00:00,"Can't log in to check on my order #43823, app just spins forever.",2260.0,
452,@MockBrandASupport,False,2019-08-18 12:30:00,"Thanks for flagging this - please try updating to the latest app version, and DM us your device model if the crash continues.",,451.0
2058,@MockBrandASupport,False,2019-07-23 12:30:00,"Thanks for flagging this - please try updating to the latest app version, and DM us your device model if the crash continues.",,2057.0
1817,cust_MockBrandA_979,True,2019-07-24 12:00:00,"Can't log in to check on my order #95400, app just spins forever.",1818.0,
2990,cust_MockBrandB_272,True,2019-05-20 12:00:00,"MockBrandB auto-renewed my subscription without any warning email, want a refund.",2991.0,
800,@MockBrandASupport,False,2019-01-21 12:30:00,Sorry for the trouble! Please try resetting your password from a private/incognito window - if it still fails DM us your registered email so we can look into your account.,,799.0
1634,@MockBrandASupport,False,2019-08-25 12:30:00,We're really sorry to hear that. Please DM your case/order number so a senior agent can personally follow up.,,1633.0
565,cust_MockBrandA_310,True,2019-07-12 12:00:00,Search bar on MockBrandA website is broken and returns 0 results for everything.,566.0,
1410,@MockBrandASupport,False,2019-01-19 12:30:00,We're sorry about that. Please DM us your order number and the last 4 digits of the card used so we can investigate the duplicate charge.,,1409.0
2574,cust_MockBrandB_48,True,2019-09-16 12:00:00,MockBrandB app won't load past the splash screen on iOS 17.,2575.0,
1956,cust_MockBrandA_1058,True,2019-05-13 12:00:00,"Requested a refund on order #12367 a week ago, still nothing.",1957.0,
460,@MockBrandASupport,False,2019-05-20 12:30:00,"Thanks for flagging this - please try updating to the latest app version, and DM us your device model if the crash continues.",,459.0
2557,@MockBrandBCare,False,2019-05-18 12:30:00,Apologies for the surprise renewal. DM your order ID and we'll process a refund review.,,2556.0
621,cust_MockBrandA_340,True,2019-09-13 12:00:00,"Requested a refund on order #69942 a week ago, still nothing.",622.0,
3195,@MockBrandBCare,False,2019-05-22 12:30:00,Yes! You can export data from Settings > Data > Export CSV.,,3194.0
2362,cust_MockBrandA_1282,True,2019-04-12 12:00:00,I got charged a monthly renewal fee of $45.99 even though I paused my subscription.,2363.0,
2965,cust_MockBrandB_258,True,2019-09-13 12:00:00,Does MockBrandB support exporting my data to CSV?,2966.0,
2165,cust_MockBrandA_1171,True,2019-02-26 12:00:00,Want to cancel my auto-renew membership with MockBrandA.,2166.0,
1085,@MockBrandASupport,False,2019-01-14 12:30:00,"Thanks for flagging this - please try updating to the latest app version, and DM us your device model if the crash continues.",,1084.0
1740,cust_MockBrandA_939,True,2019-06-11 12:00:00,"Support promised my refund for #73748 in 3 days, it has been two weeks now.",1741.0,
2948,cust_MockBrandB_249,True,2019-07-10 12:00:00,MockBrandB app won't load past the splash screen on iOS 17.,2949.0,
873,@MockBrandASupport,False,2019-05-20 12:30:00,We're sorry about that. Please DM us your order number and the last 4 digits of the card used so we can investigate the duplicate charge.,,872.0
2357,@MockBrandASupport,False,2019-09-10 12:30:00,You can cancel anytime from Account > Subscription > Cancel. DM us if you don't see that option and we'll help directly.,,2356.0
2368,cust_MockBrandA_1285,True,2019-02-22 12:00:00,"Someone hacked into my MockBrandA account and changed my password, please help me lock it down!",2369.0,
2758,@MockBrandBCare,False,2019-05-16 12:30:00,Yes! You can export data from Settings > Data > Export CSV.,,2757.0
289,@MockBrandASupport,False,2019-02-11 12:30:00,You can cancel anytime from Account > Subscription > Cancel. DM us if you don't see that option and we'll help directly.,,288.0
2250,cust_MockBrandA_1218,True,2019-02-28 12:00:00,"Locked out of my MockBrandA account for 2 days now, no reset email arriving.",2251.0,
3041,cust_MockBrandB_300,True,2019-09-11 12:00:00,"Third time contacting MockBrandB about the same bug, no fix yet.",3042.0,
2251,@MockBrandASupport,False,2019-03-10 12:30:00,Sorry for the trouble! Please try resetting your password from a private/incognito window - if it still fails DM us your registered email so we can look into your account.,,2250.0
1884,cust_MockBrandA_1017,True,2019-01-16 12:00:00,"I demand to speak to a real human supervisor right now, your automated bots are useless!",1885.0,
593,cust_MockBrandA_325,True,2019-05-20 12:00:00,"MockBrandA charged me twice for the same order #25213, need this fixed.",594.0,
1074,@MockBrandASupport,False,2019-09-18 12:30:00,We're really sorry to hear that. Please DM your case/order number so a senior agent can personally follow up.,,1073.0
940,@MockBrandASupport,False,2019-07-12 12:30:00,We're really sorry to hear that. Please DM your case/order number so a senior agent can personally follow up.,,939.0
3246,cust_MockBrandB_415,True,2019-08-23 12:00:00,"MockBrandB auto-renewed my subscription without any warning email, want a refund.",3247.0,
2199,@MockBrandASupport,False,2019-04-11 12:30:00,Apologies for the delay! Please DM your order number and zip code so we can trace the package with the carrier.,,2198.0
2550,cust_MockBrandB_34,True,2019-05-17 12:00:00,MockBrandB app won't load past the splash screen on iOS 17.,2551.0,
1918,cust_MockBrandA_1037,True,2019-08-20 12:00:00,"Support promised my refund for #77610 in 3 days, it has been two weeks now.",1919.0,
2997,cust_MockBrandB_276,True,2019-04-24 12:00:00,"Still waiting on my MockBrandB order #34608, it's been 12 days.",2998.0,
1866,cust_MockBrandA_1008,True,2019-09-18 12:00:00,"Returned my package 10 days ago for order #85132, when will my refund be credited?",1867.0,
2737,@MockBrandBCare,False,2019-01-20 12:30:00,We're sorry this keeps happening. DM your case number so we can escalate internally.,,2736.0
1669,cust_MockBrandA_901,True,2019-06-25 12:00:00,"MockBrandA charged me for a renewal after I already cancelled, and now the app won't even load.",1670.0,
2316,@MockBrandASupport,False,2019-04-23 12:30:00,We're sorry about that. Please DM us your order number and the last 4 digits of the card used so we can investigate the duplicate charge.,,2315.0
1947,@MockBrandASupport,False,2019-09-13 12:30:00,So sorry for the wait. Please DM your order number and we'll escalate the refund to our billing team right away.,,1946.0
2365,@MockBrandASupport,False,2019-04-18 12:30:00,We're really sorry to hear that. Please DM your case/order number so a senior agent can personally follow up.,,2364.0
1004,@MockBrandASupport,False,2019-03-25 12:30:00,Sorry for the trouble! Please try resetting your password from a private/incognito window - if it still fails DM us your registered email so we can look into your account.,,1003.0
498,cust_MockBrandA_272,True,2019-09-22 12:00:00,"Extremely disappointed with MockBrandA support response time, this is the 3rd time I've written in.",499.0,
2214,@MockBrandASupport,False,2019-02-23 12:30:00,Sorry for the trouble! Please try resetting your password from a private/incognito window - if it still fails DM us your registered email so we can look into your account.,,2213.0
3165,@MockBrandBCare,False,2019-07-27 12:30:00,Apologies for the surprise renewal. DM your order ID and we'll process a refund review.,,3164.0
1766,@MockBrandASupport,False,2019-03-10 12:30:00,Apologies for the delay! Please DM your order number and zip code so we can trace the package with the carrier.,,1765.0
3220,cust_MockBrandB_402,True,2019-03-25 12:00:00,MockBrandB app won't load past the splash screen on iOS 17.,3221.0,
1804,@MockBrandASupport,False,2019-01-26 12:30:00,We're really sorry to hear that. Please DM your case/order number so a senior agent can personally follow up.,,1803.0
424,cust_MockBrandA_233,True,2019-07-11 12:00:00,Your iOS app freezes completely on the home screen after latest update.,425.0,
1819,cust_MockBrandA_980,True,2019-04-27 12:00:00,MockBrandA billed my credit card after I switched payment methods.,1820.0,
1301,cust_MockBrandA_702,True,2019-06-27 12:00:00,"Waiting on hold for 2 hours for order #23418, absolutely unacceptable support.",1302.0,
2178,cust_MockBrandA_1178,True,2019-01-27 12:00:00,MockBrandA website checkout is throwing a 500 error on step 3.,2179.0,
1929,@MockBrandASupport,False,2019-02-27 12:30:00,We're really sorry to hear that. Please DM your case/order number so a senior agent can personally follow up.,,1928.0
909,@MockBrandASupport,False,2019-01-11 12:30:00,Apologies for the delay! Please DM your order number and zip code so we can trace the package with the carrier.,,908.0
2894,@MockBrandBCare,False,2019-08-24 12:30:00,Apologies for the surprise renewal. DM your order ID and we'll process a refund review.,,2893.0
2035,@MockBrandASupport,False,2019-06-20 12:30:00,"Thanks for flagging this - please try updating to the latest app version, and DM us your device model if the crash continues.",,2034.0
1063,cust_MockBrandA_579,True,2019-03-25 12:00:00,"Worst customer service experience ever from MockBrandA, rude agents and no resolution.",1064.0,
1351,cust_MockBrandA_728,True,2019-09-10 12:00:00,"Fourth time reporting this bug where order #50959 keeps failing, fix your platform!",1352.0,
776,@MockBrandASupport,False,2019-09-23 12:30:00,You can cancel anytime from Account > Subscription > Cancel. DM us if you don't see that option and we'll help directly.,,775.0
2549,@MockBrandBCare,False,2019-06-17 12:30:00,We're sorry this keeps happening. DM your case number so we can escalate internally.,,2548.0
2210,@MockBrandASupport,False,2019-08-12 12:30:00,We're really sorry to hear that. Please DM your case/order number so a senior agent can personally follow up.,,2209.0
2203,cust_MockBrandA_1191,True,2019-03-23 12:00:00,The MockBrandA app crashes every time I open the payments tab.,2204.0,
253,@MockBrandASupport,False,2019-01-11 12:30:00,You can cancel anytime from Account > Subscription > Cancel. DM us if you don't see that option and we'll help directly.,,252.0
2309,@MockBrandASupport,False,2019-07-25 12:30:00,Sorry for the trouble! Please try resetting your password from a private/incognito window - if it still fails DM us your registered email so we can look into your account.,,2308.0
1484,@MockBrandASupport,False,2019-01-20 12:30:00,So sorry for the wait. Please DM your order number and we'll escalate the refund to our billing team right away.,,1483.0
302,@MockBrandASupport,False,2019-01-20 12:30:00,You can cancel anytime from Account > Subscription > Cancel. DM us if you don't see that option and we'll help directly.,,301.0
2682,@MockBrandBCare,False,2019-01-22 12:30:00,We're sorry this keeps happening. DM your case number so we can escalate internally.,,2681.0
2225,cust_MockBrandA_1203,True,2019-07-14 12:00:00,"Order #48894 never arrived and support keeps closing my ticket without a refund, 3rd time asking.",2226.0,
423,cust_MockBrandA_232,True,2019-07-14 12:00:00,Where is my order #80345? Estimated delivery date was 4 days ago.,424.0,
700,cust_MockBrandA_383,True,2019-02-26 12:00:00,Please cancel my order #58823 immediately before it ships out.,701.0,
3300,@MockBrandBCare,False,2019-03-16 12:30:00,We're sorry this keeps happening. DM your case number so we can escalate internally.,,3299.0
847,cust_MockBrandA_464,True,2019-05-27 12:00:00,Saw an unexpected extra fee of $14.99 on my latest MockBrandA invoice.,848.0,
29,@MockBrandASupport,False,2019-06-13 12:30:00,Sorry for the trouble! Please try resetting your password from a private/incognito window - if it still fails DM us your registered email so we can look into your account.,,28.0
2120,@MockBrandASupport,False,2019-07-25 12:30:00,"Thanks for flagging this - please try updating to the latest app version, and DM us your device model if the crash continues.",,2119.0
227,cust_MockBrandA_126,True,2019-01-25 12:00:00,How do I cancel my MockBrandA subscription? Can't find the option anywhere.,228.0,
1469,cust_MockBrandA_794,True,2019-08-21 12:00:00,"Order #98907 never arrived and support keeps closing my ticket without a refund, 3rd time asking.",1470.0,
431,cust_MockBrandA_237,True,2019-09-14 12:00:00,"Worst customer service experience ever from MockBrandA, rude agents and no resolution.",432.0,
1335,cust_MockBrandA_719,True,2019-06-22 12:00:00,My MockBrandA order #66585 says delivered but I never received it.,1336.0,
2046,@MockBrandASupport,False,2019-09-24 12:30:00,We're really sorry to hear that. Please DM your case/order number so a senior agent can personally follow up.,,2045.0
2409,@MockBrandASupport,False,2019-06-22 12:30:00,Apologies for the delay! Please DM your order number and zip code so we can trace the package with the carrier.,,2408.0
231,cust_MockBrandA_128,True,2019-08-11 12:00:00,"I demand to speak to a real human supervisor right now, your automated bots are useless!",232.0,
2844,@MockBrandBCare,False,2019-03-22 12:30:00,Apologies for the surprise renewal. DM your order ID and we'll process a refund review.,,2843.0
447,cust_MockBrandA_246,True,2019-05-19 12:00:00,"Tracking says delivery attempted for order #83149, but I was home all day.",448.0,
2675,@MockBrandBCare,False,2019-05-20 12:30:00,"Sorry about that! Please clear your app cache and reinstall - if the issue continues, DM your account email.",,2674.0
3256,cust_MockBrandB_420,True,2019-04-20 12:00:00,"MockBrandB auto-renewed my subscription without any warning email, want a refund.",3257.0,
1401,@MockBrandASupport,False,2019-08-16 12:30:00,So sorry for the wait. Please DM your order number and we'll escalate the refund to our billing team right away.,,1400.0
148,cust_MockBrandA_81,True,2019-04-12 12:00:00,"Tracking says delivery attempted for order #82848, but I was home all day.",149.0,
2421,@MockBrandASupport,False,2019-08-26 12:30:00,So sorry for the wait. Please DM your order number and we'll escalate the refund to our billing team right away.,,2420.0
96,@MockBrandASupport,False,2019-05-27 12:30:00,We're sorry about that. Please DM us your order number and the last 4 digits of the card used so we can investigate the duplicate charge.,,95.0
2581,cust_MockBrandB_52,True,2019-04-11 12:00:00,"Still waiting on my MockBrandB order #15499, it's been 12 days.",2582.0,
512,@MockBrandASupport,False,2019-05-22 12:30:00,We're sorry about that. Please DM us your order number and the last 4 digits of the card used so we can investigate the duplicate charge.,,511.0
3113,@MockBrandBCare,False,2019-04-19 12:30:00,We're aware of an iOS 17 issue - please try reinstalling the latest build. DM your device model if it persists.,,3112.0
83,@MockBrandASupport,False,2019-06-23 12:30:00,We're sorry about that. Please DM us your order number and the last 4 digits of the card used so we can investigate the duplicate charge.,,82.0
1457,cust_MockBrandA_788,True,2019-01-19 12:00:00,Why does the MockBrandA app keep logging me out every 5 minutes?,1458.0,
3033,cust_MockBrandB_296,True,2019-08-17 12:00:00,"MockBrandB keeps logging me out every few minutes, super annoying.",3034.0,
2680,@MockBrandBCare,False,2019-01-25 12:30:00,Yes! You can export data from Settings > Data > Export CSV.,,2679.0
1375,@MockBrandASupport,False,2019-02-26 12:30:00,So sorry for the wait. Please DM your order number and we'll escalate the refund to our billing team right away.,,1374.0
1733,@MockBrandASupport,False,2019-02-25 12:30:00,We're sorry about that. Please DM us your order number and the last 4 digits of the card used so we can investigate the duplicate charge.,,1732.0
1926,cust_MockBrandA_1041,True,2019-04-22 12:00:00,MockBrandA website checkout is throwing a 500 error on step 3.,1927.0,
2810,@MockBrandBCare,False,2019-02-27 12:30:00,Yes! You can export data from Settings > Data > Export CSV.,,2809.0
2468,cust_MockBrandA_1339,True,2019-06-23 12:00:00,The MockBrandA app crashes every time I open the payments tab.,2469.0,
1675,cust_MockBrandA_904,True,2019-03-13 12:00:00,I have been transferred between 4 different agents and none of you are resolving my case.,1676.0,
263,@MockBrandASupport,False,2019-09-17 12:30:00,Sorry for the trouble! Please try resetting your password from a private/incognito window - if it still fails DM us your registered email so we can look into your account.,,262.0
1416,@MockBrandASupport,False,2019-05-14 12:30:00,"Thanks for flagging this - please try updating to the latest app version, and DM us your device model if the crash continues.",,1415.0
519,@MockBrandASupport,False,2019-09-16 12:30:00,So sorry for the wait. Please DM your order number and we'll escalate the refund to our billing team right away.,,518.0
2882,@MockBrandBCare,False,2019-05-16 12:30:00,We're aware of an iOS 17 issue - please try reinstalling the latest build. DM your device model if it persists.,,2881.0
2596,cust_MockBrandB_60,True,2019-09-26 12:00:00,"MockBrandB keeps logging me out every few minutes, super annoying.",2597.0,
1862,cust_MockBrandA_1006,True,2019-02-20 12:00:00,Search bar on MockBrandA website is broken and returns 0 results for everything.,1863.0,
3228,cust_MockBrandB_406,True,2019-01-18 12:00:00,"Still waiting on my MockBrandB order #55188, it's been 12 days.",3229.0,
235,cust_MockBrandA_130,True,2019-08-19 12:00:00,"Waiting on hold for 2 hours for order #45720, absolutely unacceptable support.",236.0,
2837,cust_MockBrandB_190,True,2019-02-13 12:00:00,Does MockBrandB support exporting my data to CSV?,2838.0,
1020,cust_MockBrandA_556,True,2019-07-14 12:00:00,"Package from MockBrandA has been 'in transit' for 9 days, tracking not updating.",1021.0,
2093,cust_MockBrandA_1133,True,2019-03-12 12:00:00,I got charged a monthly renewal fee of $36.99 even though I paused my subscription.,2094.0,
2734,cust_MockBrandB_134,True,2019-09-13 12:00:00,MockBrandB app won't load past the splash screen on iOS 17.,2735.0,
523,@MockBrandASupport,False,2019-05-18 12:30:00,"Thanks for flagging this - please try updating to the latest app version, and DM us your device model if the crash continues.",,522.0
1647,@MockBrandASupport,False,2019-03-11 12:30:00,"Thanks for flagging this - please try updating to the latest app version, and DM us your device model if the crash continues.",,1646.0
1448,cust_MockBrandA_782,True,2019-03-28 12:00:00,The MockBrandA app crashes every time I open the payments tab.,1449.0,
256,cust_MockBrandA_141,True,2019-03-10 12:00:00,"Fourth time reporting this bug where order #38305 keeps failing, fix your platform!",257.0,
2765,cust_MockBrandB_150,True,2019-06-13 12:00:00,"MockBrandB auto-renewed my subscription without any warning email, want a refund.",2766.0,
2597,@MockBrandBCare,False,2019-05-16 12:30:00,"Sorry about that! Please clear your app cache and reinstall - if the issue continues, DM your account email.",,2596.0
2726,cust_MockBrandB_130,True,2019-09-16 12:00:00,"Third time contacting MockBrandB about the same bug, no fix yet.",2727.0,
2288,cust_MockBrandA_1240,True,2019-07-23 12:00:00,I have been transferred between 4 different agents and none of you are resolving my case.,2289.0,
1185,@MockBrandASupport,False,2019-07-28 12:30:00,We're really sorry to hear that. Please DM your case/order number so a senior agent can personally follow up.,,1184.0
2701,cust_MockBrandB_116,True,2019-08-16 12:00:00,Does MockBrandB support exporting my data to CSV?,2702.0,
2024,cust_MockBrandA_1096,True,2019-04-11 12:00:00,"Cancel button is disabled in my account settings, please assist.",2025.0,
2055,@MockBrandASupport,False,2019-02-13 12:30:00,"Thanks for flagging this - please try updating to the latest app version, and DM us your device model if the crash continues.",,2054.0
1741,@MockBrandASupport,False,2019-09-18 12:30:00,So sorry for the wait. Please DM your order number and we'll escalate the refund to our billing team right away.,,1740.0
706,@MockBrandASupport,False,2019-06-23 12:30:00,We're sorry about that. Please DM us your order number and the last 4 digits of the card used so we can investigate the duplicate charge.,,705.0
2685,cust_MockBrandB_108,True,2019-04-12 12:00:00,Does MockBrandB support exporting my data to CSV?,2686.0,
2887,cust_MockBrandB_217,True,2019-09-27 12:00:00,"Still waiting on my MockBrandB order #76508, it's been 12 days.",2888.0,
395,@MockBrandASupport,False,2019-09-14 12:30:00,Apologies for the delay! Please DM your order number and zip code so we can trace the package with the carrier.,,394.0
796,cust_MockBrandA_436,True,2019-08-26 12:00:00,"Returned my package 10 days ago for order #67896, when will my refund be credited?",797.0,
1366,cust_MockBrandA_737,True,2019-04-22 12:00:00,"Worst customer service experience ever from MockBrandA, rude agents and no resolution.",1367.0,
2123,cust_MockBrandA_1149,True,2019-06-17 12:00:00,"Your product arrived broken for order #45044, cancel my recurring contract immediately.",2124.0,
3244,cust_MockBrandB_414,True,2019-07-15 12:00:00,"Still waiting on my MockBrandB order #35920, it's been 12 days.",3245.0,
2656,@MockBrandBCare,False,2019-05-20 12:30:00,Sorry for the delay - DM your order number so we can chase this with our logistics partner.,,2655.0
122,@MockBrandASupport,False,2019-07-23 12:30:00,We're really sorry to hear that. Please DM your case/order number so a senior agent can personally follow up.,,121.0
3066,@MockBrandBCare,False,2019-01-25 12:30:00,Apologies for the surprise renewal. DM your order ID and we'll process a refund review.,,3065.0
1122,cust_MockBrandA_609,True,2019-05-20 12:00:00,Need a full refund for order #71974 because the item sent was completely wrong.,1123.0,
2699,cust_MockBrandB_115,True,2019-03-14 12:00:00,Does MockBrandB support exporting my data to CSV?,2700.0,
385,cust_MockBrandA_211,True,2019-02-10 12:00:00,The MockBrandA app crashes every time I open the payments tab.,386.0,
2978,@MockBrandBCare,False,2019-06-10 12:30:00,We're aware of an iOS 17 issue - please try reinstalling the latest build. DM your device model if it persists.,,2977.0
1495,cust_MockBrandA_808,True,2019-01-16 12:00:00,"Cancel button is disabled in my account settings, please assist.",1496.0,
1182,cust_MockBrandA_641,True,2019-01-27 12:00:00,I got charged a monthly renewal fee of $20.99 even though I paused my subscription.,1183.0,
560,@MockBrandASupport,False,2019-01-19 12:30:00,We're sorry about that. Please DM us your order number and the last 4 digits of the card used so we can investigate the duplicate charge.,,559.0
1072,@MockBrandASupport,False,2019-05-25 12:30:00,Apologies for the delay! Please DM your order number and zip code so we can trace the package with the carrier.,,1071.0
1396,@MockBrandASupport,False,2019-06-20 12:30:00,So sorry for the wait. Please DM your order number and we'll escalate the refund to our billing team right away.,,1395.0
11,cust_MockBrandA_5,True,2019-04-12 12:00:00,"Can't log in to check on my order #48427, app just spins forever.",12.0,
836,cust_MockBrandA_458,True,2019-07-25 12:00:00,"I noticed fraudulent unauthorized charges from MockBrandA on my card, my account was compromised!",837.0,
489,@MockBrandASupport,False,2019-01-16 12:30:00,You can cancel anytime from Account > Subscription > Cancel. DM us if you don't see that option and we'll help directly.,,488.0
2673,@MockBrandBCare,False,2019-07-10 12:30:00,We're sorry this keeps happening. DM your case number so we can escalate internally.,,2672.0
1398,@MockBrandASupport,False,2019-06-12 12:30:00,Apologies for the delay! Please DM your order number and zip code so we can trace the package with the carrier.,,1397.0
2447,cust_MockBrandA_1327,True,2019-05-21 12:00:00,"Order #68886 never arrived and support keeps closing my ticket without a refund, 3rd time asking.",2448.0,
1893,cust_MockBrandA_1023,True,2019-05-14 12:00:00,"I noticed fraudulent unauthorized charges from MockBrandA on my card, my account was compromised!",1894.0,
3255,@MockBrandBCare,False,2019-06-23 12:30:00,Sorry for the delay - DM your order number so we can chase this with our logistics partner.,,3254.0
1451,cust_MockBrandA_784,True,2019-02-27 12:00:00,Why was I billed $73.99 when my plan is supposed to be $20.99?,1452.0,
1493,cust_MockBrandA_807,True,2019-09-13 12:00:00,Saw an unexpected extra fee of $15.99 on my latest MockBrandA invoice.,1494.0,
448,@MockBrandASupport,False,2019-08-20 12:30:00,Apologies for the delay! Please DM your order number and zip code so we can trace the package with the carrier.,,447.0
2500,cust_MockBrandB_6,True,2019-06-24 12:00:00,"Third time contacting MockBrandB about the same bug, no fix yet.",2501.0,
2498,cust_MockBrandB_5,True,2019-06-26 12:00:00,"Still waiting on my MockBrandB order #75619, it's been 12 days.",2499.0,
1292,@MockBrandASupport,False,2019-02-26 12:30:00,So sorry for the wait. Please DM your order number and we'll escalate the refund to our billing team right away.,,1291.0
1800,cust_MockBrandA_970,True,2019-09-15 12:00:00,"Worst customer service experience ever from MockBrandA, rude agents and no resolution.",1801.0,
2343,@MockBrandASupport,False,2019-01-28 12:30:00,"Thanks for flagging this - please try updating to the latest app version, and DM us your device model if the crash continues.",,2342.0
2142,@MockBrandASupport,False,2019-01-24 12:30:00,We're really sorry to hear that. Please DM your case/order number so a senior agent can personally follow up.,,2141.0
1759,@MockBrandASupport,False,2019-09-19 12:30:00,We're sorry about that. Please DM us your order number and the last 4 digits of the card used so we can investigate the duplicate charge.,,1758.0
380,@MockBrandASupport,False,2019-08-11 12:30:00,We're really sorry to hear that. Please DM your case/order number so a senior agent can personally follow up.,,379.0
345,@MockBrandASupport,False,2019-05-24 12:30:00,"Thanks for flagging this - please try updating to the latest app version, and DM us your device model if the crash continues.",,344.0
2430,cust_MockBrandA_1318,True,2019-02-15 12:00:00,My MockBrandA order #32312 says delivered but I never received it.,2431.0,
168,cust_MockBrandA_91,True,2019-05-28 12:00:00,"MockBrandA charged me for a renewal after I already cancelled, and now the app won't even load.",169.0,
508,cust_MockBrandA_277,True,2019-07-19 12:00:00,Courier delivered my package for order #28777 to the wrong street address.,509.0,
1745,@MockBrandASupport,False,2019-02-16 12:30:00,We're sorry about that. Please DM us your order number and the last 4 digits of the card used so we can investigate the duplicate charge.,,1744.0
2883,cust_MockBrandB_215,True,2019-02-16 12:00:00,"MockBrandB auto-renewed my subscription without any warning email, want a refund.",2884.0,
2110,cust_MockBrandA_1142,True,2019-09-13 12:00:00,My MockBrandA order #20161 says delivered but I never received it.,2111.0,
1681,cust_MockBrandA_908,True,2019-02-24 12:00:00,Why was I billed $29.99 when my plan is supposed to be $6.99?,1682.0,
1635,cust_MockBrandA_883,True,2019-03-18 12:00:00,Please cancel my order #53610 immediately before it ships out.,1636.0,
1110,cust_MockBrandA_603,True,2019-08-16 12:00:00,"I demand to speak to a real human supervisor right now, your automated bots are useless!",1111.0,
832,cust_MockBrandA_456,True,2019-06-15 12:00:00,The MockBrandA app crashes every time I open the payments tab.,833.0,
3137,cust_MockBrandB_354,True,2019-09-19 12:00:00,"Still waiting on my MockBrandB order #99247, it's been 12 days.",3138.0,
961,cust_MockBrandA_524,True,2019-04-13 12:00:00,I have been transferred between 4 different agents and none of you are resolving my case.,962.0,
88,cust_MockBrandA_48,True,2019-09-20 12:00:00,"Tracking says delivery attempted for order #56025, but I was home all day.",89.0,
977,cust_MockBrandA_533,True,2019-03-28 12:00:00,"Waiting on hold for 2 hours for order #28398, absolutely unacceptable support.",978.0,
3193,cust_MockBrandB_386,True,2019-01-25 12:00:00,Does MockBrandB support exporting my data to CSV?,3194.0,
3229,@MockBrandBCare,False,2019-03-12 12:30:00,Sorry for the delay - DM your order number so we can chase this with our logistics partner.,,3228.0
2620,@MockBrandBCare,False,2019-01-28 12:30:00,Yes! You can export data from Settings > Data > Export CSV.,,2619.0
3208,cust_MockBrandB_395,True,2019-05-27 12:00:00,MockBrandB app won't load past the splash screen on iOS 17.,3209.0,
3280,@MockBrandBCare,False,2019-01-19 12:30:00,Yes! You can export data from Settings > Data > Export CSV.,,3279.0
2274,cust_MockBrandA_1231,True,2019-07-26 12:00:00,I got charged a monthly renewal fee of $22.99 even though I paused my subscription.,2275.0,
107,cust_MockBrandA_58,True,2019-01-13 12:00:00,I have been transferred between 4 different agents and none of you are resolving my case.,108.0,
2197,@MockBrandASupport,False,2019-09-18 12:30:00,So sorry for the wait. Please DM your order number and we'll escalate the refund to our billing team right away.,,2196.0
552,cust_MockBrandA_303,True,2019-02-26 12:00:00,MockBrandA website checkout is throwing a 500 error on step 3.,553.0,
2472,cust_MockBrandA_1341,True,2019-09-28 12:00:00,"Fourth time reporting this bug where order #77135 keeps failing, fix your platform!",2473.0,
2598,cust_MockBrandB_61,True,2019-04-21 12:00:00,Does MockBrandB support exporting my data to CSV?,2599.0,
2382,cust_MockBrandA_1292,True,2019-01-18 12:00:00,"Returned my package 10 days ago for order #16509, when will my refund be credited?",2383.0,
861,cust_MockBrandA_472,True,2019-05-24 12:00:00,"If MockBrandA does not resolve this unauthorized charge of $68.99, I will pursue legal action with my lawyer.",862.0,
2427,@MockBrandASupport,False,2019-04-21 12:30:00,You can cancel anytime from Account > Subscription > Cancel. DM us if you don't see that option and we'll help directly.,,2426.0
3098,@MockBrandBCare,False,2019-02-15 12:30:00,"Sorry about that! Please clear your app cache and reinstall - if the issue continues, DM your account email.",,3097.0
1541,cust_MockBrandA_833,True,2019-04-15 12:00:00,Saw an unexpected extra fee of $36.99 on my latest MockBrandA invoice.,1542.0,
827,cust_MockBrandA_453,True,2019-05-24 12:00:00,Please cancel my order #53426 immediately before it ships out.,828.0,
1685,cust_MockBrandA_910,True,2019-01-12 12:00:00,Didn't receive the 2FA SMS verification code to log into my MockBrandA account.,1686.0,
2113,@MockBrandASupport,False,2019-04-18 12:30:00,"Thanks for flagging this - please try updating to the latest app version, and DM us your device model if the crash continues.",,2112.0
1348,@MockBrandASupport,False,2019-09-18 12:30:00,You can cancel anytime from Account > Subscription > Cancel. DM us if you don't see that option and we'll help directly.,,1347.0
2428,cust_MockBrandA_1317,True,2019-02-15 12:00:00,"I demand to speak to a real human supervisor right now, your automated bots are useless!",2429.0,
609,@MockBrandASupport,False,2019-03-20 12:30:00,We're really sorry to hear that. Please DM your case/order number so a senior agent can personally follow up.,,608.0
3261,cust_MockBrandB_423,True,2019-03-20 12:00:00,"Still waiting on my MockBrandB order #76972, it's been 12 days.",3262.0,
1415,cust_MockBrandA_764,True,2019-03-20 12:00:00,The MockBrandA app crashes every time I open the payments tab.,1416.0,
1183,@MockBrandASupport,False,2019-02-22 12:30:00,We're sorry about that. Please DM us your order number and the last 4 digits of the card used so we can investigate the duplicate charge.,,1182.0
1125,@MockBrandASupport,False,2019-01-16 12:30:00,We're sorry about that. Please DM us your order number and the last 4 digits of the card used so we can investigate the duplicate charge.,,1124.0
1460,@MockBrandASupport,False,2019-06-11 12:30:00,You can cancel anytime from Account > Subscription > Cancel. DM us if you don't see that option and we'll help directly.,,1459.0
1904,@MockBrandASupport,False,2019-05-24 12:30:00,So sorry for the wait. Please DM your order number and we'll escalate the refund to our billing team right away.,,1903.0
3236,cust_MockBrandB_410,True,2019-06-23 12:00:00,Does MockBrandB support exporting my data to CSV?,3237.0,
2412,cust_MockBrandA_1309,True,2019-08-13 12:00:00,Courier delivered my package for order #85660 to the wrong street address.,2413.0,
1127,@MockBrandASupport,False,2019-02-22 12:30:00,We're sorry about that. Please DM us your order number and the last 4 digits of the card used so we can investigate the duplicate charge.,,1126.0
2566,cust_MockBrandB_44,True,2019-09-18 12:00:00,Does MockBrandB support exporting my data to CSV?,2567.0,
2244,@MockBrandASupport,False,2019-09-28 12:30:00,So sorry for the wait. Please DM your order number and we'll escalate the refund to our billing team right away.,,2243.0
567,cust_MockBrandA_311,True,2019-07-15 12:00:00,"Your product arrived broken for order #78302, cancel my recurring contract immediately.",568.0,
101,cust_MockBrandA_55,True,2019-08-15 12:00:00,"Cancel button is disabled in my account settings, please assist.",102.0,
2873,@MockBrandBCare,False,2019-05-19 12:30:00,Apologies for the surprise renewal. DM your order ID and we'll process a refund review.,,2872.0
3124,cust_MockBrandB_347,True,2019-04-25 12:00:00,"MockBrandB auto-renewed my subscription without any warning email, want a refund.",3125.0,
1640,@MockBrandASupport,False,2019-02-13 12:30:00,We're sorry about that. Please DM us your order number and the last 4 digits of the card used so we can investigate the duplicate charge.,,1639.0
1193,@MockBrandASupport,False,2019-02-13 12:30:00,You can cancel anytime from Account > Subscription > Cancel. DM us if you don't see that option and we'll help directly.,,1192.0
1794,cust_MockBrandA_967,True,2019-07-22 12:00:00,"Cancel button is disabled in my account settings, please assist.",1795.0,
2464,cust_MockBrandA_1337,True,2019-04-19 12:00:00,"Package from MockBrandA has been 'in transit' for 9 days, tracking not updating.",2465.0,
375,cust_MockBrandA_206,True,2019-06-19 12:00:00,Where is my order #52101? Estimated delivery date was 4 days ago.,376.0,
254,cust_MockBrandA_140,True,2019-04-12 12:00:00,MockBrandA website checkout is throwing a 500 error on step 3.,255.0,
652,cust_MockBrandA_358,True,2019-07-14 12:00:00,The MockBrandA app crashes every time I open the payments tab.,653.0,
2392,cust_MockBrandA_1297,True,2019-02-21 12:00:00,How do I cancel my MockBrandA subscription? Can't find the option anywhere.,2393.0,
3262,@MockBrandBCare,False,2019-08-24 12:30:00,Sorry for the delay - DM your order number so we can chase this with our logistics partner.,,3261.0
2426,cust_MockBrandA_1316,True,2019-05-25 12:00:00,How do I cancel my MockBrandA subscription? Can't find the option anywhere.,2427.0,
195,@MockBrandASupport,False,2019-02-24 12:30:00,Apologies for the delay! Please DM your order number and zip code so we can trace the package with the carrier.,,194.0
1857,@MockBrandASupport,False,2019-02-14 12:30:00,We're really sorry to hear that. Please DM your case/order number so a senior agent can personally follow up.,,1856.0
2983,cust_MockBrandB_268,True,2019-08-14 12:00:00,MockBrandB app won't load past the splash screen on iOS 17.,2984.0,
2487,cust_MockBrandA_1349,True,2019-02-23 12:00:00,"I noticed fraudulent unauthorized charges from MockBrandA on my card, my account was compromised!",2488.0,
1228,@MockBrandASupport,False,2019-08-25 12:30:00,Sorry for the trouble! Please try resetting your password from a private/incognito window - if it still fails DM us your registered email so we can look into your account.,,1227.0
1235,cust_MockBrandA_668,True,2019-05-24 12:00:00,Where is my order #67613? Estimated delivery date was 4 days ago.,1236.0,
2815,@MockBrandBCare,False,2019-05-23 12:30:00,Apologies for the surprise renewal. DM your order ID and we'll process a refund review.,,2814.0
282,cust_MockBrandA_155,True,2019-09-27 12:00:00,"Tracking says delivery attempted for order #85248, but I was home all day.",283.0,
191,@MockBrandASupport,False,2019-01-16 12:30:00,You can cancel anytime from Account > Subscription > Cancel. DM us if you don't see that option and we'll help directly.,,190.0
1458,@MockBrandASupport,False,2019-05-27 12:30:00,Sorry for the trouble! Please try resetting your password from a private/incognito window - if it still fails DM us your registered email so we can look into your account.,,1457.0
2171,@MockBrandASupport,False,2019-08-11 12:30:00,"Thanks for flagging this - please try updating to the latest app version, and DM us your device model if the crash continues.",,2170.0
3199,@MockBrandBCare,False,2019-05-16 12:30:00,Yes! You can export data from Settings > Data > Export CSV.,,3198.0
584,cust_MockBrandA_320,True,2019-07-27 12:00:00,How do I cancel my MockBrandA subscription? Can't find the option anywhere.,585.0,
54,cust_MockBrandA_28,True,2019-04-22 12:00:00,"Requested a refund on order #63269 a week ago, still nothing.",55.0,
47,@MockBrandASupport,False,2019-07-24 12:30:00,We're really sorry to hear that. Please DM your case/order number so a senior agent can personally follow up.,,46.0
834,cust_MockBrandA_457,True,2019-03-25 12:00:00,"Cancel button is disabled in my account settings, please assist.",835.0,
1755,@MockBrandASupport,False,2019-01-26 12:30:00,You can cancel anytime from Account > Subscription > Cancel. DM us if you don't see that option and we'll help directly.,,1754.0
1513,@MockBrandASupport,False,2019-04-10 12:30:00,Apologies for the delay! Please DM your order number and zip code so we can trace the package with the carrier.,,1512.0
632,@MockBrandASupport,False,2019-06-17 12:30:00,You can cancel anytime from Account > Subscription > Cancel. DM us if you don't see that option and we'll help directly.,,631.0
2951,@MockBrandBCare,False,2019-04-28 12:30:00,Apologies for the surprise renewal. DM your order ID and we'll process a refund review.,,2950.0
2263,@MockBrandASupport,False,2019-07-22 12:30:00,You can cancel anytime from Account > Subscription > Cancel. DM us if you don't see that option and we'll help directly.,,2262.0
746,cust_MockBrandA_407,True,2019-09-21 12:00:00,"If MockBrandA does not resolve this unauthorized charge of $32.99, I will pursue legal action with my lawyer.",747.0,
2672,cust_MockBrandB_101,True,2019-02-12 12:00:00,"Third time contacting MockBrandB about the same bug, no fix yet.",2673.0,
3245,@MockBrandBCare,False,2019-09-18 12:30:00,Sorry for the delay - DM your order number so we can chase this with our logistics partner.,,3244.0
3180,cust_MockBrandB_378,True,2019-03-25 12:00:00,MockBrandB app won't load past the splash screen on iOS 17.,3181.0,
1806,@MockBrandASupport,False,2019-05-14 12:30:00,"Thanks for flagging this - please try updating to the latest app version, and DM us your device model if the crash continues.",,1805.0
2059,cust_MockBrandA_1115,True,2019-04-13 12:00:00,The MockBrandA app crashes every time I open the payments tab.,2060.0,
314,@MockBrandASupport,False,2019-01-21 12:30:00,We're sorry about that. Please DM us your order number and the last 4 digits of the card used so we can investigate the duplicate charge.,,313.0
778,@MockBrandASupport,False,2019-09-25 12:30:00,We're really sorry to hear that. Please DM your case/order number so a senior agent can personally follow up.,,777.0
3172,@MockBrandBCare,False,2019-05-16 12:30:00,Apologies for the surprise renewal. DM your order ID and we'll process a refund review.,,3171.0
2139,cust_MockBrandA_1157,True,2019-05-25 12:00:00,My MockBrandA order #80663 says delivered but I never received it.,2140.0,
1426,@MockBrandASupport,False,2019-09-13 12:30:00,"Thanks for flagging this - please try updating to the latest app version, and DM us your device model if the crash continues.",,1425.0
281,@MockBrandASupport,False,2019-06-13 12:30:00,We're sorry about that. Please DM us your order number and the last 4 digits of the card used so we can investigate the duplicate charge.,,280.0
2626,cust_MockBrandB_76,True,2019-02-17 12:00:00,"MockBrandB auto-renewed my subscription without any warning email, want a refund.",2627.0,
1976,cust_MockBrandA_1069,True,2019-03-20 12:00:00,Search bar on MockBrandA website is broken and returns 0 results for everything.,1977.0,
113,cust_MockBrandA_61,True,2019-04-18 12:00:00,"Requested a refund on order #72216 a week ago, still nothing.",114.0,
219,cust_MockBrandA_121,True,2019-04-25 12:00:00,"Can I get a refund for MockBrandA order #20350, item arrived damaged.",220.0,
1972,cust_MockBrandA_1066,True,2019-04-24 12:00:00,"If MockBrandA does not resolve this unauthorized charge of $11.99, I will pursue legal action with my lawyer.",1973.0,
601,@MockBrandASupport,False,2019-04-24 12:30:00,You can cancel anytime from Account > Subscription > Cancel. DM us if you don't see that option and we'll help directly.,,600.0
872,cust_MockBrandA_478,True,2019-07-24 12:00:00,I got charged a monthly renewal fee of $72.99 even though I paused my subscription.,873.0,
1684,@MockBrandASupport,False,2019-03-16 12:30:00,We're really sorry to hear that. Please DM your case/order number so a senior agent can personally follow up.,,1683.0
2640,cust_MockBrandB_84,True,2019-04-18 12:00:00,"MockBrandB auto-renewed my subscription without any warning email, want a refund.",2641.0,
640,cust_MockBrandA_352,True,2019-08-10 12:00:00,Didn't receive the 2FA SMS verification code to log into my MockBrandA account.,641.0,
2649,cust_MockBrandB_89,True,2019-05-13 12:00:00,Does MockBrandB support exporting my data to CSV?,2650.0,
650,cust_MockBrandA_357,True,2019-04-22 12:00:00,Want to cancel my auto-renew membership with MockBrandA.,651.0,
1307,cust_MockBrandA_705,True,2019-06-19 12:00:00,"Someone hacked into my MockBrandA account and changed my password, please help me lock it down!",1308.0,
1850,cust_MockBrandA_1000,True,2019-03-20 12:00:00,Want to cancel my auto-renew membership with MockBrandA.,1851.0,
2677,@MockBrandBCare,False,2019-05-28 12:30:00,We're aware of an iOS 17 issue - please try reinstalling the latest build. DM your device model if it persists.,,2676.0
3077,cust_MockBrandB_320,True,2019-01-21 12:00:00,"MockBrandB keeps logging me out every few minutes, super annoying.",3078.0,
2189,@MockBrandASupport,False,2019-09-10 12:30:00,"Thanks for flagging this - please try updating to the latest app version, and DM us your device model if the crash continues.",,2188.0
1280,@MockBrandASupport,False,2019-06-27 12:30:00,So sorry for the wait. Please DM your order number and we'll escalate the refund to our billing team right away.,,1279.0
2732,cust_MockBrandB_133,True,2019-01-28 12:00:00,"MockBrandB keeps logging me out every few minutes, super annoying.",2733.0,
698,cust_MockBrandA_382,True,2019-05-12 12:00:00,I have been transferred between 4 different agents and none of you are resolving my case.,699.0,
1560,@MockBrandASupport,False,2019-02-15 12:30:00,We're sorry about that. Please DM us your order number and the last 4 digits of the card used so we can investigate the duplicate charge.,,1559.0
1913,cust_MockBrandA_1034,True,2019-03-27 12:00:00,"Package from MockBrandA has been 'in transit' for 9 days, tracking not updating.",1914.0,
2881,cust_MockBrandB_214,True,2019-01-12 12:00:00,MockBrandB app won't load past the splash screen on iOS 17.,2882.0,
1134,cust_MockBrandA_615,True,2019-03-18 12:00:00,"Returned my package 10 days ago for order #12798, when will my refund be credited?",1135.0,
2238,@MockBrandASupport,False,2019-03-15 12:30:00,We're sorry about that. Please DM us your order number and the last 4 digits of the card used so we can investigate the duplicate charge.,,2237.0
970,cust_MockBrandA_529,True,2019-02-12 12:00:00,I got charged a monthly renewal fee of $35.99 even though I paused my subscription.,971.0,
2827,cust_MockBrandB_185,True,2019-06-20 12:00:00,MockBrandB app won't load past the splash screen on iOS 17.,2828.0,
1215,cust_MockBrandA_658,True,2019-04-14 12:00:00,"If MockBrandA does not resolve this unauthorized charge of $79.99, I will pursue legal action with my lawyer.",1216.0,
239,cust_MockBrandA_132,True,2019-06-18 12:00:00,"Package from MockBrandA has been 'in transit' for 9 days, tracking not updating.",240.0,
3306,cust_MockBrandB_446,True,2019-04-28 12:00:00,"Still waiting on my MockBrandB order #57308, it's been 12 days.",3307.0,
1150,cust_MockBrandA_624,True,2019-08-11 12:00:00,Need a full refund for order #95950 because the item sent was completely wrong.,1151.0,
1067,cust_MockBrandA_581,True,2019-04-14 12:00:00,"Tracking says delivery attempted for order #40907, but I was home all day.",1068.0,
1218,@MockBrandASupport,False,2019-02-15 12:30:00,You can cancel anytime from Account > Subscription > Cancel. DM us if you don't see that option and we'll help directly.,,1217.0
2493,cust_MockBrandB_2,True,2019-07-14 12:00:00,"Third time contacting MockBrandB about the same bug, no fix yet.",2494.0,
1727,@MockBrandASupport,False,2019-07-25 12:30:00,Sorry for the trouble! Please try resetting your password from a private/incognito window - if it still fails DM us your registered email so we can look into your account.,,1726.0
2413,@MockBrandASupport,False,2019-04-10 12:30:00,Apologies for the delay! Please DM your order number and zip code so we can trace the package with the carrier.,,2412.0
175,cust_MockBrandA_95,True,2019-02-27 12:00:00,"I demand to speak to a real human supervisor right now, your automated bots are useless!",176.0,
1989,cust_MockBrandA_1076,True,2019-02-16 12:00:00,"I demand to speak to a real human supervisor right now, your automated bots are useless!",1990.0,
1982,@MockBrandASupport,False,2019-03-22 12:30:00,We're sorry about that. Please DM us your order number and the last 4 digits of the card used so we can investigate the duplicate charge.,,1981.0
16,@MockBrandASupport,False,2019-03-27 12:30:00,"Thanks for flagging this - please try updating to the latest app version, and DM us your device model if the crash continues.",,15.0
1716,@MockBrandASupport,False,2019-03-17 12:30:00,So sorry for the wait. Please DM your order number and we'll escalate the refund to our billing team right away.,,1715.0
2694,@MockBrandBCare,False,2019-02-15 12:30:00,We're aware of an iOS 17 issue - please try reinstalling the latest build. DM your device model if it persists.,,2693.0
2408,cust_MockBrandA_1307,True,2019-02-14 12:00:00,Courier delivered my package for order #69509 to the wrong street address.,2409.0,
694,cust_MockBrandA_380,True,2019-07-10 12:00:00,"Order #42129 never arrived and support keeps closing my ticket without a refund, 3rd time asking.",695.0,
1329,cust_MockBrandA_716,True,2019-06-19 12:00:00,"Cancel button is disabled in my account settings, please assist.",1330.0,
763,cust_MockBrandA_416,True,2019-01-13 12:00:00,"Requested a refund on order #89602 a week ago, still nothing.",764.0,
1362,cust_MockBrandA_735,True,2019-07-22 12:00:00,MockBrandA billed my credit card after I switched payment methods.,1363.0,
2441,@MockBrandASupport,False,2019-06-26 12:30:00,We're really sorry to hear that. Please DM your case/order number so a senior agent can personally follow up.,,2440.0
2166,@MockBrandASupport,False,2019-04-28 12:30:00,You can cancel anytime from Account > Subscription > Cancel. DM us if you don't see that option and we'll help directly.,,2165.0
1170,@MockBrandASupport,False,2019-04-17 12:30:00,Sorry for the trouble! Please try resetting your password from a private/incognito window - if it still fails DM us your registered email so we can look into your account.,,1169.0
3219,@MockBrandBCare,False,2019-09-16 12:30:00,We're aware of an iOS 17 issue - please try reinstalling the latest build. DM your device model if it persists.,,3218.0
3010,@MockBrandBCare,False,2019-09-15 12:30:00,Yes! You can export data from Settings > Data > Export CSV.,,3009.0
928,@MockBrandASupport,False,2019-06-17 12:30:00,Sorry for the trouble! Please try resetting your password from a private/incognito window - if it still fails DM us your registered email so we can look into your account.,,927.0
75,@MockBrandASupport,False,2019-03-18 12:30:00,Sorry for the trouble! Please try resetting your password from a private/incognito window - if it still fails DM us your registered email so we can look into your account.,,74.0
86,@MockBrandASupport,False,2019-04-17 12:30:00,We're really sorry to hear that. Please DM your case/order number so a senior agent can personally follow up.,,85.0
408,@MockBrandASupport,False,2019-07-10 12:30:00,Sorry for the trouble! Please try resetting your password from a private/incognito window - if it still fails DM us your registered email so we can look into your account.,,407.0
756,cust_MockBrandA_412,True,2019-06-27 12:00:00,"Requested a refund on order #64266 a week ago, still nothing.",757.0,
2711,@MockBrandBCare,False,2019-04-12 12:30:00,We're sorry this keeps happening. DM your case number so we can escalate internally.,,2710.0
660,cust_MockBrandA_362,True,2019-01-19 12:00:00,"Can't log in to check on my order #88774, app just spins forever.",661.0,
2273,@MockBrandASupport,False,2019-07-21 12:30:00,Sorry for the trouble! Please try resetting your password from a private/incognito window - if it still fails DM us your registered email so we can look into your account.,,2272.0
938,@MockBrandASupport,False,2019-02-16 12:30:00,We're really sorry to hear that. Please DM your case/order number so a senior agent can personally follow up.,,937.0
1579,cust_MockBrandA_853,True,2019-09-15 12:00:00,"Order #85000 never arrived and support keeps closing my ticket without a refund, 3rd time asking.",1580.0,
1142,@MockBrandASupport,False,2019-09-22 12:30:00,So sorry for the wait. Please DM your order number and we'll escalate the refund to our billing team right away.,,1141.0
1013,@MockBrandASupport,False,2019-09-10 12:30:00,Apologies for the delay! Please DM your order number and zip code so we can trace the package with the carrier.,,1012.0
1600,@MockBrandASupport,False,2019-05-26 12:30:00,We're sorry about that. Please DM us your order number and the last 4 digits of the card used so we can investigate the duplicate charge.,,1599.0
1346,cust_MockBrandA_725,True,2019-06-11 12:00:00,"Tracking says delivery attempted for order #63849, but I was home all day.",1347.0,
1981,cust_MockBrandA_1072,True,2019-06-25 12:00:00,"I noticed fraudulent unauthorized charges from MockBrandA on my card, my account was compromised!",1982.0,
465,@MockBrandASupport,False,2019-09-26 12:30:00,Apologies for the delay! Please DM your order number and zip code so we can trace the package with the carrier.,,464.0
1526,@MockBrandASupport,False,2019-06-25 12:30:00,So sorry for the wait. Please DM your order number and we'll escalate the refund to our billing team right away.,,1525.0
2910,@MockBrandBCare,False,2019-09-19 12:30:00,We're sorry this keeps happening. DM your case number so we can escalate internally.,,2909.0
1429,cust_MockBrandA_771,True,2019-08-25 12:00:00,Didn't receive the 2FA SMS verification code to log into my MockBrandA account.,1430.0,
1532,@MockBrandASupport,False,2019-08-26 12:30:00,We're sorry about that. Please DM us your order number and the last 4 digits of the card used so we can investigate the duplicate charge.,,1531.0
2767,cust_MockBrandB_151,True,2019-01-24 12:00:00,"MockBrandB auto-renewed my subscription without any warning email, want a refund.",2768.0,
2654,@MockBrandBCare,False,2019-01-19 12:30:00,Sorry for the delay - DM your order number so we can chase this with our logistics partner.,,2653.0
2425,@MockBrandASupport,False,2019-07-22 12:30:00,You can cancel anytime from Account > Subscription > Cancel. DM us if you don't see that option and we'll help directly.,,2424.0
1306,@MockBrandASupport,False,2019-07-15 12:30:00,Sorry for the trouble! Please try resetting your password from a private/incognito window - if it still fails DM us your registered email so we can look into your account.,,1305.0
3303,cust_MockBrandB_444,True,2019-04-15 12:00:00,"MockBrandB keeps logging me out every few minutes, super annoying.",3304.0,
390,cust_MockBrandA_214,True,2019-06-12 12:00:00,"Cancel button is disabled in my account settings, please assist.",391.0,
344,cust_MockBrandA_188,True,2019-05-12 12:00:00,"Can't log in to check on my order #23446, app just spins forever.",345.0,
435,cust_MockBrandA_239,True,2019-06-20 12:00:00,"Your product arrived broken for order #49294, cancel my recurring contract immediately.",436.0,
825,cust_MockBrandA_452,True,2019-06-12 12:00:00,"Package from MockBrandA has been 'in transit' for 9 days, tracking not updating.",826.0,
2204,cust_MockBrandA_1192,True,2019-01-21 12:00:00,Where is my order #52550? Estimated delivery date was 4 days ago.,2205.0,
2552,cust_MockBrandB_35,True,2019-01-21 12:00:00,"Third time contacting MockBrandB about the same bug, no fix yet.",2553.0,
1050,cust_MockBrandA_572,True,2019-04-18 12:00:00,"Returned my package 10 days ago for order #75404, when will my refund be credited?",1051.0,
1654,cust_MockBrandA_893,True,2019-04-23 12:00:00,Want to cancel my auto-renew membership with MockBrandA.,1655.0,
213,cust_MockBrandA_118,True,2019-05-17 12:00:00,MockBrandA login button spins endlessly and never loads my profile.,214.0,
886,@MockBrandASupport,False,2019-08-20 12:30:00,"Thanks for flagging this - please try updating to the latest app version, and DM us your device model if the crash continues.",,885.0
1550,cust_MockBrandA_838,True,2019-02-20 12:00:00,Need a full refund for order #77403 because the item sent was completely wrong.,1551.0,
2191,@MockBrandASupport,False,2019-01-16 12:30:00,So sorry for the wait. Please DM your order number and we'll escalate the refund to our billing team right away.,,2190.0
798,@MockBrandASupport,False,2019-09-28 12:30:00,Sorry for the trouble! Please try resetting your password from a private/incognito window - if it still fails DM us your registered email so we can look into your account.,,797.0
1867,@MockBrandASupport,False,2019-08-24 12:30:00,So sorry for the wait. Please DM your order number and we'll escalate the refund to our billing team right away.,,1866.0
2858,cust_MockBrandB_201,True,2019-01-11 12:00:00,"MockBrandB auto-renewed my subscription without any warning email, want a refund.",2859.0,
62,@MockBrandASupport,False,2019-04-28 12:30:00,So sorry for the wait. Please DM your order number and we'll escalate the refund to our billing team right away.,,61.0
720,@MockBrandASupport,False,2019-07-22 12:30:00,We're sorry about that. Please DM us your order number and the last 4 digits of the card used so we can investigate the duplicate charge.,,719.0
1294,@MockBrandASupport,False,2019-05-11 12:30:00,We're sorry about that. Please DM us your order number and the last 4 digits of the card used so we can investigate the duplicate charge.,,1293.0
1551,@MockBrandASupport,False,2019-02-26 12:30:00,So sorry for the wait. Please DM your order number and we'll escalate the refund to our billing team right away.,,1550.0
2831,cust_MockBrandB_187,True,2019-06-12 12:00:00,"MockBrandB keeps logging me out every few minutes, super annoying.",2832.0,
398,cust_MockBrandA_218,True,2019-02-24 12:00:00,Why does the MockBrandA app keep logging me out every 5 minutes?,399.0,
1096,cust_MockBrandA_596,True,2019-07-26 12:00:00,"Fourth time reporting this bug where order #88326 keeps failing, fix your platform!",1097.0,
1413,cust_MockBrandA_763,True,2019-07-20 12:00:00,"Returned my package 10 days ago for order #65864, when will my refund be credited?",1414.0,
2612,cust_MockBrandB_68,True,2019-09-17 12:00:00,MockBrandB app won't load past the splash screen on iOS 17.,2613.0,
1070,@MockBrandASupport,False,2019-06-25 12:30:00,Sorry for the trouble! Please try resetting your password from a private/incognito window - if it still fails DM us your registered email so we can look into your account.,,1069.0
329,cust_MockBrandA_180,True,2019-02-19 12:00:00,"If MockBrandA does not resolve this unauthorized charge of $60.99, I will pursue legal action with my lawyer.",330.0,
701,@MockBrandASupport,False,2019-07-12 12:30:00,You can cancel anytime from Account > Subscription > Cancel. DM us if you don't see that option and we'll help directly.,,700.0
299,@MockBrandASupport,False,2019-06-12 12:30:00,You can cancel anytime from Account > Subscription > Cancel. DM us if you don't see that option and we'll help directly.,,298.0
2212,@MockBrandASupport,False,2019-03-19 12:30:00,We're really sorry to hear that. Please DM your case/order number so a senior agent can personally follow up.,,2211.0
3209,@MockBrandBCare,False,2019-05-18 12:30:00,We're aware of an iOS 17 issue - please try reinstalling the latest build. DM your device model if it persists.,,3208.0
177,cust_MockBrandA_96,True,2019-05-28 12:00:00,MockBrandA billed my credit card after I switched payment methods.,178.0,
3277,cust_MockBrandB_431,True,2019-09-25 12:00:00,"MockBrandB keeps logging me out every few minutes, super annoying.",3278.0,
1625,@MockBrandASupport,False,2019-02-20 12:30:00,Apologies for the delay! Please DM your order number and zip code so we can trace the package with the carrier.,,1624.0
1648,cust_MockBrandA_890,True,2019-05-14 12:00:00,How do I cancel my MockBrandA subscription? Can't find the option anywhere.,1649.0,
1271,@MockBrandASupport,False,2019-06-27 12:30:00,We're really sorry to hear that. Please DM your case/order number so a senior agent can personally follow up.,,1270.0
2051,cust_MockBrandA_1110,True,2019-03-27 12:00:00,"Worst customer service experience ever from MockBrandA, rude agents and no resolution.",2052.0,
1486,@MockBrandASupport,False,2019-01-20 12:30:00,You can cancel anytime from Account > Subscription > Cancel. DM us if you don't see that option and we'll help directly.,,1485.0
513,cust_MockBrandA_280,True,2019-04-19 12:00:00,"Can I get a refund for MockBrandA order #80507, item arrived damaged.",514.0,
1910,cust_MockBrandA_1032,True,2019-02-18 12:00:00,Where is my order #75767? Estimated delivery date was 4 days ago.,1911.0,
388,@MockBrandASupport,False,2019-05-25 12:30:00,"Thanks for flagging this - please try updating to the latest app version, and DM us your device model if the crash continues.",,387.0
1652,cust_MockBrandA_892,True,2019-05-19 12:00:00,Saw an unexpected extra fee of $36.99 on my latest MockBrandA invoice.,1653.0,
795,@MockBrandASupport,False,2019-07-12 12:30:00,We're sorry about that. Please DM us your order number and the last 4 digits of the card used so we can investigate the duplicate charge.,,794.0
362,@MockBrandASupport,False,2019-02-21 12:30:00,Sorry for the trouble! Please try resetting your password from a private/incognito window - if it still fails DM us your registered email so we can look into your account.,,361.0
2947,cust_MockBrandB_248,True,2019-09-23 12:00:00,"MockBrandB keeps logging me out every few minutes, super annoying.",2948.0,
189,@MockBrandASupport,False,2019-09-24 12:30:00,Apologies for the delay! Please DM your order number and zip code so we can trace the package with the carrier.,,188.0
2282,cust_MockBrandA_1236,True,2019-01-14 12:00:00,"Your product arrived broken for order #92285, cancel my recurring contract immediately.",2283.0,
730,@MockBrandASupport,False,2019-04-10 12:30:00,You can cancel anytime from Account > Subscription > Cancel. DM us if you don't see that option and we'll help directly.,,729.0
171,cust_MockBrandA_93,True,2019-02-15 12:00:00,"Requested a refund on order #41439 a week ago, still nothing.",172.0,
3112,cust_MockBrandB_340,True,2019-06-14 12:00:00,MockBrandB app won't load past the splash screen on iOS 17.,3113.0,
570,@MockBrandASupport,False,2019-08-12 12:30:00,We're really sorry to hear that. Please DM your case/order number so a senior agent can personally follow up.,,569.0
1259,@MockBrandASupport,False,2019-05-20 12:30:00,Apologies for the delay! Please DM your order number and zip code so we can trace the package with the carrier.,,1258.0
1969,@MockBrandASupport,False,2019-09-22 12:30:00,We're really sorry to hear that. Please DM your case/order number so a senior agent can personally follow up.,,1968.0
2115,@MockBrandASupport,False,2019-02-15 12:30:00,Sorry for the trouble! Please try resetting your password from a private/incognito window - if it still fails DM us your registered email so we can look into your account.,,2114.0
251,@MockBrandASupport,False,2019-06-11 12:30:00,You can cancel anytime from Account > Subscription > Cancel. DM us if you don't see that option and we'll help directly.,,250.0
1047,cust_MockBrandA_570,True,2019-06-12 12:00:00,Where is my order #22190? Estimated delivery date was 4 days ago.,1048.0,
953,cust_MockBrandA_520,True,2019-01-10 12:00:00,"Can't log in to check on my order #82754, app just spins forever.",954.0,
2394,@MockBrandASupport,False,2019-06-23 12:30:00,We're sorry about that. Please DM us your order number and the last 4 digits of the card used so we can investigate the duplicate charge.,,2393.0
1920,cust_MockBrandA_1038,True,2019-08-27 12:00:00,Want to cancel my auto-renew membership with MockBrandA.,1921.0,
2272,cust_MockBrandA_1230,True,2019-09-16 12:00:00,"I can't log into my MockBrandA account, it keeps saying invalid password even after reset.",2273.0,
1569,cust_MockBrandA_848,True,2019-05-13 12:00:00,Search bar on MockBrandA website is broken and returns 0 results for everything.,1570.0,
1025,cust_MockBrandA_559,True,2019-05-17 12:00:00,"Someone hacked into my MockBrandA account and changed my password, please help me lock it down!",1026.0,
1868,cust_MockBrandA_1009,True,2019-01-14 12:00:00,"Can I get a refund for MockBrandA order #41870, item arrived damaged.",1869.0,
692,cust_MockBrandA_379,True,2019-05-17 12:00:00,Your iOS app freezes completely on the home screen after latest update.,693.0,
3103,cust_MockBrandB_335,True,2019-06-15 12:00:00,"MockBrandB keeps logging me out every few minutes, super annoying.",3104.0,
1879,@MockBrandASupport,False,2019-04-17 12:30:00,Sorry for the trouble! Please try resetting your password from a private/incognito window - if it still fails DM us your registered email so we can look into your account.,,1878.0
2433,@MockBrandASupport,False,2019-05-12 12:30:00,Sorry for the trouble! Please try resetting your password from a private/incognito window - if it still fails DM us your registered email so we can look into your account.,,2432.0
2513,cust_MockBrandB_14,True,2019-05-17 12:00:00,"MockBrandB auto-renewed my subscription without any warning email, want a refund.",2514.0,
554,cust_MockBrandA_304,True,2019-06-22 12:00:00,Why was I billed $39.99 when my plan is supposed to be $9.99?,555.0,
1554,cust_MockBrandA_840,True,2019-08-19 12:00:00,I have been transferred between 4 different agents and none of you are resolving my case.,1555.0,
1627,cust_MockBrandA_878,True,2019-06-19 12:00:00,MockBrandA billed my credit card after I switched payment methods.,1628.0,
1578,@MockBrandASupport,False,2019-08-27 12:30:00,We're really sorry to hear that. Please DM your case/order number so a senior agent can personally follow up.,,1577.0
1595,cust_MockBrandA_861,True,2019-04-19 12:00:00,"Returned my package 10 days ago for order #75136, when will my refund be credited?",1596.0,
136,cust_MockBrandA_74,True,2019-07-22 12:00:00,Why was I billed $13.99 when my plan is supposed to be $24.99?,137.0,
491,@MockBrandASupport,False,2019-01-12 12:30:00,We're really sorry to hear that. Please DM your case/order number so a senior agent can personally follow up.,,490.0
7,cust_MockBrandA_3,True,2019-04-20 12:00:00,Want to cancel my auto-renew membership with MockBrandA.,8.0,
2959,cust_MockBrandB_255,True,2019-08-24 12:00:00,MockBrandB app won't load past the splash screen on iOS 17.,2960.0,
249,@MockBrandASupport,False,2019-06-16 12:30:00,We're sorry about that. Please DM us your order number and the last 4 digits of the card used so we can investigate the duplicate charge.,,248.0
2560,@MockBrandBCare,False,2019-04-22 12:30:00,We're aware of an iOS 17 issue - please try reinstalling the latest build. DM your device model if it persists.,,2559.0
319,cust_MockBrandA_175,True,2019-08-26 12:00:00,"Your product arrived broken for order #95437, cancel my recurring contract immediately.",320.0,
157,@MockBrandASupport,False,2019-08-18 12:30:00,So sorry for the wait. Please DM your order number and we'll escalate the refund to our billing team right away.,,156.0
3003,cust_MockBrandB_279,True,2019-02-17 12:00:00,"Third time contacting MockBrandB about the same bug, no fix yet.",3004.0,
2850,@MockBrandBCare,False,2019-04-15 12:30:00,Yes! You can export data from Settings > Data > Export CSV.,,2849.0
3309,cust_MockBrandB_448,True,2019-08-22 12:00:00,"MockBrandB auto-renewed my subscription without any warning email, want a refund.",3310.0,
1417,cust_MockBrandA_765,True,2019-03-24 12:00:00,Please cancel my order #32026 immediately before it ships out.,1418.0,
1111,@MockBrandASupport,False,2019-03-11 12:30:00,We're really sorry to hear that. Please DM your case/order number so a senior agent can personally follow up.,,1110.0
634,@MockBrandASupport,False,2019-02-12 12:30:00,You can cancel anytime from Account > Subscription > Cancel. DM us if you don't see that option and we'll help directly.,,633.0
2547,@MockBrandBCare,False,2019-07-25 12:30:00,"Sorry about that! Please clear your app cache and reinstall - if the issue continues, DM your account email.",,2546.0
1567,cust_MockBrandA_847,True,2019-01-12 12:00:00,"I demand to speak to a real human supervisor right now, your automated bots are useless!",1568.0,
2974,@MockBrandBCare,False,2019-09-14 12:30:00,Sorry for the delay - DM your order number so we can chase this with our logistics partner.,,2973.0
741,@MockBrandASupport,False,2019-03-28 12:30:00,We're sorry about that. Please DM us your order number and the last 4 digits of the card used so we can investigate the duplicate charge.,,740.0
2660,cust_MockBrandB_95,True,2019-02-20 12:00:00,"MockBrandB auto-renewed my subscription without any warning email, want a refund.",2661.0,
2494,@MockBrandBCare,False,2019-08-13 12:30:00,We're sorry this keeps happening. DM your case number so we can escalate internally.,,2493.0
418,@MockBrandASupport,False,2019-04-15 12:30:00,We're sorry about that. Please DM us your order number and the last 4 digits of the card used so we can investigate the duplicate charge.,,417.0
874,cust_MockBrandA_479,True,2019-04-20 12:00:00,"I can't log into my MockBrandA account, it keeps saying invalid password even after reset.",875.0,
2482,@MockBrandASupport,False,2019-02-26 12:30:00,We're sorry about that. Please DM us your order number and the last 4 digits of the card used so we can investigate the duplicate charge.,,2481.0
332,@MockBrandASupport,False,2019-03-16 12:30:00,We're sorry about that. Please DM us your order number and the last 4 digits of the card used so we can investigate the duplicate charge.,,331.0
852,@MockBrandASupport,False,2019-02-26 12:30:00,Apologies for the delay! Please DM your order number and zip code so we can trace the package with the carrier.,,851.0
527,@MockBrandASupport,False,2019-09-28 12:30:00,"Thanks for flagging this - please try updating to the latest app version, and DM us your device model if the crash continues.",,526.0
1376,cust_MockBrandA_743,True,2019-04-19 12:00:00,Why was I billed $67.99 when my plan is supposed to be $27.99?,1377.0,
2832,@MockBrandBCare,False,2019-09-21 12:30:00,"Sorry about that! Please clear your app cache and reinstall - if the issue continues, DM your account email.",,2831.0
1347,cust_MockBrandA_726,True,2019-08-12 12:00:00,"Your product arrived broken for order #73342, cancel my recurring contract immediately.",1348.0,
347,cust_MockBrandA_190,True,2019-09-21 12:00:00,"Locked out of my MockBrandA account for 2 days now, no reset email arriving.",348.0,
529,@MockBrandASupport,False,2019-04-25 12:30:00,We're really sorry to hear that. Please DM your case/order number so a senior agent can personally follow up.,,528.0
2016,@MockBrandASupport,False,2019-09-22 12:30:00,So sorry for the wait. Please DM your order number and we'll escalate the refund to our billing team right away.,,2015.0
1535,cust_MockBrandA_830,True,2019-02-23 12:00:00,Courier delivered my package for order #26429 to the wrong street address.,1536.0,
266,cust_MockBrandA_146,True,2019-08-12 12:00:00,Want to cancel my auto-renew membership with MockBrandA.,267.0,
204,cust_MockBrandA_112,True,2019-04-17 12:00:00,"Order #59441 never arrived and support keeps closing my ticket without a refund, 3rd time asking.",205.0,
2993,@MockBrandBCare,False,2019-03-28 12:30:00,Yes! You can export data from Settings > Data > Export CSV.,,2992.0
983,@MockBrandASupport,False,2019-05-28 12:30:00,Sorry for the trouble! Please try resetting your password from a private/incognito window - if it still fails DM us your registered email so we can look into your account.,,982.0
2667,@MockBrandBCare,False,2019-09-17 12:30:00,We're aware of an iOS 17 issue - please try reinstalling the latest build. DM your device model if it persists.,,2666.0
1325,cust_MockBrandA_714,True,2019-07-20 12:00:00,How do I cancel my MockBrandA subscription? Can't find the option anywhere.,1326.0,
3210,cust_MockBrandB_396,True,2019-06-26 12:00:00,"MockBrandB keeps logging me out every few minutes, super annoying.",3211.0,
2635,@MockBrandBCare,False,2019-06-15 12:30:00,We're sorry this keeps happening. DM your case number so we can escalate internally.,,2634.0
880,@MockBrandASupport,False,2019-04-27 12:30:00,Sorry for the trouble! Please try resetting your password from a private/incognito window - if it still fails DM us your registered email so we can look into your account.,,879.0
2252,cust_MockBrandA_1219,True,2019-04-12 12:00:00,MockBrandA billed my credit card after I switched payment methods.,2253.0,
30,cust_MockBrandA_15,True,2019-01-18 12:00:00,Where is my order #66985? Estimated delivery date was 4 days ago.,31.0,
411,cust_MockBrandA_225,True,2019-08-23 12:00:00,"Extremely disappointed with MockBrandA support response time, this is the 3rd time I've written in.",412.0,
1344,cust_MockBrandA_724,True,2019-01-28 12:00:00,"Cannot apply discount codes at checkout on the MockBrandA app, getting an error.",1345.0,
1117,@MockBrandASupport,False,2019-07-12 12:30:00,"Thanks for flagging this - please try updating to the latest app version, and DM us your device model if the crash continues.",,1116.0
3205,cust_MockBrandB_393,True,2019-07-16 12:00:00,"Third time contacting MockBrandB about the same bug, no fix yet.",3206.0,
2434,cust_MockBrandA_1320,True,2019-06-25 12:00:00,"Requested a refund on order #99024 a week ago, still nothing.",2435.0,
2403,@MockBrandASupport,False,2019-02-21 12:30:00,Apologies for the delay! Please DM your order number and zip code so we can trace the package with the carrier.,,2402.0
1149,@MockBrandASupport,False,2019-02-10 12:30:00,We're sorry about that. Please DM us your order number and the last 4 digits of the card used so we can investigate the duplicate charge.,,1148.0
2275,@MockBrandASupport,False,2019-03-10 12:30:00,We're sorry about that. Please DM us your order number and the last 4 digits of the card used so we can investigate the duplicate charge.,,2274.0
2709,@MockBrandBCare,False,2019-07-28 12:30:00,Sorry for the delay - DM your order number so we can chase this with our logistics partner.,,2708.0
2705,@MockBrandBCare,False,2019-09-24 12:30:00,We're aware of an iOS 17 issue - please try reinstalling the latest build. DM your device model if it persists.,,2704.0
2661,@MockBrandBCare,False,2019-09-10 12:30:00,Apologies for the surprise renewal. DM your order ID and we'll process a refund review.,,2660.0
238,@MockBrandASupport,False,2019-07-10 12:30:00,We're really sorry to hear that. Please DM your case/order number so a senior agent can personally follow up.,,237.0
1597,cust_MockBrandA_862,True,2019-02-28 12:00:00,How do I cancel my MockBrandA subscription? Can't find the option anywhere.,1598.0,
589,@MockBrandASupport,False,2019-05-17 12:30:00,We're sorry about that. Please DM us your order number and the last 4 digits of the card used so we can investigate the duplicate charge.,,588.0
1132,cust_MockBrandA_614,True,2019-06-27 12:00:00,Why was I billed $72.99 when my plan is supposed to be $19.99?,1133.0,
2642,cust_MockBrandB_85,True,2019-04-12 12:00:00,"Third time contacting MockBrandB about the same bug, no fix yet.",2643.0,
1094,cust_MockBrandA_595,True,2019-09-24 12:00:00,"Worst customer service experience ever from MockBrandA, rude agents and no resolution.",1095.0,
438,cust_MockBrandA_241,True,2019-08-15 12:00:00,"Fourth time reporting this bug where order #85711 keeps failing, fix your platform!",439.0,
1189,@MockBrandASupport,False,2019-04-20 12:30:00,You can cancel anytime from Account > Subscription > Cancel. DM us if you don't see that option and we'll help directly.,,1188.0
1018,cust_MockBrandA_555,True,2019-08-15 12:00:00,Need a full refund for order #64162 because the item sent was completely wrong.,1019.0,
105,cust_MockBrandA_57,True,2019-02-24 12:00:00,"Locked out of my MockBrandA account for 2 days now, no reset email arriving.",106.0,
1359,cust_MockBrandA_733,True,2019-03-24 12:00:00,"I can't log into my MockBrandA account, it keeps saying invalid password even after reset.",1360.0,
3058,cust_MockBrandB_309,True,2019-02-16 12:00:00,Does MockBrandB support exporting my data to CSV?,3059.0,
2820,cust_MockBrandB_181,True,2019-01-22 12:00:00,"Third time contacting MockBrandB about the same bug, no fix yet.",2821.0,
2221,cust_MockBrandA_1201,True,2019-08-15 12:00:00,"Returned my package 10 days ago for order #28249, when will my refund be credited?",2222.0,
2432,cust_MockBrandA_1319,True,2019-06-10 12:00:00,"I can't log into my MockBrandA account, it keeps saying invalid password even after reset.",2433.0,
2099,cust_MockBrandA_1136,True,2019-04-13 12:00:00,"MockBrandA charged me for a renewal after I already cancelled, and now the app won't even load.",2100.0,
1571,cust_MockBrandA_849,True,2019-08-25 12:00:00,"Extremely disappointed with MockBrandA support response time, this is the 3rd time I've written in.",1572.0,
1628,@MockBrandASupport,False,2019-01-11 12:30:00,We're sorry about that. Please DM us your order number and the last 4 digits of the card used so we can investigate the duplicate charge.,,1627.0
1501,cust_MockBrandA_812,True,2019-09-12 12:00:00,"Cannot apply discount codes at checkout on the MockBrandA app, getting an error.",1502.0,
1779,@MockBrandASupport,False,2019-07-24 12:30:00,We're sorry about that. Please DM us your order number and the last 4 digits of the card used so we can investigate the duplicate charge.,,1778.0
1028,@MockBrandASupport,False,2019-08-10 12:30:00,You can cancel anytime from Account > Subscription > Cancel. DM us if you don't see that option and we'll help directly.,,1027.0
34,@MockBrandASupport,False,2019-06-19 12:30:00,So sorry for the wait. Please DM your order number and we'll escalate the refund to our billing team right away.,,33.0
3054,cust_MockBrandB_307,True,2019-08-21 12:00:00,"Third time contacting MockBrandB about the same bug, no fix yet.",3055.0,
2764,@MockBrandBCare,False,2019-06-10 12:30:00,Sorry for the delay - DM your order number so we can chase this with our logistics partner.,,2763.0
1120,cust_MockBrandA_608,True,2019-04-24 12:00:00,Search bar on MockBrandA website is broken and returns 0 results for everything.,1121.0,
2369,@MockBrandASupport,False,2019-06-21 12:30:00,Sorry for the trouble! Please try resetting your password from a private/incognito window - if it still fails DM us your registered email so we can look into your account.,,2368.0
3187,cust_MockBrandB_382,True,2019-03-23 12:00:00,"Still waiting on my MockBrandB order #23303, it's been 12 days.",3188.0,
1097,@MockBrandASupport,False,2019-09-19 12:30:00,We're really sorry to hear that. Please DM your case/order number so a senior agent can personally follow up.,,1096.0
2984,cust_MockBrandB_269,True,2019-08-18 12:00:00,"Third time contacting MockBrandB about the same bug, no fix yet.",2985.0,
3184,@MockBrandBCare,False,2019-04-19 12:30:00,"Sorry about that! Please clear your app cache and reinstall - if the issue continues, DM your account email.",,3183.0
2897,cust_MockBrandB_222,True,2019-04-25 12:00:00,MockBrandB app won't load past the splash screen on iOS 17.,2898.0,
156,cust_MockBrandA_85,True,2019-03-16 12:00:00,"Returned my package 10 days ago for order #51359, when will my refund be credited?",157.0,
3185,cust_MockBrandB_381,True,2019-08-25 12:00:00,"MockBrandB keeps logging me out every few minutes, super annoying.",3186.0,
881,cust_MockBrandA_483,True,2019-02-24 12:00:00,"If MockBrandA does not resolve this unauthorized charge of $61.99, I will pursue legal action with my lawyer.",882.0,
5,cust_MockBrandA_2,True,2019-04-24 12:00:00,"Can't log in to check on my order #36062, app just spins forever.",6.0,
2374,cust_MockBrandA_1288,True,2019-04-21 12:00:00,"Can I get a refund for MockBrandA order #56890, item arrived damaged.",2375.0,
2652,@MockBrandBCare,False,2019-06-13 12:30:00,We're aware of an iOS 17 issue - please try reinstalling the latest build. DM your device model if it persists.,,2651.0
1978,@MockBrandASupport,False,2019-04-26 12:30:00,We're really sorry to hear that. Please DM your case/order number so a senior agent can personally follow up.,,1977.0
1683,cust_MockBrandA_909,True,2019-01-24 12:00:00,"I demand to speak to a real human supervisor right now, your automated bots are useless!",1684.0,
1950,cust_MockBrandA_1055,True,2019-02-24 12:00:00,"Waiting on hold for 2 hours for order #15850, absolutely unacceptable support.",1951.0,
455,cust_MockBrandA_250,True,2019-01-26 12:00:00,"I noticed fraudulent unauthorized charges from MockBrandA on my card, my account was compromised!",456.0,
2518,@MockBrandBCare,False,2019-09-25 12:30:00,Sorry for the delay - DM your order number so we can chase this with our logistics partner.,,2517.0
1970,cust_MockBrandA_1065,True,2019-02-21 12:00:00,Want to cancel my auto-renew membership with MockBrandA.,1971.0,
1087,@MockBrandASupport,False,2019-02-13 12:30:00,Apologies for the delay! Please DM your order number and zip code so we can trace the package with the carrier.,,1086.0
2168,@MockBrandASupport,False,2019-05-16 12:30:00,We're really sorry to hear that. Please DM your case/order number so a senior agent can personally follow up.,,2167.0
544,@MockBrandASupport,False,2019-07-22 12:30:00,You can cancel anytime from Account > Subscription > Cancel. DM us if you don't see that option and we'll help directly.,,543.0
809,@MockBrandASupport,False,2019-01-25 12:30:00,We're sorry about that. Please DM us your order number and the last 4 digits of the card used so we can investigate the duplicate charge.,,808.0
2830,@MockBrandBCare,False,2019-01-28 12:30:00,We're aware of an iOS 17 issue - please try reinstalling the latest build. DM your device model if it persists.,,2829.0
1187,@MockBrandASupport,False,2019-07-20 12:30:00,So sorry for the wait. Please DM your order number and we'll escalate the refund to our billing team right away.,,1186.0
2605,@MockBrandBCare,False,2019-06-20 12:30:00,Apologies for the surprise renewal. DM your order ID and we'll process a refund review.,,2604.0
2310,cust_MockBrandA_1252,True,2019-07-21 12:00:00,"Worst customer service experience ever from MockBrandA, rude agents and no resolution.",2311.0,
470,cust_MockBrandA_258,True,2019-09-20 12:00:00,"Returned my package 10 days ago for order #33002, when will my refund be credited?",471.0,
1673,cust_MockBrandA_903,True,2019-02-25 12:00:00,"Package from MockBrandA has been 'in transit' for 9 days, tracking not updating.",1674.0,
80,cust_MockBrandA_43,True,2019-04-13 12:00:00,Your iOS app freezes completely on the home screen after latest update.,81.0,
1746,cust_MockBrandA_942,True,2019-08-26 12:00:00,Your iOS app freezes completely on the home screen after latest update.,1747.0,
1336,@MockBrandASupport,False,2019-07-27 12:30:00,Apologies for the delay! Please DM your order number and zip code so we can trace the package with the carrier.,,1335.0
1826,cust_MockBrandA_985,True,2019-06-18 12:00:00,Need a full refund for order #90012 because the item sent was completely wrong.,1827.0,
2854,@MockBrandBCare,False,2019-04-20 12:30:00,Yes! You can export data from Settings > Data > Export CSV.,,2853.0
543,cust_MockBrandA_297,True,2019-02-11 12:00:00,"Your product arrived broken for order #41877, cancel my recurring contract immediately.",544.0,
2992,cust_MockBrandB_273,True,2019-06-23 12:00:00,Does MockBrandB support exporting my data to CSV?,2993.0,
2631,cust_MockBrandB_79,True,2019-08-19 12:00:00,MockBrandB app won't load past the splash screen on iOS 17.,2632.0,
2010,cust_MockBrandA_1088,True,2019-06-10 12:00:00,My MockBrandA order #41765 says delivered but I never received it.,2011.0,
2783,@MockBrandBCare,False,2019-06-14 12:30:00,We're sorry this keeps happening. DM your case number so we can escalate internally.,,2782.0
646,cust_MockBrandA_355,True,2019-02-10 12:00:00,Want to cancel my auto-renew membership with MockBrandA.,647.0,
1891,@MockBrandASupport,False,2019-04-27 12:30:00,We're sorry about that. Please DM us your order number and the last 4 digits of the card used so we can investigate the duplicate charge.,,1890.0
473,@MockBrandASupport,False,2019-08-18 12:30:00,We're sorry about that. Please DM us your order number and the last 4 digits of the card used so we can investigate the duplicate charge.,,472.0
1172,cust_MockBrandA_636,True,2019-08-28 12:00:00,Why does the MockBrandA app keep logging me out every 5 minutes?,1173.0,
1247,cust_MockBrandA_674,True,2019-01-23 12:00:00,MockBrandA billed my credit card after I switched payment methods.,1248.0,
2551,@MockBrandBCare,False,2019-05-20 12:30:00,We're aware of an iOS 17 issue - please try reinstalling the latest build. DM your device model if it persists.,,2550.0
1873,@MockBrandASupport,False,2019-09-11 12:30:00,Apologies for the delay! Please DM your order number and zip code so we can trace the package with the carrier.,,1872.0
2469,@MockBrandASupport,False,2019-07-24 12:30:00,"Thanks for flagging this - please try updating to the latest app version, and DM us your device model if the crash continues.",,2468.0
2772,@MockBrandBCare,False,2019-07-18 12:30:00,We're sorry this keeps happening. DM your case number so we can escalate internally.,,2771.0
855,cust_MockBrandA_468,True,2019-04-18 12:00:00,Saw an unexpected extra fee of $73.99 on my latest MockBrandA invoice.,856.0,
2361,@MockBrandASupport,False,2019-04-12 12:30:00,We're sorry about that. Please DM us your order number and the last 4 digits of the card used so we can investigate the duplicate charge.,,2360.0
1699,cust_MockBrandA_917,True,2019-03-19 12:00:00,"MockBrandA charged me twice for the same order #72601, need this fixed.",1700.0,
972,@MockBrandASupport,False,2019-01-27 12:30:00,We're really sorry to hear that. Please DM your case/order number so a senior agent can personally follow up.,,971.0
2082,@MockBrandASupport,False,2019-02-12 12:30:00,We're sorry about that. Please DM us your order number and the last 4 digits of the card used so we can investigate the duplicate charge.,,2081.0
1622,cust_MockBrandA_875,True,2019-07-16 12:00:00,MockBrandA website checkout is throwing a 500 error on step 3.,1623.0,
2261,@MockBrandASupport,False,2019-01-17 12:30:00,Apologies for the delay! Please DM your order number and zip code so we can trace the package with the carrier.,,2260.0
1285,cust_MockBrandA_694,True,2019-06-11 12:00:00,"Someone hacked into my MockBrandA account and changed my password, please help me lock it down!",1286.0,
1207,@MockBrandASupport,False,2019-08-22 12:30:00,We're really sorry to hear that. Please DM your case/order number so a senior agent can personally follow up.,,1206.0
835,@MockBrandASupport,False,2019-02-14 12:30:00,You can cancel anytime from Account > Subscription > Cancel. DM us if you don't see that option and we'll help directly.,,834.0
2853,cust_MockBrandB_198,True,2019-06-17 12:00:00,Does MockBrandB support exporting my data to CSV?,2854.0,
682,cust_MockBrandA_374,True,2019-02-28 12:00:00,"Requested a refund on order #58193 a week ago, still nothing.",683.0,
2287,cust_MockBrandA_1239,True,2019-03-13 12:00:00,"Package from MockBrandA has been 'in transit' for 9 days, tracking not updating.",2288.0,
2239,cust_MockBrandA_1211,True,2019-07-25 12:00:00,Search bar on MockBrandA website is broken and returns 0 results for everything.,2240.0,
935,cust_MockBrandA_511,True,2019-08-11 12:00:00,Your iOS app freezes completely on the home screen after latest update.,936.0,
2292,@MockBrandASupport,False,2019-09-10 12:30:00,You can cancel anytime from Account > Subscription > Cancel. DM us if you don't see that option and we'll help directly.,,2291.0
1104,cust_MockBrandA_600,True,2019-09-23 12:00:00,"Can't log in to check on my order #58974, app just spins forever.",1105.0,
3152,@MockBrandBCare,False,2019-03-27 12:30:00,We're aware of an iOS 17 issue - please try reinstalling the latest build. DM your device model if it persists.,,3151.0
1121,@MockBrandASupport,False,2019-02-26 12:30:00,"Thanks for flagging this - please try updating to the latest app version, and DM us your device model if the crash continues.",,1120.0
2466,cust_MockBrandA_1338,True,2019-07-23 12:00:00,"I demand to speak to a real human supervisor right now, your automated bots are useless!",2467.0,
2567,@MockBrandBCare,False,2019-07-24 12:30:00,Yes! You can export data from Settings > Data > Export CSV.,,2566.0
2953,@MockBrandBCare,False,2019-02-10 12:30:00,Sorry for the delay - DM your order number so we can chase this with our logistics partner.,,2952.0
932,@MockBrandASupport,False,2019-04-11 12:30:00,"Thanks for flagging this - please try updating to the latest app version, and DM us your device model if the crash continues.",,931.0
81,@MockBrandASupport,False,2019-09-23 12:30:00,"Thanks for flagging this - please try updating to the latest app version, and DM us your device model if the crash continues.",,80.0
1639,cust_MockBrandA_885,True,2019-04-19 12:00:00,"If MockBrandA does not resolve this unauthorized charge of $10.99, I will pursue legal action with my lawyer.",1640.0,
1498,cust_MockBrandA_810,True,2019-09-11 12:00:00,How do I cancel my MockBrandA subscription? Can't find the option anywhere.,1499.0,
3019,cust_MockBrandB_288,True,2019-04-17 12:00:00,MockBrandB app won't load past the splash screen on iOS 17.,3020.0,
1577,cust_MockBrandA_852,True,2019-07-25 12:00:00,I have been transferred between 4 different agents and none of you are resolving my case.,1578.0,
891,cust_MockBrandA_488,True,2019-03-25 12:00:00,"MockBrandA charged me for a renewal after I already cancelled, and now the app won't even load.",892.0,
403,cust_MockBrandA_221,True,2019-04-27 12:00:00,"MockBrandA charged me for a renewal after I already cancelled, and now the app won't even load.",404.0,
1254,cust_MockBrandA_678,True,2019-03-14 12:00:00,"Tracking says delivery attempted for order #91233, but I was home all day.",1255.0,
2353,@MockBrandASupport,False,2019-01-23 12:30:00,Sorry for the trouble! Please try resetting your password from a private/incognito window - if it still fails DM us your registered email so we can look into your account.,,2352.0
2729,@MockBrandBCare,False,2019-06-13 12:30:00,Apologies for the surprise renewal. DM your order ID and we'll process a refund review.,,2728.0
1210,cust_MockBrandA_655,True,2019-01-27 12:00:00,"Tracking says delivery attempted for order #18127, but I was home all day.",1211.0,
1083,cust_MockBrandA_589,True,2019-07-18 12:00:00,"If MockBrandA does not resolve this unauthorized charge of $44.99, I will pursue legal action with my lawyer.",1084.0,
2935,cust_MockBrandB_242,True,2019-06-24 12:00:00,"Still waiting on my MockBrandB order #68437, it's been 12 days.",2936.0,
2579,cust_MockBrandB_51,True,2019-01-15 12:00:00,"Third time contacting MockBrandB about the same bug, no fix yet.",2580.0,
2262,cust_MockBrandA_1225,True,2019-08-25 12:00:00,How do I cancel my MockBrandA subscription? Can't find the option anywhere.,2263.0,
561,cust_MockBrandA_308,True,2019-03-12 12:00:00,"Cancel button is disabled in my account settings, please assist.",562.0,
2681,cust_MockBrandB_106,True,2019-02-24 12:00:00,"Third time contacting MockBrandB about the same bug, no fix yet.",2682.0,
2922,cust_MockBrandB_235,True,2019-09-16 12:00:00,MockBrandB app won't load past the splash screen on iOS 17.,2923.0,
2916,@MockBrandBCare,False,2019-05-21 12:30:00,We're sorry this keeps happening. DM your case number so we can escalate internally.,,2915.0
1757,@MockBrandASupport,False,2019-07-11 12:30:00,Sorry for the trouble! Please try resetting your password from a private/incognito window - if it still fails DM us your registered email so we can look into your account.,,1756.0
1349,cust_MockBrandA_727,True,2019-02-17 12:00:00,"Extremely disappointed with MockBrandA support response time, this is the 3rd time I've written in.",1350.0,
1394,@MockBrandASupport,False,2019-02-27 12:30:00,You can cancel anytime from Account > Subscription > Cancel. DM us if you don't see that option and we'll help directly.,,1393.0
681,@MockBrandASupport,False,2019-08-28 12:30:00,Sorry for the trouble! Please try resetting your password from a private/incognito window - if it still fails DM us your registered email so we can look into your account.,,680.0
303,cust_MockBrandA_166,True,2019-06-12 12:00:00,"Requested a refund on order #91018 a week ago, still nothing.",304.0,
433,cust_MockBrandA_238,True,2019-06-26 12:00:00,How do I cancel my MockBrandA subscription? Can't find the option anywhere.,434.0,
414,cust_MockBrandA_227,True,2019-02-20 12:00:00,I got charged a monthly renewal fee of $75.99 even though I paused my subscription.,415.0,
2066,@MockBrandASupport,False,2019-04-17 12:30:00,We're really sorry to hear that. Please DM your case/order number so a senior agent can personally follow up.,,2065.0
1986,@MockBrandASupport,False,2019-04-27 12:30:00,We're sorry about that. Please DM us your order number and the last 4 digits of the card used so we can investigate the duplicate charge.,,1985.0
1689,cust_MockBrandA_912,True,2019-03-13 12:00:00,Search bar on MockBrandA website is broken and returns 0 results for everything.,1690.0,
1581,cust_MockBrandA_854,True,2019-06-19 12:00:00,I have been transferred between 4 different agents and none of you are resolving my case.,1582.0,
2792,cust_MockBrandB_165,True,2019-05-23 12:00:00,MockBrandB app won't load past the splash screen on iOS 17.,2793.0,
215,cust_MockBrandA_119,True,2019-05-10 12:00:00,"I demand to speak to a real human supervisor right now, your automated bots are useless!",216.0,
6,@MockBrandASupport,False,2019-01-15 12:30:00,"Thanks for flagging this - please try updating to the latest app version, and DM us your device model if the crash continues.",,5.0
2503,cust_MockBrandB_8,True,2019-09-26 12:00:00,Does MockBrandB support exporting my data to CSV?,2504.0,
2548,cust_MockBrandB_33,True,2019-05-27 12:00:00,"Third time contacting MockBrandB about the same bug, no fix yet.",2549.0,
1405,@MockBrandASupport,False,2019-01-22 12:30:00,We're really sorry to hear that. Please DM your case/order number so a senior agent can personally follow up.,,1404.0
1478,@MockBrandASupport,False,2019-09-27 12:30:00,So sorry for the wait. Please DM your order number and we'll escalate the refund to our billing team right away.,,1477.0
38,@MockBrandASupport,False,2019-07-16 12:30:00,We're sorry about that. Please DM us your order number and the last 4 digits of the card used so we can investigate the duplicate charge.,,37.0
158,cust_MockBrandA_86,True,2019-04-19 12:00:00,"Fourth time reporting this bug where order #78765 keeps failing, fix your platform!",159.0,
1712,@MockBrandASupport,False,2019-08-19 12:30:00,We're sorry about that. Please DM us your order number and the last 4 digits of the card used so we can investigate the duplicate charge.,,1711.0
740,cust_MockBrandA_404,True,2019-03-20 12:00:00,"I noticed fraudulent unauthorized charges from MockBrandA on my card, my account was compromised!",741.0,
829,@MockBrandASupport,False,2019-07-26 12:30:00,We're really sorry to hear that. Please DM your case/order number so a senior agent can personally follow up.,,828.0
1139,cust_MockBrandA_618,True,2019-08-10 12:00:00,Where is my order #44517? Estimated delivery date was 4 days ago.,1140.0,
3091,@MockBrandBCare,False,2019-03-23 12:30:00,We're aware of an iOS 17 issue - please try reinstalling the latest build. DM your device model if it persists.,,3090.0
984,cust_MockBrandA_537,True,2019-07-21 12:00:00,"Order #84732 never arrived and support keeps closing my ticket without a refund, 3rd time asking.",985.0,
575,cust_MockBrandA_315,True,2019-06-15 12:00:00,Courier delivered my package for order #52030 to the wrong street address.,576.0,
173,cust_MockBrandA_94,True,2019-05-24 12:00:00,Where is my order #14278? Estimated delivery date was 4 days ago.,174.0,
2226,@MockBrandASupport,False,2019-04-10 12:30:00,So sorry for the wait. Please DM your order number and we'll escalate the refund to our billing team right away.,,2225.0
1371,@MockBrandASupport,False,2019-02-18 12:30:00,We're really sorry to hear that. Please DM your case/order number so a senior agent can personally follow up.,,1370.0
1995,cust_MockBrandA_1079,True,2019-04-18 12:00:00,Where is my order #85552? Estimated delivery date was 4 days ago.,1996.0,
2285,cust_MockBrandA_1238,True,2019-06-21 12:00:00,"Requested a refund on order #18934 a week ago, still nothing.",2286.0,
2423,@MockBrandASupport,False,2019-01-11 12:30:00,You can cancel anytime from Account > Subscription > Cancel. DM us if you don't see that option and we'll help directly.,,2422.0
1027,cust_MockBrandA_560,True,2019-01-15 12:00:00,How do I cancel my MockBrandA subscription? Can't find the option anywhere.,1028.0,
3157,cust_MockBrandB_364,True,2019-02-17 12:00:00,"MockBrandB keeps logging me out every few minutes, super annoying.",3158.0,
31,cust_MockBrandA_16,True,2019-05-26 12:00:00,"Can I get a refund for MockBrandA order #76542, item arrived damaged.",32.0,
754,cust_MockBrandA_411,True,2019-02-10 12:00:00,My MockBrandA order #18885 says delivered but I never received it.,755.0,
1290,@MockBrandASupport,False,2019-09-14 12:30:00,Sorry for the trouble! Please try resetting your password from a private/incognito window - if it still fails DM us your registered email so we can look into your account.,,1289.0
2905,cust_MockBrandB_226,True,2019-03-25 12:00:00,"Still waiting on my MockBrandB order #92040, it's been 12 days.",2906.0,
2181,@MockBrandASupport,False,2019-04-28 12:30:00,"Thanks for flagging this - please try updating to the latest app version, and DM us your device model if the crash continues.",,2180.0
2276,cust_MockBrandA_1232,True,2019-01-19 12:00:00,"Fourth time reporting this bug where order #60084 keeps failing, fix your platform!",2277.0,
1842,cust_MockBrandA_996,True,2019-01-27 12:00:00,"MockBrandA charged me for a renewal after I already cancelled, and now the app won't even load.",1843.0,
1326,@MockBrandASupport,False,2019-01-12 12:30:00,You can cancel anytime from Account > Subscription > Cancel. DM us if you don't see that option and we'll help directly.,,1325.0
3249,@MockBrandBCare,False,2019-05-14 12:30:00,We're sorry this keeps happening. DM your case number so we can escalate internally.,,3248.0
1899,cust_MockBrandA_1026,True,2019-05-28 12:00:00,"MockBrandA charged me for a renewal after I already cancelled, and now the app won't even load.",1900.0,
2039,@MockBrandASupport,False,2019-04-10 12:30:00,Apologies for the delay! Please DM your order number and zip code so we can trace the package with the carrier.,,2038.0
765,cust_MockBrandA_417,True,2019-05-19 12:00:00,"Can't log in to check on my order #80795, app just spins forever.",766.0,
1596,@MockBrandASupport,False,2019-05-28 12:30:00,So sorry for the wait. Please DM your order number and we'll escalate the refund to our billing team right away.,,1595.0
3018,@MockBrandBCare,False,2019-03-17 12:30:00,Apologies for the surprise renewal. DM your order ID and we'll process a refund review.,,3017.0
129,@MockBrandASupport,False,2019-06-22 12:30:00,So sorry for the wait. Please DM your order number and we'll escalate the refund to our billing team right away.,,128.0
201,@MockBrandASupport,False,2019-05-19 12:30:00,Sorry for the trouble! Please try resetting your password from a private/incognito window - if it still fails DM us your registered email so we can look into your account.,,200.0
2335,@MockBrandASupport,False,2019-09-20 12:30:00,Sorry for the trouble! Please try resetting your password from a private/incognito window - if it still fails DM us your registered email so we can look into your account.,,2334.0
2521,cust_MockBrandB_18,True,2019-07-12 12:00:00,"MockBrandB keeps logging me out every few minutes, super annoying.",2522.0,
785,@MockBrandASupport,False,2019-05-26 12:30:00,Sorry for the trouble! Please try resetting your password from a private/incognito window - if it still fails DM us your registered email so we can look into your account.,,784.0
2148,cust_MockBrandA_1162,True,2019-08-22 12:00:00,"I can't log into my MockBrandA account, it keeps saying invalid password even after reset.",2149.0,
642,cust_MockBrandA_353,True,2019-03-19 12:00:00,"Extremely disappointed with MockBrandA support response time, this is the 3rd time I've written in.",643.0,
3206,cust_MockBrandB_394,True,2019-05-22 12:00:00,MockBrandB app won't load past the splash screen on iOS 17.,3207.0,
139,cust_MockBrandA_76,True,2019-09-20 12:00:00,"Order #66148 never arrived and support keeps closing my ticket without a refund, 3rd time asking.",140.0,
2200,cust_MockBrandA_1189,True,2019-03-18 12:00:00,"Order #41223 never arrived and support keeps closing my ticket without a refund, 3rd time asking.",2201.0,
860,@MockBrandASupport,False,2019-02-18 12:30:00,You can cancel anytime from Account > Subscription > Cancel. DM us if you don't see that option and we'll help directly.,,859.0
1240,@MockBrandASupport,False,2019-03-24 12:30:00,We're really sorry to hear that. Please DM your case/order number so a senior agent can personally follow up.,,1239.0
503,@MockBrandASupport,False,2019-01-17 12:30:00,Apologies for the delay! Please DM your order number and zip code so we can trace the package with the carrier.,,502.0
1679,@MockBrandASupport,False,2019-02-20 12:30:00,Sorry for the trouble! Please try resetting your password from a private/incognito window - if it still fails DM us your registered email so we can look into your account.,,1678.0
2371,@MockBrandASupport,False,2019-07-19 12:30:00,We're really sorry to hear that. Please DM your case/order number so a senior agent can personally follow up.,,2370.0
1973,@MockBrandASupport,False,2019-05-21 12:30:00,We're sorry about that. Please DM us your order number and the last 4 digits of the card used so we can investigate the duplicate charge.,,1972.0
980,cust_MockBrandA_535,True,2019-06-22 12:00:00,"Support promised my refund for #15610 in 3 days, it has been two weeks now.",981.0,
1311,cust_MockBrandA_707,True,2019-05-21 12:00:00,"Support promised my refund for #39333 in 3 days, it has been two weeks now.",1312.0,
1363,@MockBrandASupport,False,2019-08-15 12:30:00,We're sorry about that. Please DM us your order number and the last 4 digits of the card used so we can investigate the duplicate charge.,,1362.0
1158,cust_MockBrandA_628,True,2019-09-22 12:00:00,Want to cancel my auto-renew membership with MockBrandA.,1159.0,
2386,cust_MockBrandA_1294,True,2019-05-14 12:00:00,"If MockBrandA does not resolve this unauthorized charge of $10.99, I will pursue legal action with my lawyer.",2387.0,
612,cust_MockBrandA_335,True,2019-07-23 12:00:00,Please cancel my order #88174 immediately before it ships out.,613.0,
517,@MockBrandASupport,False,2019-02-27 12:30:00,Apologies for the delay! Please DM your order number and zip code so we can trace the package with the carrier.,,516.0
1839,cust_MockBrandA_994,True,2019-09-16 12:00:00,"Your product arrived broken for order #75578, cancel my recurring contract immediately.",1840.0,
3092,cust_MockBrandB_328,True,2019-05-22 12:00:00,"Still waiting on my MockBrandB order #75494, it's been 12 days.",3093.0,
3178,cust_MockBrandB_377,True,2019-07-28 12:00:00,"Third time contacting MockBrandB about the same bug, no fix yet.",3179.0,
483,@MockBrandASupport,False,2019-09-16 12:30:00,You can cancel anytime from Account > Subscription > Cancel. DM us if you don't see that option and we'll help directly.,,482.0
241,cust_MockBrandA_133,True,2019-09-20 12:00:00,"Support promised my refund for #71797 in 3 days, it has been two weeks now.",242.0,
326,@MockBrandASupport,False,2019-07-19 12:30:00,We're really sorry to hear that. Please DM your case/order number so a senior agent can personally follow up.,,325.0
151,@MockBrandASupport,False,2019-02-19 12:30:00,"Thanks for flagging this - please try updating to the latest app version, and DM us your device model if the crash continues.",,150.0
636,cust_MockBrandA_349,True,2019-08-21 12:00:00,The MockBrandA app crashes every time I open the payments tab.,637.0,
610,cust_MockBrandA_334,True,2019-03-21 12:00:00,Saw an unexpected extra fee of $49.99 on my latest MockBrandA invoice.,611.0,
1890,cust_MockBrandA_1021,True,2019-03-14 12:00:00,"I noticed fraudulent unauthorized charges from MockBrandA on my card, my account was compromised!",1891.0,
2625,@MockBrandBCare,False,2019-08-24 12:30:00,Sorry for the delay - DM your order number so we can chase this with our logistics partner.,,2624.0
3059,@MockBrandBCare,False,2019-07-18 12:30:00,Yes! You can export data from Settings > Data > Export CSV.,,3058.0
2246,cust_MockBrandA_1215,True,2019-02-11 12:00:00,"Locked out of my MockBrandA account for 2 days now, no reset email arriving.",2247.0,
1267,@MockBrandASupport,False,2019-08-25 12:30:00,We're sorry about that. Please DM us your order number and the last 4 digits of the card used so we can investigate the duplicate charge.,,1266.0
2187,@MockBrandASupport,False,2019-09-21 12:30:00,We're sorry about that. Please DM us your order number and the last 4 digits of the card used so we can investigate the duplicate charge.,,2186.0
1713,cust_MockBrandA_924,True,2019-07-19 12:00:00,"I noticed fraudulent unauthorized charges from MockBrandA on my card, my account was compromised!",1714.0,
1643,cust_MockBrandA_887,True,2019-06-19 12:00:00,"Worst customer service experience ever from MockBrandA, rude agents and no resolution.",1644.0,
1203,@MockBrandASupport,False,2019-07-17 12:30:00,"Thanks for flagging this - please try updating to the latest app version, and DM us your device model if the crash continues.",,1202.0
3087,@MockBrandBCare,False,2019-01-25 12:30:00,Yes! You can export data from Settings > Data > Export CSV.,,3086.0
2234,cust_MockBrandA_1208,True,2019-02-10 12:00:00,"Tracking says delivery attempted for order #75437, but I was home all day.",2235.0,
3164,cust_MockBrandB_369,True,2019-05-14 12:00:00,"MockBrandB auto-renewed my subscription without any warning email, want a refund.",3165.0,
3067,cust_MockBrandB_314,True,2019-04-23 12:00:00,MockBrandB app won't load past the splash screen on iOS 17.,3068.0,
1937,@MockBrandASupport,False,2019-05-28 12:30:00,So sorry for the wait. Please DM your order number and we'll escalate the refund to our billing team right away.,,1936.0
2964,@MockBrandBCare,False,2019-04-12 12:30:00,Apologies for the surprise renewal. DM your order ID and we'll process a refund review.,,2963.0
1388,cust_MockBrandA_749,True,2019-04-13 12:00:00,Why was I billed $79.99 when my plan is supposed to be $32.99?,1389.0,
1612,@MockBrandASupport,False,2019-01-17 12:30:00,Apologies for the delay! Please DM your order number and zip code so we can trace the package with the carrier.,,1611.0
132,cust_MockBrandA_71,True,2019-01-10 12:00:00,"Support promised my refund for #95215 in 3 days, it has been two weeks now.",133.0,
1163,@MockBrandASupport,False,2019-09-18 12:30:00,"Thanks for flagging this - please try updating to the latest app version, and DM us your device model if the crash continues.",,1162.0
917,cust_MockBrandA_502,True,2019-09-16 12:00:00,"Support promised my refund for #93071 in 3 days, it has been two weeks now.",918.0,
2034,cust_MockBrandA_1101,True,2019-07-22 12:00:00,MockBrandA website checkout is throwing a 500 error on step 3.,2035.0,
394,cust_MockBrandA_216,True,2019-09-28 12:00:00,My MockBrandA order #74752 says delivered but I never received it.,395.0,
2109,cust_MockBrandA_1141,True,2019-07-10 12:00:00,Please cancel my order #30118 immediately before it ships out.,2110.0,
3275,cust_MockBrandB_430,True,2019-04-24 12:00:00,"MockBrandB keeps logging me out every few minutes, super annoying.",3276.0,
2506,cust_MockBrandB_10,True,2019-02-25 12:00:00,"MockBrandB auto-renewed my subscription without any warning email, want a refund.",2507.0,
1894,@MockBrandASupport,False,2019-01-18 12:30:00,We're sorry about that. Please DM us your order number and the last 4 digits of the card used so we can investigate the duplicate charge.,,1893.0
2903,cust_MockBrandB_225,True,2019-04-20 12:00:00,"Third time contacting MockBrandB about the same bug, no fix yet.",2904.0,
568,@MockBrandASupport,False,2019-05-18 12:30:00,You can cancel anytime from Account > Subscription > Cancel. DM us if you don't see that option and we'll help directly.,,567.0
1166,@MockBrandASupport,False,2019-04-16 12:30:00,Sorry for the trouble! Please try resetting your password from a private/incognito window - if it still fails DM us your registered email so we can look into your account.,,1165.0
294,cust_MockBrandA_161,True,2019-05-11 12:00:00,Where is my order #98895? Estimated delivery date was 4 days ago.,295.0,
2163,cust_MockBrandA_1170,True,2019-04-18 12:00:00,"I noticed fraudulent unauthorized charges from MockBrandA on my card, my account was compromised!",2164.0,
2289,cust_MockBrandA_1241,True,2019-06-21 12:00:00,I got charged a monthly renewal fee of $56.99 even though I paused my subscription.,2290.0,
2643,cust_MockBrandB_86,True,2019-02-25 12:00:00,"Third time contacting MockBrandB about the same bug, no fix yet.",2644.0,
3025,cust_MockBrandB_291,True,2019-09-24 12:00:00,"Third time contacting MockBrandB about the same bug, no fix yet.",3026.0,
2804,cust_MockBrandB_171,True,2019-06-11 12:00:00,"MockBrandB keeps logging me out every few minutes, super annoying.",2805.0,
697,@MockBrandASupport,False,2019-04-23 12:30:00,"Thanks for flagging this - please try updating to the latest app version, and DM us your device model if the crash continues.",,696.0
788,cust_MockBrandA_431,True,2019-06-23 12:00:00,"Your product arrived broken for order #23237, cancel my recurring contract immediately.",789.0,
3308,@MockBrandBCare,False,2019-03-20 12:30:00,Sorry for the delay - DM your order number so we can chase this with our logistics partner.,,3307.0
162,cust_MockBrandA_88,True,2019-08-24 12:00:00,Why was I billed $46.99 when my plan is supposed to be $35.99?,163.0,
2176,cust_MockBrandA_1177,True,2019-02-23 12:00:00,Where is my order #71873? Estimated delivery date was 4 days ago.,2177.0,
160,cust_MockBrandA_87,True,2019-01-11 12:00:00,"I can't log into my MockBrandA account, it keeps saying invalid password even after reset.",161.0,
410,@MockBrandASupport,False,2019-07-19 12:30:00,We're really sorry to hear that. Please DM your case/order number so a senior agent can personally follow up.,,409.0
2291,cust_MockBrandA_1242,True,2019-01-17 12:00:00,"Cancel button is disabled in my account settings, please assist.",2292.0,
3001,cust_MockBrandB_278,True,2019-06-26 12:00:00,MockBrandB app won't load past the splash screen on iOS 17.,3002.0,
677,@MockBrandASupport,False,2019-05-15 12:30:00,Sorry for the trouble! Please try resetting your password from a private/incognito window - if it still fails DM us your registered email so we can look into your account.,,676.0
2333,@MockBrandASupport,False,2019-07-17 12:30:00,So sorry for the wait. Please DM your order number and we'll escalate the refund to our billing team right away.,,2332.0
359,cust_MockBrandA_196,True,2019-06-12 12:00:00,Please cancel my order #34551 immediately before it ships out.,360.0,
1464,@MockBrandASupport,False,2019-08-28 12:30:00,"Thanks for flagging this - please try updating to the latest app version, and DM us your device model if the crash continues.",,1463.0
1503,cust_MockBrandA_813,True,2019-07-14 12:00:00,"Cancel button is disabled in my account settings, please assist.",1504.0,
2704,cust_MockBrandB_118,True,2019-04-16 12:00:00,MockBrandB app won't load past the splash screen on iOS 17.,2705.0,
547,cust_MockBrandA_299,True,2019-04-16 12:00:00,"Your product arrived broken for order #22499, cancel my recurring contract immediately.",548.0,
134,@MockBrandASupport,False,2019-04-24 12:30:00,So sorry for the wait. Please DM your order number and we'll escalate the refund to our billing team right away.,,133.0
728,@MockBrandASupport,False,2019-08-21 12:30:00,We're really sorry to hear that. Please DM your case/order number so a senior agent can personally follow up.,,727.0
1931,@MockBrandASupport,False,2019-07-19 12:30:00,So sorry for the wait. Please DM your order number and we'll escalate the refund to our billing team right away.,,1930.0
9,cust_MockBrandA_4,True,2019-08-27 12:00:00,"Cannot apply discount codes at checkout on the MockBrandA app, getting an error.",10.0,
2230,@MockBrandASupport,False,2019-06-13 12:30:00,We're really sorry to hear that. Please DM your case/order number so a senior agent can personally follow up.,,2229.0
623,cust_MockBrandA_341,True,2019-09-16 12:00:00,Your iOS app freezes completely on the home screen after latest update.,624.0,
2489,cust_MockBrandB_0,True,2019-09-27 12:00:00,"MockBrandB auto-renewed my subscription without any warning email, want a refund.",2490.0,
2018,@MockBrandASupport,False,2019-06-14 12:30:00,We're really sorry to hear that. Please DM your case/order number so a senior agent can personally follow up.,,2017.0
3052,cust_MockBrandB_306,True,2019-08-15 12:00:00,"Third time contacting MockBrandB about the same bug, no fix yet.",3053.0,
615,@MockBrandASupport,False,2019-08-11 12:30:00,"Thanks for flagging this - please try updating to the latest app version, and DM us your device model if the crash continues.",,614.0
35,cust_MockBrandA_18,True,2019-02-12 12:00:00,My MockBrandA order #17592 says delivered but I never received it.,36.0,
338,@MockBrandASupport,False,2019-04-24 12:30:00,So sorry for the wait. Please DM your order number and we'll escalate the refund to our billing team right away.,,337.0
337,cust_MockBrandA_184,True,2019-01-23 12:00:00,"Can I get a refund for MockBrandA order #91885, item arrived damaged.",338.0,
413,cust_MockBrandA_226,True,2019-06-21 12:00:00,"Someone hacked into my MockBrandA account and changed my password, please help me lock it down!",414.0,
3015,cust_MockBrandB_286,True,2019-05-10 12:00:00,MockBrandB app won't load past the splash screen on iOS 17.,3016.0,
2946,@MockBrandBCare,False,2019-03-20 12:30:00,We're aware of an iOS 17 issue - please try reinstalling the latest build. DM your device model if it persists.,,2945.0
2989,@MockBrandBCare,False,2019-05-13 12:30:00,Apologies for the surprise renewal. DM your order ID and we'll process a refund review.,,2988.0
653,@MockBrandASupport,False,2019-03-12 12:30:00,"Thanks for flagging this - please try updating to the latest app version, and DM us your device model if the crash continues.",,652.0
1377,@MockBrandASupport,False,2019-01-10 12:30:00,We're sorry about that. Please DM us your order number and the last 4 digits of the card used so we can investigate the duplicate charge.,,1376.0
676,cust_MockBrandA_371,True,2019-08-21 12:00:00,"I can't log into my MockBrandA account, it keeps saying invalid password even after reset.",677.0,
2895,cust_MockBrandB_221,True,2019-02-16 12:00:00,"MockBrandB keeps logging me out every few minutes, super annoying.",2896.0,
3207,@MockBrandBCare,False,2019-09-23 12:30:00,We're aware of an iOS 17 issue - please try reinstalling the latest build. DM your device model if it persists.,,3206.0
964,@MockBrandASupport,False,2019-06-20 12:30:00,"Thanks for flagging this - please try updating to the latest app version, and DM us your device model if the crash continues.",,963.0
2921,@MockBrandBCare,False,2019-01-20 12:30:00,Sorry for the delay - DM your order number so we can chase this with our logistics partner.,,2920.0
1661,@MockBrandASupport,False,2019-06-11 12:30:00,Sorry for the trouble! Please try resetting your password from a private/incognito window - if it still fails DM us your registered email so we can look into your account.,,1660.0
877,@MockBrandASupport,False,2019-09-11 12:30:00,Apologies for the delay! Please DM your order number and zip code so we can trace the package with the carrier.,,876.0
2397,@MockBrandASupport,False,2019-06-22 12:30:00,Sorry for the trouble! Please try resetting your password from a private/incognito window - if it still fails DM us your registered email so we can look into your account.,,2396.0
2015,cust_MockBrandA_1091,True,2019-05-19 12:00:00,"Returned my package 10 days ago for order #65436, when will my refund be credited?",2016.0,
1993,cust_MockBrandA_1078,True,2019-04-23 12:00:00,"Extremely disappointed with MockBrandA support response time, this is the 3rd time I've written in.",1994.0,
966,@MockBrandASupport,False,2019-07-18 12:30:00,You can cancel anytime from Account > Subscription > Cancel. DM us if you don't see that option and we'll help directly.,,965.0
1262,cust_MockBrandA_682,True,2019-09-16 12:00:00,"Tracking says delivery attempted for order #53150, but I was home all day.",1263.0,
485,@MockBrandASupport,False,2019-04-28 12:30:00,You can cancel anytime from Account > Subscription > Cancel. DM us if you don't see that option and we'll help directly.,,484.0
1518,cust_MockBrandA_821,True,2019-06-24 12:00:00,"Requested a refund on order #86238 a week ago, still nothing.",1519.0,
1368,cust_MockBrandA_738,True,2019-01-19 12:00:00,"Package from MockBrandA has been 'in transit' for 9 days, tracking not updating.",1369.0,
126,cust_MockBrandA_68,True,2019-01-12 12:00:00,"Order #13534 never arrived and support keeps closing my ticket without a refund, 3rd time asking.",127.0,
1939,cust_MockBrandA_1049,True,2019-04-26 12:00:00,"Cancel button is disabled in my account settings, please assist.",1940.0,
1697,cust_MockBrandA_916,True,2019-09-26 12:00:00,"If MockBrandA does not resolve this unauthorized charge of $29.99, I will pursue legal action with my lawyer.",1698.0,
631,cust_MockBrandA_346,True,2019-03-14 12:00:00,Please cancel my order #17770 immediately before it ships out.,632.0,
1771,@MockBrandASupport,False,2019-09-17 12:30:00,Apologies for the delay! Please DM your order number and zip code so we can trace the package with the carrier.,,1770.0
1663,cust_MockBrandA_898,True,2019-03-18 12:00:00,Your iOS app freezes completely on the home screen after latest update.,1664.0,
1785,@MockBrandASupport,False,2019-01-26 12:30:00,"Thanks for flagging this - please try updating to the latest app version, and DM us your device model if the crash continues.",,1784.0
234,@MockBrandASupport,False,2019-06-26 12:30:00,Apologies for the delay! Please DM your order number and zip code so we can trace the package with the carrier.,,233.0
1286,@MockBrandASupport,False,2019-02-25 12:30:00,Sorry for the trouble! Please try resetting your password from a private/incognito window - if it still fails DM us your registered email so we can look into your account.,,1285.0
2488,@MockBrandASupport,False,2019-01-15 12:30:00,We're sorry about that. Please DM us your order number and the last 4 digits of the card used so we can investigate the duplicate charge.,,2487.0
1971,@MockBrandASupport,False,2019-01-22 12:30:00,You can cancel anytime from Account > Subscription > Cancel. DM us if you don't see that option and we'll help directly.,,1970.0
666,cust_MockBrandA_366,True,2019-05-16 12:00:00,Why does the MockBrandA app keep logging me out every 5 minutes?,667.0,
994,cust_MockBrandA_542,True,2019-03-14 12:00:00,"Locked out of my MockBrandA account for 2 days now, no reset email arriving.",995.0,
333,cust_MockBrandA_182,True,2019-03-14 12:00:00,MockBrandA website checkout is throwing a 500 error on step 3.,334.0,
1226,@MockBrandASupport,False,2019-01-23 12:30:00,So sorry for the wait. Please DM your order number and we'll escalate the refund to our billing team right away.,,1225.0
1357,cust_MockBrandA_731,True,2019-09-12 12:00:00,Where is my order #73538? Estimated delivery date was 4 days ago.,1358.0,
1718,@MockBrandASupport,False,2019-03-25 12:30:00,You can cancel anytime from Account > Subscription > Cancel. DM us if you don't see that option and we'll help directly.,,1717.0
1638,@MockBrandASupport,False,2019-03-24 12:30:00,Sorry for the trouble! Please try resetting your password from a private/incognito window - if it still fails DM us your registered email so we can look into your account.,,1637.0
1691,cust_MockBrandA_913,True,2019-02-21 12:00:00,"Someone hacked into my MockBrandA account and changed my password, please help me lock it down!",1692.0,
1487,cust_MockBrandA_804,True,2019-09-15 12:00:00,"Cannot apply discount codes at checkout on the MockBrandA app, getting an error.",1488.0,
2072,cust_MockBrandA_1122,True,2019-03-28 12:00:00,"Fourth time reporting this bug where order #17094 keeps failing, fix your platform!",2073.0,
404,@MockBrandASupport,False,2019-05-27 12:30:00,We're sorry about that. Please DM us your order number and the last 4 digits of the card used so we can investigate the duplicate charge.,,403.0
3252,cust_MockBrandB_418,True,2019-07-13 12:00:00,"Still waiting on my MockBrandB order #92635, it's been 12 days.",3253.0,
1902,@MockBrandASupport,False,2019-07-28 12:30:00,So sorry for the wait. Please DM your order number and we'll escalate the refund to our billing team right away.,,1901.0
2535,cust_MockBrandB_26,True,2019-06-23 12:00:00,"MockBrandB keeps logging me out every few minutes, super annoying.",2536.0,
897,cust_MockBrandA_491,True,2019-09-23 12:00:00,I have been transferred between 4 different agents and none of you are resolving my case.,898.0,
2942,@MockBrandBCare,False,2019-02-12 12:30:00,Yes! You can export data from Settings > Data > Export CSV.,,2941.0
607,@MockBrandASupport,False,2019-06-21 12:30:00,We're sorry about that. Please DM us your order number and the last 4 digits of the card used so we can investigate the duplicate charge.,,606.0
437,cust_MockBrandA_240,True,2019-08-18 12:00:00,Courier delivered my package for order #92478 to the wrong street address.,438.0,
1056,@MockBrandASupport,False,2019-03-11 12:30:00,You can cancel anytime from Account > Subscription > Cancel. DM us if you don't see that option and we'll help directly.,,1055.0
2867,@MockBrandBCare,False,2019-02-20 12:30:00,Sorry for the delay - DM your order number so we can chase this with our logistics partner.,,2866.0
3145,cust_MockBrandB_358,True,2019-06-11 12:00:00,"Third time contacting MockBrandB about the same bug, no fix yet.",3146.0,
1658,cust_MockBrandA_895,True,2019-07-16 12:00:00,"I can't log into my MockBrandA account, it keeps saying invalid password even after reset.",1659.0,
2044,@MockBrandASupport,False,2019-09-28 12:30:00,You can cancel anytime from Account > Subscription > Cancel. DM us if you don't see that option and we'll help directly.,,2043.0
1232,@MockBrandASupport,False,2019-08-11 12:30:00,You can cancel anytime from Account > Subscription > Cancel. DM us if you don't see that option and we'll help directly.,,1231.0
2085,cust_MockBrandA_1129,True,2019-08-23 12:00:00,Why was I billed $33.99 when my plan is supposed to be $29.99?,2086.0,
1345,@MockBrandASupport,False,2019-04-26 12:30:00,"Thanks for flagging this - please try updating to the latest app version, and DM us your device model if the crash continues.",,1344.0
1115,@MockBrandASupport,False,2019-05-25 12:30:00,So sorry for the wait. Please DM your order number and we'll escalate the refund to our billing team right away.,,1114.0
1980,@MockBrandASupport,False,2019-07-17 12:30:00,We're really sorry to hear that. Please DM your case/order number so a senior agent can personally follow up.,,1979.0
1778,cust_MockBrandA_959,True,2019-05-28 12:00:00,"MockBrandA charged me for a renewal after I already cancelled, and now the app won't even load.",1779.0,
3288,@MockBrandBCare,False,2019-02-18 12:30:00,We're sorry this keeps happening. DM your case number so we can escalate internally.,,3287.0
927,cust_MockBrandA_507,True,2019-09-27 12:00:00,Why does the MockBrandA app keep logging me out every 5 minutes?,928.0,
1005,cust_MockBrandA_548,True,2019-09-13 12:00:00,"I noticed fraudulent unauthorized charges from MockBrandA on my card, my account was compromised!",1006.0,
2909,cust_MockBrandB_228,True,2019-02-17 12:00:00,"Third time contacting MockBrandB about the same bug, no fix yet.",2910.0,
2707,@MockBrandBCare,False,2019-09-17 12:30:00,Sorry for the delay - DM your order number so we can chase this with our logistics partner.,,2706.0
3099,cust_MockBrandB_332,True,2019-09-16 12:00:00,"MockBrandB auto-renewed my subscription without any warning email, want a refund.",3100.0,
2158,@MockBrandASupport,False,2019-03-14 12:30:00,You can cancel anytime from Account > Subscription > Cancel. DM us if you don't see that option and we'll help directly.,,2157.0
3216,cust_MockBrandB_400,True,2019-03-12 12:00:00,"MockBrandB keeps logging me out every few minutes, super annoying.",3217.0,
1355,cust_MockBrandA_730,True,2019-03-28 12:00:00,"Package from MockBrandA has been 'in transit' for 9 days, tracking not updating.",1356.0,
2296,@MockBrandASupport,False,2019-08-13 12:30:00,"Thanks for flagging this - please try updating to the latest app version, and DM us your device model if the crash continues.",,2295.0
1058,@MockBrandASupport,False,2019-03-24 12:30:00,We're sorry about that. Please DM us your order number and the last 4 digits of the card used so we can investigate the duplicate charge.,,1057.0
1921,@MockBrandASupport,False,2019-03-28 12:30:00,You can cancel anytime from Account > Subscription > Cancel. DM us if you don't see that option and we'll help directly.,,1920.0
3183,cust_MockBrandB_380,True,2019-06-16 12:00:00,"MockBrandB keeps logging me out every few minutes, super annoying.",3184.0,
1404,cust_MockBrandA_758,True,2019-01-20 12:00:00,I have been transferred between 4 different agents and none of you are resolving my case.,1405.0,
2591,@MockBrandBCare,False,2019-09-28 12:30:00,Apologies for the surprise renewal. DM your order ID and we'll process a refund review.,,2590.0
328,@MockBrandASupport,False,2019-06-19 12:30:00,Apologies for the delay! Please DM your order number and zip code so we can trace the package with the carrier.,,327.0
468,cust_MockBrandA_257,True,2019-03-10 12:00:00,"Extremely disappointed with MockBrandA support response time, this is the 3rd time I've written in.",469.0,
2022,cust_MockBrandA_1095,True,2019-03-16 12:00:00,"Requested a refund on order #33121 a week ago, still nothing.",2023.0,
2589,@MockBrandBCare,False,2019-01-19 12:30:00,Sorry for the delay - DM your order number so we can chase this with our logistics partner.,,2588.0
1919,@MockBrandASupport,False,2019-06-16 12:30:00,So sorry for the wait. Please DM your order number and we'll escalate the refund to our billing team right away.,,1918.0
2502,cust_MockBrandB_7,True,2019-08-22 12:00:00,"Third time contacting MockBrandB about the same bug, no fix yet.",2503.0,
271,cust_MockBrandA_149,True,2019-07-24 12:00:00,"If MockBrandA does not resolve this unauthorized charge of $80.99, I will pursue legal action with my lawyer.",272.0,
1977,cust_MockBrandA_1070,True,2019-08-22 12:00:00,"Worst customer service experience ever from MockBrandA, rude agents and no resolution.",1978.0,
1088,cust_MockBrandA_592,True,2019-01-22 12:00:00,Why does the MockBrandA app keep logging me out every 5 minutes?,1089.0,
154,cust_MockBrandA_84,True,2019-08-18 12:00:00,"Can't log in to check on my order #53357, app just spins forever.",155.0,
670,cust_MockBrandA_368,True,2019-05-12 12:00:00,"I noticed fraudulent unauthorized charges from MockBrandA on my card, my account was compromised!",671.0,
3044,cust_MockBrandB_302,True,2019-05-21 12:00:00,"Still waiting on my MockBrandB order #64020, it's been 12 days.",3045.0,
2410,cust_MockBrandA_1308,True,2019-07-16 12:00:00,"Cancel button is disabled in my account settings, please assist.",2411.0,
863,cust_MockBrandA_473,True,2019-02-13 12:00:00,Where is my order #57214? Estimated delivery date was 4 days ago.,864.0,
2683,cust_MockBrandB_107,True,2019-02-19 12:00:00,"MockBrandB auto-renewed my subscription without any warning email, want a refund.",2684.0,
2241,cust_MockBrandA_1212,True,2019-07-27 12:00:00,I got charged a monthly renewal fee of $41.99 even though I paused my subscription.,2242.0,
1749,@MockBrandASupport,False,2019-07-10 12:30:00,We're sorry about that. Please DM us your order number and the last 4 digits of the card used so we can investigate the duplicate charge.,,1748.0
3081,cust_MockBrandB_322,True,2019-08-19 12:00:00,"Third time contacting MockBrandB about the same bug, no fix yet.",3082.0,
3290,@MockBrandBCare,False,2019-04-25 12:30:00,Apologies for the surprise renewal. DM your order ID and we'll process a refund review.,,3289.0
794,cust_MockBrandA_435,True,2019-08-20 12:00:00,Why was I billed $27.99 when my plan is supposed to be $24.99?,795.0,
1714,@MockBrandASupport,False,2019-03-10 12:30:00,We're sorry about that. Please DM us your order number and the last 4 digits of the card used so we can investigate the duplicate charge.,,1713.0
797,cust_MockBrandA_437,True,2019-05-26 12:00:00,Didn't receive the 2FA SMS verification code to log into my MockBrandA account.,798.0,
545,cust_MockBrandA_298,True,2019-01-15 12:00:00,"Can't log in to check on my order #72390, app just spins forever.",546.0,
2970,@MockBrandBCare,False,2019-01-14 12:30:00,"Sorry about that! Please clear your app cache and reinstall - if the issue continues, DM your account email.",,2969.0
3084,cust_MockBrandB_324,True,2019-01-21 12:00:00,Does MockBrandB support exporting my data to CSV?,3085.0,
3217,@MockBrandBCare,False,2019-02-10 12:30:00,"Sorry about that! Please clear your app cache and reinstall - if the issue continues, DM your account email.",,3216.0
3045,@MockBrandBCare,False,2019-06-21 12:30:00,Sorry for the delay - DM your order number so we can chase this with our logistics partner.,,3044.0
2745,@MockBrandBCare,False,2019-06-13 12:30:00,We're sorry this keeps happening. DM your case number so we can escalate internally.,,2744.0
1616,@MockBrandASupport,False,2019-03-11 12:30:00,So sorry for the wait. Please DM your order number and we'll escalate the refund to our billing team right away.,,1615.0
1130,cust_MockBrandA_613,True,2019-06-11 12:00:00,"Requested a refund on order #75525 a week ago, still nothing.",1131.0,
1573,cust_MockBrandA_850,True,2019-07-13 12:00:00,"Order #81646 never arrived and support keeps closing my ticket without a refund, 3rd time asking.",1574.0,
382,@MockBrandASupport,False,2019-01-14 12:30:00,We're sorry about that. Please DM us your order number and the last 4 digits of the card used so we can investigate the duplicate charge.,,381.0
2886,@MockBrandBCare,False,2019-07-13 12:30:00,We're sorry this keeps happening. DM your case number so we can escalate internally.,,2885.0
3110,cust_MockBrandB_339,True,2019-06-26 12:00:00,"MockBrandB keeps logging me out every few minutes, super annoying.",3111.0,
590,cust_MockBrandA_323,True,2019-06-22 12:00:00,"Waiting on hold for 2 hours for order #77999, absolutely unacceptable support.",591.0,
3227,@MockBrandBCare,False,2019-04-23 12:30:00,We're aware of an iOS 17 issue - please try reinstalling the latest build. DM your device model if it persists.,,3226.0
1802,@MockBrandASupport,False,2019-06-22 12:30:00,Apologies for the delay! Please DM your order number and zip code so we can trace the package with the carrier.,,1801.0
1353,cust_MockBrandA_729,True,2019-05-19 12:00:00,"Your product arrived broken for order #53452, cancel my recurring contract immediately.",1354.0,
1548,cust_MockBrandA_837,True,2019-02-15 12:00:00,"Worst customer service experience ever from MockBrandA, rude agents and no resolution.",1549.0,
629,@MockBrandASupport,False,2019-05-19 12:30:00,So sorry for the wait. Please DM your order number and we'll escalate the refund to our billing team right away.,,628.0
2757,cust_MockBrandB_146,True,2019-04-23 12:00:00,Does MockBrandB support exporting my data to CSV?,2758.0,
2073,@MockBrandASupport,False,2019-08-19 12:30:00,We're really sorry to hear that. Please DM your case/order number so a senior agent can personally follow up.,,2072.0
2961,cust_MockBrandB_256,True,2019-09-28 12:00:00,Does MockBrandB support exporting my data to CSV?,2962.0,
2496,@MockBrandBCare,False,2019-08-11 12:30:00,Yes! You can export data from Settings > Data > Export CSV.,,2495.0
2106,@MockBrandASupport,False,2019-03-27 12:30:00,We're sorry about that. Please DM us your order number and the last 4 digits of the card used so we can investigate the duplicate charge.,,2105.0
2915,cust_MockBrandB_231,True,2019-04-18 12:00:00,"Third time contacting MockBrandB about the same bug, no fix yet.",2916.0,
3021,cust_MockBrandB_289,True,2019-03-16 12:00:00,"Still waiting on my MockBrandB order #28407, it's been 12 days.",3022.0,
1796,cust_MockBrandA_968,True,2019-02-15 12:00:00,"Order #16005 never arrived and support keeps closing my ticket without a refund, 3rd time asking.",1797.0,
506,cust_MockBrandA_276,True,2019-06-28 12:00:00,"Waiting on hold for 2 hours for order #47914, absolutely unacceptable support.",507.0,
2747,@MockBrandBCare,False,2019-02-15 12:30:00,Sorry for the delay - DM your order number so we can chase this with our logistics partner.,,2746.0
2662,cust_MockBrandB_96,True,2019-06-21 12:00:00,"Third time contacting MockBrandB about the same bug, no fix yet.",2663.0,
3299,cust_MockBrandB_442,True,2019-09-21 12:00:00,"Third time contacting MockBrandB about the same bug, no fix yet.",3300.0,
1168,@MockBrandASupport,False,2019-03-13 12:30:00,"Thanks for flagging this - please try updating to the latest app version, and DM us your device model if the crash continues.",,1167.0
1338,@MockBrandASupport,False,2019-06-23 12:30:00,So sorry for the wait. Please DM your order number and we'll escalate the refund to our billing team right away.,,1337.0
1422,@MockBrandASupport,False,2019-05-26 12:30:00,We're sorry about that. Please DM us your order number and the last 4 digits of the card used so we can investigate the duplicate charge.,,1421.0
1886,cust_MockBrandA_1018,True,2019-04-15 12:00:00,"Package from MockBrandA has been 'in transit' for 9 days, tracking not updating.",1887.0,
1369,cust_MockBrandA_739,True,2019-01-13 12:00:00,"Cancel button is disabled in my account settings, please assist.",1370.0,
1653,@MockBrandASupport,False,2019-07-14 12:30:00,We're sorry about that. Please DM us your order number and the last 4 digits of the card used so we can investigate the duplicate charge.,,1652.0
1837,cust_MockBrandA_992,True,2019-05-25 12:00:00,"Support promised my refund for #74724 in 3 days, it has been two weeks now.",1838.0,
2892,@MockBrandBCare,False,2019-04-12 12:30:00,Apologies for the surprise renewal. DM your order ID and we'll process a refund review.,,2891.0
3196,cust_MockBrandB_388,True,2019-06-19 12:00:00,"MockBrandB auto-renewed my subscription without any warning email, want a refund.",3197.0,
2135,cust_MockBrandA_1155,True,2019-09-17 12:00:00,"Someone hacked into my MockBrandA account and changed my password, please help me lock it down!",2136.0,
896,@MockBrandASupport,False,2019-09-14 12:30:00,We're sorry about that. Please DM us your order number and the last 4 digits of the card used so we can investigate the duplicate charge.,,895.0
2087,cust_MockBrandA_1130,True,2019-07-10 12:00:00,The MockBrandA app crashes every time I open the payments tab.,2088.0,
102,@MockBrandASupport,False,2019-05-26 12:30:00,You can cancel anytime from Account > Subscription > Cancel. DM us if you don't see that option and we'll help directly.,,101.0
2633,@MockBrandBCare,False,2019-03-18 12:30:00,We're sorry this keeps happening. DM your case number so we can escalate internally.,,2632.0
2599,@MockBrandBCare,False,2019-06-13 12:30:00,Yes! You can export data from Settings > Data > Export CSV.,,2598.0
2781,cust_MockBrandB_159,True,2019-07-16 12:00:00,"MockBrandB keeps logging me out every few minutes, super annoying.",2782.0,
598,cust_MockBrandA_328,True,2019-03-20 12:00:00,My MockBrandA order #77632 says delivered but I never received it.,599.0,
2347,@MockBrandASupport,False,2019-09-17 12:30:00,We're really sorry to hear that. Please DM your case/order number so a senior agent can personally follow up.,,2346.0
2864,cust_MockBrandB_204,True,2019-05-28 12:00:00,MockBrandB app won't load past the splash screen on iOS 17.,2865.0,
680,cust_MockBrandA_373,True,2019-08-26 12:00:00,Why does the MockBrandA app keep logging me out every 5 minutes?,681.0,
2076,cust_MockBrandA_1124,True,2019-02-21 12:00:00,Search bar on MockBrandA website is broken and returns 0 results for everything.,2077.0,
1272,cust_MockBrandA_687,True,2019-04-19 12:00:00,"I demand to speak to a real human supervisor right now, your automated bots are useless!",1273.0,
793,cust_MockBrandA_434,True,2019-05-25 12:00:00,"Locked out of my MockBrandA account for 2 days now, no reset email arriving.",794.0,
2960,@MockBrandBCare,False,2019-04-22 12:30:00,We're aware of an iOS 17 issue - please try reinstalling the latest build. DM your device model if it persists.,,2959.0
1444,@MockBrandASupport,False,2019-03-28 12:30:00,You can cancel anytime from Account > Subscription > Cancel. DM us if you don't see that option and we'll help directly.,,1443.0
278,cust_MockBrandA_153,True,2019-05-19 12:00:00,"Cannot apply discount codes at checkout on the MockBrandA app, getting an error.",279.0,
2799,@MockBrandBCare,False,2019-08-20 12:30:00,"Sorry about that! Please clear your app cache and reinstall - if the issue continues, DM your account email.",,2798.0
166,cust_MockBrandA_90,True,2019-04-13 12:00:00,MockBrandA billed my credit card after I switched payment methods.,167.0,
1955,@MockBrandASupport,False,2019-05-15 12:30:00,We're really sorry to hear that. Please DM your case/order number so a senior agent can personally follow up.,,1954.0
2260,cust_MockBrandA_1224,True,2019-03-16 12:00:00,"Tracking says delivery attempted for order #22050, but I was home all day.",2261.0,
2100,@MockBrandASupport,False,2019-01-17 12:30:00,We're sorry about that. Please DM us your order number and the last 4 digits of the card used so we can investigate the duplicate charge.,,2099.0
1454,@MockBrandASupport,False,2019-05-15 12:30:00,We're sorry about that. Please DM us your order number and the last 4 digits of the card used so we can investigate the duplicate charge.,,1453.0
1205,@MockBrandASupport,False,2019-04-26 12:30:00,"Thanks for flagging this - please try updating to the latest app version, and DM us your device model if the crash continues.",,1204.0
320,@MockBrandASupport,False,2019-01-24 12:30:00,You can cancel anytime from Account > Subscription > Cancel. DM us if you don't see that option and we'll help directly.,,319.0
1776,cust_MockBrandA_958,True,2019-03-25 12:00:00,"MockBrandA charged me twice for the same order #22091, need this fixed.",1777.0,
2578,cust_MockBrandB_50,True,2019-03-14 12:00:00,MockBrandB app won't load past the splash screen on iOS 17.,2579.0,
2356,cust_MockBrandA_1279,True,2019-06-21 12:00:00,"Your product arrived broken for order #92734, cancel my recurring contract immediately.",2357.0,
1436,@MockBrandASupport,False,2019-02-20 12:30:00,Apologies for the delay! Please DM your order number and zip code so we can trace the package with the carrier.,,1435.0
218,@MockBrandASupport,False,2019-03-15 12:30:00,"Thanks for flagging this - please try updating to the latest app version, and DM us your device model if the crash continues.",,217.0
1533,cust_MockBrandA_829,True,2019-02-17 12:00:00,MockBrandA website checkout is throwing a 500 error on step 3.,1534.0,
1211,cust_MockBrandA_656,True,2019-03-12 12:00:00,"Support promised my refund for #29884 in 3 days, it has been two weeks now.",1212.0,
415,@MockBrandASupport,False,2019-02-18 12:30:00,We're sorry about that. Please DM us your order number and the last 4 digits of the card used so we can investigate the duplicate charge.,,414.0
2779,cust_MockBrandB_158,True,2019-09-21 12:00:00,MockBrandB app won't load past the splash screen on iOS 17.,2780.0,
3014,@MockBrandBCare,False,2019-09-23 12:30:00,Yes! You can export data from Settings > Data > Export CSV.,,3013.0
211,@MockBrandASupport,False,2019-07-12 12:30:00,We're sorry about that. Please DM us your order number and the last 4 digits of the card used so we can investigate the duplicate charge.,,210.0
1704,@MockBrandASupport,False,2019-02-26 12:30:00,You can cancel anytime from Account > Subscription > Cancel. DM us if you don't see that option and we'll help directly.,,1703.0
535,@MockBrandASupport,False,2019-01-16 12:30:00,Sorry for the trouble! Please try resetting your password from a private/incognito window - if it still fails DM us your registered email so we can look into your account.,,534.0
2982,@MockBrandBCare,False,2019-02-13 12:30:00,Apologies for the surprise renewal. DM your order ID and we'll process a refund review.,,2981.0
3279,cust_MockBrandB_432,True,2019-06-22 12:00:00,Does MockBrandB support exporting my data to CSV?,3280.0,
1522,@MockBrandASupport,False,2019-03-13 12:30:00,Apologies for the delay! Please DM your order number and zip code so we can trace the package with the carrier.,,1521.0
1906,@MockBrandASupport,False,2019-06-23 12:30:00,We're sorry about that. Please DM us your order number and the last 4 digits of the card used so we can investigate the duplicate charge.,,1905.0
1911,cust_MockBrandA_1033,True,2019-01-27 12:00:00,Why was I billed $19.99 when my plan is supposed to be $28.99?,1912.0,
1636,@MockBrandASupport,False,2019-06-23 12:30:00,You can cancel anytime from Account > Subscription > Cancel. DM us if you don't see that option and we'll help directly.,,1635.0
1994,@MockBrandASupport,False,2019-04-19 12:30:00,We're really sorry to hear that. Please DM your case/order number so a senior agent can personally follow up.,,1993.0
1036,@MockBrandASupport,False,2019-05-17 12:30:00,Sorry for the trouble! Please try resetting your password from a private/incognito window - if it still fails DM us your registered email so we can look into your account.,,1035.0
1799,@MockBrandASupport,False,2019-09-16 12:30:00,We're sorry about that. Please DM us your order number and the last 4 digits of the card used so we can investigate the duplicate charge.,,1798.0
931,cust_MockBrandA_509,True,2019-06-24 12:00:00,"Can't log in to check on my order #95105, app just spins forever.",932.0,
68,cust_MockBrandA_36,True,2019-06-19 12:00:00,I got charged a monthly renewal fee of $18.99 even though I paused my subscription.,69.0,
583,@MockBrandASupport,False,2019-08-28 12:30:00,Apologies for the delay! Please DM your order number and zip code so we can trace the package with the carrier.,,582.0
1002,@MockBrandASupport,False,2019-03-13 12:30:00,Apologies for the delay! Please DM your order number and zip code so we can trace the package with the carrier.,,1001.0
3141,cust_MockBrandB_356,True,2019-04-11 12:00:00,MockBrandB app won't load past the splash screen on iOS 17.,3142.0,
1237,cust_MockBrandA_669,True,2019-08-12 12:00:00,"MockBrandA charged me for a renewal after I already cancelled, and now the app won't even load.",1238.0,
2651,cust_MockBrandB_90,True,2019-07-13 12:00:00,MockBrandB app won't load past the splash screen on iOS 17.,2652.0,
2803,@MockBrandBCare,False,2019-08-19 12:30:00,"Sorry about that! Please clear your app cache and reinstall - if the issue continues, DM your account email.",,2802.0
603,@MockBrandASupport,False,2019-02-28 12:30:00,We're really sorry to hear that. Please DM your case/order number so a senior agent can personally follow up.,,602.0
3215,@MockBrandBCare,False,2019-02-13 12:30:00,Yes! You can export data from Settings > Data > Export CSV.,,3214.0
3251,@MockBrandBCare,False,2019-05-15 12:30:00,Apologies for the surprise renewal. DM your order ID and we'll process a refund review.,,3250.0
66,cust_MockBrandA_35,True,2019-02-12 12:00:00,The MockBrandA app crashes every time I open the payments tab.,67.0,
814,cust_MockBrandA_446,True,2019-06-27 12:00:00,"Fourth time reporting this bug where order #23410 keeps failing, fix your platform!",815.0,
1996,cust_MockBrandA_1080,True,2019-07-15 12:00:00,"Worst customer service experience ever from MockBrandA, rude agents and no resolution.",1997.0,
1289,cust_MockBrandA_696,True,2019-09-10 12:00:00,MockBrandA login button spins endlessly and never loads my profile.,1290.0,
98,@MockBrandASupport,False,2019-05-22 12:30:00,We're sorry about that. Please DM us your order number and the last 4 digits of the card used so we can investigate the duplicate charge.,,97.0
2805,cust_MockBrandB_172,True,2019-06-19 12:00:00,"Third time contacting MockBrandB about the same bug, no fix yet.",2806.0,
1227,cust_MockBrandA_664,True,2019-04-16 12:00:00,"I can't log into my MockBrandA account, it keeps saying invalid password even after reset.",1228.0,
1540,@MockBrandASupport,False,2019-01-13 12:30:00,Sorry for the trouble! Please try resetting your password from a private/incognito window - if it still fails DM us your registered email so we can look into your account.,,1539.0
1568,@MockBrandASupport,False,2019-01-15 12:30:00,We're really sorry to hear that. Please DM your case/order number so a senior agent can personally follow up.,,1567.0
3241,@MockBrandBCare,False,2019-07-15 12:30:00,"Sorry about that! Please clear your app cache and reinstall - if the issue continues, DM your account email.",,3240.0
474,cust_MockBrandA_260,True,2019-06-17 12:00:00,MockBrandA website checkout is throwing a 500 error on step 3.,475.0,
1223,cust_MockBrandA_662,True,2019-08-14 12:00:00,"Support promised my refund for #13418 in 3 days, it has been two weeks now.",1224.0,
1506,cust_MockBrandA_815,True,2019-07-18 12:00:00,"Fourth time reporting this bug where order #59253 keeps failing, fix your platform!",1507.0,
301,cust_MockBrandA_165,True,2019-07-19 12:00:00,"Your product arrived broken for order #66267, cancel my recurring contract immediately.",302.0,
848,@MockBrandASupport,False,2019-01-13 12:30:00,We're sorry about that. Please DM us your order number and the last 4 digits of the card used so we can investigate the duplicate charge.,,847.0
150,cust_MockBrandA_82,True,2019-08-24 12:00:00,"Can't log in to check on my order #41499, app just spins forever.",151.0,
518,cust_MockBrandA_283,True,2019-01-12 12:00:00,"Returned my package 10 days ago for order #16755, when will my refund be credited?",519.0,
2047,cust_MockBrandA_1108,True,2019-09-17 12:00:00,"Requested a refund on order #68495 a week ago, still nothing.",2048.0,
2061,cust_MockBrandA_1116,True,2019-08-24 12:00:00,The MockBrandA app crashes every time I open the payments tab.,2062.0,
684,cust_MockBrandA_375,True,2019-04-11 12:00:00,"Waiting on hold for 2 hours for order #10336, absolutely unacceptable support.",685.0,
1670,@MockBrandASupport,False,2019-03-27 12:30:00,We're sorry about that. Please DM us your order number and the last 4 digits of the card used so we can investigate the duplicate charge.,,1669.0
2145,cust_MockBrandA_1160,True,2019-06-10 12:00:00,"I can't log into my MockBrandA account, it keeps saying invalid password even after reset.",2146.0,
1030,@MockBrandASupport,False,2019-09-26 12:30:00,So sorry for the wait. Please DM your order number and we'll escalate the refund to our billing team right away.,,1029.0
3147,cust_MockBrandB_359,True,2019-04-11 12:00:00,"Still waiting on my MockBrandB order #33006, it's been 12 days.",3148.0,
2366,cust_MockBrandA_1284,True,2019-04-25 12:00:00,How do I cancel my MockBrandA subscription? Can't find the option anywhere.,2367.0,
1450,@MockBrandASupport,False,2019-07-25 12:30:00,You can cancel anytime from Account > Subscription > Cancel. DM us if you don't see that option and we'll help directly.,,1449.0
3134,cust_MockBrandB_352,True,2019-04-12 12:00:00,"Third time contacting MockBrandB about the same bug, no fix yet.",3135.0,
3162,cust_MockBrandB_367,True,2019-08-27 12:00:00,"Third time contacting MockBrandB about the same bug, no fix yet.",3163.0,
2151,@MockBrandASupport,False,2019-06-23 12:30:00,So sorry for the wait. Please DM your order number and we'll escalate the refund to our billing team right away.,,2150.0
2542,cust_MockBrandB_30,True,2019-01-17 12:00:00,"MockBrandB auto-renewed my subscription without any warning email, want a refund.",2543.0,
2564,@MockBrandBCare,False,2019-07-23 12:30:00,Yes! You can export data from Settings > Data > Export CSV.,,2563.0
3129,@MockBrandBCare,False,2019-04-18 12:30:00,We're aware of an iOS 17 issue - please try reinstalling the latest build. DM your device model if it persists.,,3128.0
3115,@MockBrandBCare,False,2019-08-13 12:30:00,We're sorry this keeps happening. DM your case number so we can escalate internally.,,3114.0
2007,cust_MockBrandA_1086,True,2019-07-18 12:00:00,Saw an unexpected extra fee of $30.99 on my latest MockBrandA invoice.,2008.0,
2167,cust_MockBrandA_1172,True,2019-02-14 12:00:00,"I demand to speak to a real human supervisor right now, your automated bots are useless!",2168.0,
1888,cust_MockBrandA_1019,True,2019-02-20 12:00:00,Why was I billed $27.99 when my plan is supposed to be $29.99?,1889.0,
1177,@MockBrandASupport,False,2019-01-20 12:30:00,We're sorry about that. Please DM us your order number and the last 4 digits of the card used so we can investigate the duplicate charge.,,1176.0
3094,cust_MockBrandB_329,True,2019-05-10 12:00:00,"Still waiting on my MockBrandB order #69208, it's been 12 days.",3095.0,
557,cust_MockBrandA_306,True,2019-05-17 12:00:00,"Can I get a refund for MockBrandA order #99088, item arrived damaged.",558.0,
3247,@MockBrandBCare,False,2019-03-25 12:30:00,Apologies for the surprise renewal. DM your order ID and we'll process a refund review.,,3246.0
2904,@MockBrandBCare,False,2019-09-26 12:30:00,We're sorry this keeps happening. DM your case number so we can escalate internally.,,2903.0
174,@MockBrandASupport,False,2019-04-18 12:30:00,Apologies for the delay! Please DM your order number and zip code so we can trace the package with the carrier.,,173.0
2891,cust_MockBrandB_219,True,2019-05-27 12:00:00,"MockBrandB auto-renewed my subscription without any warning email, want a refund.",2892.0,
1017,@MockBrandASupport,False,2019-05-22 12:30:00,We're sorry about that. Please DM us your order number and the last 4 digits of the card used so we can investigate the duplicate charge.,,1016.0
451,cust_MockBrandA_248,True,2019-05-12 12:00:00,"Cannot apply discount codes at checkout on the MockBrandA app, getting an error.",452.0,
718,@MockBrandASupport,False,2019-08-14 12:30:00,We're really sorry to hear that. Please DM your case/order number so a senior agent can personally follow up.,,717.0
1864,cust_MockBrandA_1007,True,2019-02-10 12:00:00,"MockBrandA charged me for a renewal after I already cancelled, and now the app won't even load.",1865.0,
2442,cust_MockBrandA_1324,True,2019-09-10 12:00:00,"Someone hacked into my MockBrandA account and changed my password, please help me lock it down!",2443.0,
2722,cust_MockBrandB_128,True,2019-03-23 12:00:00,"MockBrandB auto-renewed my subscription without any warning email, want a refund.",2723.0,
1144,@MockBrandASupport,False,2019-06-13 12:30:00,So sorry for the wait. Please DM your order number and we'll escalate the refund to our billing team right away.,,1143.0
2351,@MockBrandASupport,False,2019-03-12 12:30:00,We're really sorry to hear that. Please DM your case/order number so a senior agent can personally follow up.,,2350.0
3203,cust_MockBrandB_392,True,2019-02-20 12:00:00,"MockBrandB keeps logging me out every few minutes, super annoying.",3204.0,
3097,cust_MockBrandB_331,True,2019-01-28 12:00:00,"MockBrandB keeps logging me out every few minutes, super annoying.",3098.0,
542,@MockBrandASupport,False,2019-07-24 12:30:00,We're sorry about that. Please DM us your order number and the last 4 digits of the card used so we can investigate the duplicate charge.,,541.0
639,cust_MockBrandA_351,True,2019-08-20 12:00:00,"Can't log in to check on my order #85750, app just spins forever.",640.0,
1922,cust_MockBrandA_1039,True,2019-06-20 12:00:00,I got charged a monthly renewal fee of $11.99 even though I paused my subscription.,1923.0,
199,@MockBrandASupport,False,2019-09-14 12:30:00,We're really sorry to hear that. Please DM your case/order number so a senior agent can personally follow up.,,198.0
685,@MockBrandASupport,False,2019-07-14 12:30:00,We're really sorry to hear that. Please DM your case/order number so a senior agent can personally follow up.,,684.0
553,@MockBrandASupport,False,2019-06-11 12:30:00,"Thanks for flagging this - please try updating to the latest app version, and DM us your device model if the crash continues.",,552.0
1614,@MockBrandASupport,False,2019-01-16 12:30:00,Apologies for the delay! Please DM your order number and zip code so we can trace the package with the carrier.,,1613.0
233,cust_MockBrandA_129,True,2019-04-14 12:00:00,Where is my order #52823? Estimated delivery date was 4 days ago.,234.0,
3093,@MockBrandBCare,False,2019-06-12 12:30:00,Sorry for the delay - DM your order number so we can chase this with our logistics partner.,,3092.0
2052,@MockBrandASupport,False,2019-08-12 12:30:00,We're really sorry to hear that. Please DM your case/order number so a senior agent can personally follow up.,,2051.0
2556,cust_MockBrandB_38,True,2019-01-25 12:00:00,"MockBrandB auto-renewed my subscription without any warning email, want a refund.",2557.0,
3221,@MockBrandBCare,False,2019-01-24 12:30:00,We're aware of an iOS 17 issue - please try reinstalling the latest build. DM your device model if it persists.,,3220.0
1116,cust_MockBrandA_606,True,2019-02-14 12:00:00,Your iOS app freezes completely on the home screen after latest update.,1117.0,
2609,@MockBrandBCare,False,2019-08-13 12:30:00,We're aware of an iOS 17 issue - please try reinstalling the latest build. DM your device model if it persists.,,2608.0
3119,@MockBrandBCare,False,2019-09-15 12:30:00,Yes! You can export data from Settings > Data > Export CSV.,,3118.0
36,@MockBrandASupport,False,2019-02-27 12:30:00,Apologies for the delay! Please DM your order number and zip code so we can trace the package with the carrier.,,35.0
2693,cust_MockBrandB_112,True,2019-01-15 12:00:00,MockBrandB app won't load past the splash screen on iOS 17.,2694.0,
2888,@MockBrandBCare,False,2019-09-12 12:30:00,Sorry for the delay - DM your order number so we can chase this with our logistics partner.,,2887.0
2186,cust_MockBrandA_1182,True,2019-07-27 12:00:00,MockBrandA billed my credit card after I switched payment methods.,2187.0,
626,cust_MockBrandA_343,True,2019-06-23 12:00:00,Saw an unexpected extra fee of $36.99 on my latest MockBrandA invoice.,627.0,
2452,cust_MockBrandA_1330,True,2019-05-27 12:00:00,MockBrandA billed my credit card after I switched payment methods.,2453.0,
1512,cust_MockBrandA_818,True,2019-05-23 12:00:00,"Package from MockBrandA has been 'in transit' for 9 days, tracking not updating.",1513.0,
2267,@MockBrandASupport,False,2019-02-12 12:30:00,"Thanks for flagging this - please try updating to the latest app version, and DM us your device model if the crash continues.",,2266.0
1895,cust_MockBrandA_1024,True,2019-02-25 12:00:00,I got charged a monthly renewal fee of $72.99 even though I paused my subscription.,1896.0,
509,@MockBrandASupport,False,2019-09-28 12:30:00,Apologies for the delay! Please DM your order number and zip code so we can trace the package with the carrier.,,508.0
2188,cust_MockBrandA_1183,True,2019-02-25 12:00:00,Your iOS app freezes completely on the home screen after latest update.,2189.0,
733,@MockBrandASupport,False,2019-01-17 12:30:00,So sorry for the wait. Please DM your order number and we'll escalate the refund to our billing team right away.,,732.0
2508,@MockBrandBCare,False,2019-07-23 12:30:00,We're aware of an iOS 17 issue - please try reinstalling the latest build. DM your device model if it persists.,,2507.0
3190,cust_MockBrandB_384,True,2019-01-14 12:00:00,"Third time contacting MockBrandB about the same bug, no fix yet.",3191.0,
276,cust_MockBrandA_152,True,2019-09-27 12:00:00,I got charged a monthly renewal fee of $17.99 even though I paused my subscription.,277.0,
316,@MockBrandASupport,False,2019-05-12 12:30:00,We're really sorry to hear that. Please DM your case/order number so a senior agent can personally follow up.,,315.0
801,cust_MockBrandA_439,True,2019-09-22 12:00:00,"Returned my package 10 days ago for order #45910, when will my refund be credited?",802.0,
71,cust_MockBrandA_38,True,2019-02-27 12:00:00,Why was I billed $43.99 when my plan is supposed to be $12.99?,72.0,
968,@MockBrandASupport,False,2019-05-25 12:30:00,"Thanks for flagging this - please try updating to the latest app version, and DM us your device model if the crash continues.",,967.0
688,cust_MockBrandA_377,True,2019-09-11 12:00:00,"Tracking says delivery attempted for order #20208, but I was home all day.",689.0,
2637,@MockBrandBCare,False,2019-06-11 12:30:00,Yes! You can export data from Settings > Data > Export CSV.,,2636.0
1927,@MockBrandASupport,False,2019-07-16 12:30:00,"Thanks for flagging this - please try updating to the latest app version, and DM us your device model if the crash continues.",,1926.0
2245,cust_MockBrandA_1214,True,2019-01-16 12:00:00,"Support promised my refund for #21436 in 3 days, it has been two weeks now.",2246.0,
1181,@MockBrandASupport,False,2019-07-14 12:30:00,Sorry for the trouble! Please try resetting your password from a private/incognito window - if it still fails DM us your registered email so we can look into your account.,,1180.0
721,cust_MockBrandA_394,True,2019-07-15 12:00:00,I have been transferred between 4 different agents and none of you are resolving my case.,722.0,
2346,cust_MockBrandA_1273,True,2019-04-17 12:00:00,"I demand to speak to a real human supervisor right now, your automated bots are useless!",2347.0,
214,@MockBrandASupport,False,2019-07-13 12:30:00,Sorry for the trouble! Please try resetting your password from a private/incognito window - if it still fails DM us your registered email so we can look into your account.,,213.0
3016,@MockBrandBCare,False,2019-09-19 12:30:00,We're aware of an iOS 17 issue - please try reinstalling the latest build. DM your device model if it persists.,,3015.0
950,@MockBrandASupport,False,2019-04-14 12:30:00,Apologies for the delay! Please DM your order number and zip code so we can trace the package with the carrier.,,949.0
2878,@MockBrandBCare,False,2019-09-26 12:30:00,Yes! You can export data from Settings > Data > Export CSV.,,2877.0
2133,cust_MockBrandA_1154,True,2019-07-27 12:00:00,How do I cancel my MockBrandA subscription? Can't find the option anywhere.,2134.0,
683,@MockBrandASupport,False,2019-02-17 12:30:00,So sorry for the wait. Please DM your order number and we'll escalate the refund to our billing team right away.,,682.0
1277,@MockBrandASupport,False,2019-08-25 12:30:00,You can cancel anytime from Account > Subscription > Cancel. DM us if you don't see that option and we'll help directly.,,1276.0
1678,cust_MockBrandA_906,True,2019-02-17 12:00:00,"I can't log into my MockBrandA account, it keeps saying invalid password even after reset.",1679.0,
939,cust_MockBrandA_513,True,2019-04-27 12:00:00,"I demand to speak to a real human supervisor right now, your automated bots are useless!",940.0,
762,cust_MockBrandA_415,True,2019-01-23 12:00:00,MockBrandA website checkout is throwing a 500 error on step 3.,763.0,
2724,cust_MockBrandB_129,True,2019-06-15 12:00:00,"Third time contacting MockBrandB about the same bug, no fix yet.",2725.0,
1786,cust_MockBrandA_963,True,2019-06-19 12:00:00,MockBrandA billed my credit card after I switched payment methods.,1787.0,
3282,@MockBrandBCare,False,2019-02-14 12:30:00,Sorry for the delay - DM your order number so we can chase this with our logistics partner.,,3281.0
1201,@MockBrandASupport,False,2019-01-12 12:30:00,Apologies for the delay! Please DM your order number and zip code so we can trace the package with the carrier.,,1200.0
611,@MockBrandASupport,False,2019-09-22 12:30:00,We're sorry about that. Please DM us your order number and the last 4 digits of the card used so we can investigate the duplicate charge.,,610.0
1856,cust_MockBrandA_1003,True,2019-01-11 12:00:00,"I demand to speak to a real human supervisor right now, your automated bots are useless!",1857.0,
1046,@MockBrandASupport,False,2019-05-17 12:30:00,"Thanks for flagging this - please try updating to the latest app version, and DM us your device model if the crash continues.",,1045.0
2918,@MockBrandBCare,False,2019-07-23 12:30:00,Apologies for the surprise renewal. DM your order ID and we'll process a refund review.,,2917.0
325,cust_MockBrandA_178,True,2019-06-13 12:00:00,"I demand to speak to a real human supervisor right now, your automated bots are useless!",326.0,
1026,@MockBrandASupport,False,2019-01-22 12:30:00,Sorry for the trouble! Please try resetting your password from a private/incognito window - if it still fails DM us your registered email so we can look into your account.,,1025.0
206,cust_MockBrandA_113,True,2019-07-22 12:00:00,MockBrandA login button spins endlessly and never loads my profile.,207.0,
2712,cust_MockBrandB_122,True,2019-05-15 12:00:00,Does MockBrandB support exporting my data to CSV?,2713.0,
379,cust_MockBrandA_208,True,2019-03-10 12:00:00,"I demand to speak to a real human supervisor right now, your automated bots are useless!",380.0,
651,@MockBrandASupport,False,2019-02-13 12:30:00,You can cancel anytime from Account > Subscription > Cancel. DM us if you don't see that option and we'll help directly.,,650.0
369,cust_MockBrandA_202,True,2019-01-16 12:00:00,How do I cancel my MockBrandA subscription? Can't find the option anywhere.,370.0,
2509,cust_MockBrandB_12,True,2019-01-12 12:00:00,"MockBrandB keeps logging me out every few minutes, super annoying.",2510.0,
197,@MockBrandASupport,False,2019-07-25 12:30:00,We're sorry about that. Please DM us your order number and the last 4 digits of the card used so we can investigate the duplicate charge.,,196.0
1494,@MockBrandASupport,False,2019-07-17 12:30:00,We're sorry about that. Please DM us your order number and the last 4 digits of the card used so we can investigate the duplicate charge.,,1493.0
3305,cust_MockBrandB_445,True,2019-05-16 12:00:00,"Third time contacting MockBrandB about the same bug, no fix yet.",3306.0,
149,@MockBrandASupport,False,2019-07-25 12:30:00,Apologies for the delay! Please DM your order number and zip code so we can trace the package with the carrier.,,148.0
802,@MockBrandASupport,False,2019-02-10 12:30:00,So sorry for the wait. Please DM your order number and we'll escalate the refund to our billing team right away.,,801.0
2175,@MockBrandASupport,False,2019-06-16 12:30:00,Apologies for the delay! Please DM your order number and zip code so we can trace the package with the carrier.,,2174.0
2791,@MockBrandBCare,False,2019-05-19 12:30:00,Sorry for the delay - DM your order number so we can chase this with our logistics partner.,,2790.0
2119,cust_MockBrandA_1147,True,2019-09-27 12:00:00,Search bar on MockBrandA website is broken and returns 0 results for everything.,2120.0,
2855,cust_MockBrandB_199,True,2019-04-28 12:00:00,"MockBrandB auto-renewed my subscription without any warning email, want a refund.",2856.0,
3111,@MockBrandBCare,False,2019-09-26 12:30:00,"Sorry about that! Please clear your app cache and reinstall - if the issue continues, DM your account email.",,3110.0
691,@MockBrandASupport,False,2019-08-10 12:30:00,You can cancel anytime from Account > Subscription > Cancel. DM us if you don't see that option and we'll help directly.,,690.0
648,cust_MockBrandA_356,True,2019-08-10 12:00:00,"Fourth time reporting this bug where order #39647 keeps failing, fix your platform!",649.0,
2917,cust_MockBrandB_232,True,2019-06-24 12:00:00,"MockBrandB auto-renewed my subscription without any warning email, want a refund.",2918.0,
1065,cust_MockBrandA_580,True,2019-03-28 12:00:00,Your iOS app freezes completely on the home screen after latest update.,1066.0,
2923,@MockBrandBCare,False,2019-09-24 12:30:00,We're aware of an iOS 17 issue - please try reinstalling the latest build. DM your device model if it persists.,,2922.0
1103,@MockBrandASupport,False,2019-04-10 12:30:00,Sorry for the trouble! Please try resetting your password from a private/incognito window - if it still fails DM us your registered email so we can look into your account.,,1102.0
2937,cust_MockBrandB_243,True,2019-01-14 12:00:00,"MockBrandB auto-renewed my subscription without any warning email, want a refund.",2938.0,
1427,cust_MockBrandA_770,True,2019-04-24 12:00:00,"I noticed fraudulent unauthorized charges from MockBrandA on my card, my account was compromised!",1428.0,
1045,cust_MockBrandA_569,True,2019-09-10 12:00:00,The MockBrandA app crashes every time I open the payments tab.,1046.0,
1792,cust_MockBrandA_966,True,2019-03-14 12:00:00,"Cancel button is disabled in my account settings, please assist.",1793.0,
367,cust_MockBrandA_201,True,2019-04-11 12:00:00,MockBrandA login button spins endlessly and never loads my profile.,368.0,
1738,cust_MockBrandA_938,True,2019-07-13 12:00:00,"Waiting on hold for 2 hours for order #14190, absolutely unacceptable support.",1739.0,
1825,cust_MockBrandA_984,True,2019-09-18 12:00:00,"MockBrandA charged me twice for the same order #61813, need this fixed.",1826.0,
3123,cust_MockBrandB_346,True,2019-02-24 12:00:00,Does MockBrandB support exporting my data to CSV?,3124.0,
2011,@MockBrandASupport,False,2019-03-18 12:30:00,Apologies for the delay! Please DM your order number and zip code so we can trace the package with the carrier.,,2010.0
84,cust_MockBrandA_45,True,2019-02-22 12:00:00,My MockBrandA order #44970 says delivered but I never received it.,85.0,
1561,cust_MockBrandA_844,True,2019-04-22 12:00:00,Why does the MockBrandA app keep logging me out every 5 minutes?,1562.0,
1473,@MockBrandASupport,False,2019-04-26 12:30:00,Sorry for the trouble! Please try resetting your password from a private/incognito window - if it still fails DM us your registered email so we can look into your account.,,1472.0
1414,@MockBrandASupport,False,2019-09-14 12:30:00,So sorry for the wait. Please DM your order number and we'll escalate the refund to our billing team right away.,,1413.0
2342,cust_MockBrandA_1271,True,2019-02-12 12:00:00,"Can't log in to check on my order #30847, app just spins forever.",2343.0,
1593,cust_MockBrandA_860,True,2019-06-15 12:00:00,Need a full refund for order #54035 because the item sent was completely wrong.,1594.0,
90,@MockBrandASupport,False,2019-07-21 12:30:00,We're sorry about that. Please DM us your order number and the last 4 digits of the card used so we can investigate the duplicate charge.,,89.0
1853,@MockBrandASupport,False,2019-08-17 12:30:00,We're really sorry to hear that. Please DM your case/order number so a senior agent can personally follow up.,,1852.0
265,@MockBrandASupport,False,2019-08-22 12:30:00,We're sorry about that. Please DM us your order number and the last 4 digits of the card used so we can investigate the duplicate charge.,,264.0
1000,@MockBrandASupport,False,2019-03-26 12:30:00,So sorry for the wait. Please DM your order number and we'll escalate the refund to our billing team right away.,,999.0
2308,cust_MockBrandA_1251,True,2019-05-15 12:00:00,Didn't receive the 2FA SMS verification code to log into my MockBrandA account.,2309.0,
3226,cust_MockBrandB_405,True,2019-07-26 12:00:00,MockBrandB app won't load past the splash screen on iOS 17.,3227.0,
1924,cust_MockBrandA_1040,True,2019-01-28 12:00:00,"Order #49274 never arrived and support keeps closing my ticket without a refund, 3rd time asking.",1925.0,
2460,@MockBrandASupport,False,2019-06-17 12:30:00,So sorry for the wait. Please DM your order number and we'll escalate the refund to our billing team right away.,,2459.0
1555,@MockBrandASupport,False,2019-08-17 12:30:00,We're really sorry to hear that. Please DM your case/order number so a senior agent can personally follow up.,,1554.0
946,@MockBrandASupport,False,2019-02-28 12:30:00,You can cancel anytime from Account > Subscription > Cancel. DM us if you don't see that option and we'll help directly.,,945.0
1191,@MockBrandASupport,False,2019-08-14 12:30:00,"Thanks for flagging this - please try updating to the latest app version, and DM us your device model if the crash continues.",,1190.0
1019,@MockBrandASupport,False,2019-09-25 12:30:00,So sorry for the wait. Please DM your order number and we'll escalate the refund to our billing team right away.,,1018.0
1123,@MockBrandASupport,False,2019-01-27 12:30:00,So sorry for the wait. Please DM your order number and we'll escalate the refund to our billing team right away.,,1122.0
1660,cust_MockBrandA_896,True,2019-06-17 12:00:00,Why does the MockBrandA app keep logging me out every 5 minutes?,1661.0,
1447,@MockBrandASupport,False,2019-04-17 12:30:00,So sorry for the wait. Please DM your order number and we'll escalate the refund to our billing team right away.,,1446.0
1288,@MockBrandASupport,False,2019-02-21 12:30:00,Apologies for the delay! Please DM your order number and zip code so we can trace the package with the carrier.,,1287.0
893,cust_MockBrandA_489,True,2019-02-22 12:00:00,"Package from MockBrandA has been 'in transit' for 9 days, tracking not updating.",894.0,
3073,cust_MockBrandB_318,True,2019-02-17 12:00:00,Does MockBrandB support exporting my data to CSV?,3074.0,
1655,@MockBrandASupport,False,2019-03-10 12:30:00,You can cancel anytime from Account > Subscription > Cancel. DM us if you don't see that option and we'll help directly.,,1654.0
690,cust_MockBrandA_378,True,2019-05-20 12:00:00,How do I cancel my MockBrandA subscription? Can't find the option anywhere.,691.0,
1547,cust_MockBrandA_836,True,2019-04-26 12:00:00,"Requested a refund on order #80402 a week ago, still nothing.",1548.0,
2462,cust_MockBrandA_1336,True,2019-07-20 12:00:00,"Someone hacked into my MockBrandA account and changed my password, please help me lock it down!",2463.0,
317,cust_MockBrandA_174,True,2019-08-28 12:00:00,"If MockBrandA does not resolve this unauthorized charge of $74.99, I will pursue legal action with my lawyer.",318.0,
3090,cust_MockBrandB_327,True,2019-03-13 12:00:00,MockBrandB app won't load past the splash screen on iOS 17.,3091.0,
3293,cust_MockBrandB_439,True,2019-09-19 12:00:00,"Third time contacting MockBrandB about the same bug, no fix yet.",3294.0,
842,cust_MockBrandA_461,True,2019-08-26 12:00:00,Why does the MockBrandA app keep logging me out every 5 minutes?,843.0,
2485,cust_MockBrandA_1348,True,2019-08-15 12:00:00,Didn't receive the 2FA SMS verification code to log into my MockBrandA account.,2486.0,
1812,@MockBrandASupport,False,2019-04-25 12:30:00,Apologies for the delay! Please DM your order number and zip code so we can trace the package with the carrier.,,1811.0
2838,@MockBrandBCare,False,2019-04-13 12:30:00,Yes! You can export data from Settings > Data > Export CSV.,,2837.0
2522,@MockBrandBCare,False,2019-03-26 12:30:00,"Sorry about that! Please clear your app cache and reinstall - if the issue continues, DM your account email.",,2521.0
2079,cust_MockBrandA_1126,True,2019-07-25 12:00:00,My MockBrandA order #14455 says delivered but I never received it.,2080.0,
2045,cust_MockBrandA_1107,True,2019-02-19 12:00:00,"Waiting on hold for 2 hours for order #14160, absolutely unacceptable support.",2046.0,
2920,cust_MockBrandB_234,True,2019-05-19 12:00:00,"Still waiting on my MockBrandB order #12553, it's been 12 days.",2921.0,
1320,@MockBrandASupport,False,2019-04-28 12:30:00,We're sorry about that. Please DM us your order number and the last 4 digits of the card used so we can investigate the duplicate charge.,,1319.0
2749,@MockBrandBCare,False,2019-04-21 12:30:00,We're sorry this keeps happening. DM your case number so we can escalate internally.,,2748.0
2147,cust_MockBrandA_1161,True,2019-07-13 12:00:00,"MockBrandA charged me twice for the same order #79349, need this fixed.",2148.0,
1789,@MockBrandASupport,False,2019-08-10 12:30:00,We're sorry about that. Please DM us your order number and the last 4 digits of the card used so we can investigate the duplicate charge.,,1788.0
2014,@MockBrandASupport,False,2019-02-26 12:30:00,So sorry for the wait. Please DM your order number and we'll escalate the refund to our billing team right away.,,2013.0
841,@MockBrandASupport,False,2019-05-15 12:30:00,So sorry for the wait. Please DM your order number and we'll escalate the refund to our billing team right away.,,840.0
1113,@MockBrandASupport,False,2019-08-10 12:30:00,So sorry for the wait. Please DM your order number and we'll escalate the refund to our billing team right away.,,1112.0
3253,@MockBrandBCare,False,2019-09-19 12:30:00,Sorry for the delay - DM your order number so we can chase this with our logistics partner.,,3252.0
2614,cust_MockBrandB_69,True,2019-02-21 12:00:00,"Still waiting on my MockBrandB order #87526, it's been 12 days.",2615.0,
1558,@MockBrandASupport,False,2019-07-24 12:30:00,We're really sorry to hear that. Please DM your case/order number so a senior agent can personally follow up.,,1557.0
2520,@MockBrandBCare,False,2019-09-14 12:30:00,Apologies for the surprise renewal. DM your order ID and we'll process a refund review.,,2519.0
1575,cust_MockBrandA_851,True,2019-03-27 12:00:00,"Cancel button is disabled in my account settings, please assist.",1576.0,
616,cust_MockBrandA_337,True,2019-04-22 12:00:00,"Cannot apply discount codes at checkout on the MockBrandA app, getting an error.",617.0,
1813,cust_MockBrandA_977,True,2019-05-11 12:00:00,"Waiting on hold for 2 hours for order #76115, absolutely unacceptable support.",1814.0,
1820,cust_MockBrandA_981,True,2019-08-19 12:00:00,"Can't log in to check on my order #69210, app just spins forever.",1821.0,
1674,@MockBrandASupport,False,2019-06-27 12:30:00,Apologies for the delay! Please DM your order number and zip code so we can trace the package with the carrier.,,1673.0
336,@MockBrandASupport,False,2019-03-15 12:30:00,So sorry for the wait. Please DM your order number and we'll escalate the refund to our billing team right away.,,335.0
412,@MockBrandASupport,False,2019-04-20 12:30:00,We're really sorry to hear that. Please DM your case/order number so a senior agent can personally follow up.,,411.0
3036,@MockBrandBCare,False,2019-07-26 12:30:00,We're aware of an iOS 17 issue - please try reinstalling the latest build. DM your device model if it persists.,,3035.0
3160,@MockBrandBCare,False,2019-05-22 12:30:00,Yes! You can export data from Settings > Data > Export CSV.,,3159.0
2885,cust_MockBrandB_216,True,2019-04-21 12:00:00,"Third time contacting MockBrandB about the same bug, no fix yet.",2886.0,
1584,@MockBrandASupport,False,2019-07-21 12:30:00,Sorry for the trouble! Please try resetting your password from a private/incognito window - if it still fails DM us your registered email so we can look into your account.,,1583.0
2785,@MockBrandBCare,False,2019-06-25 12:30:00,We're aware of an iOS 17 issue - please try reinstalling the latest build. DM your device model if it persists.,,2784.0
3264,@MockBrandBCare,False,2019-05-14 12:30:00,Yes! You can export data from Settings > Data > Export CSV.,,3263.0
1783,@MockBrandASupport,False,2019-03-27 12:30:00,We're really sorry to hear that. Please DM your case/order number so a senior agent can personally follow up.,,1782.0
1264,cust_MockBrandA_683,True,2019-08-19 12:00:00,"Your product arrived broken for order #92441, cancel my recurring contract immediately.",1265.0,
979,@MockBrandASupport,False,2019-05-21 12:30:00,We're sorry about that. Please DM us your order number and the last 4 digits of the card used so we can investigate the duplicate charge.,,978.0
13,cust_MockBrandA_6,True,2019-05-24 12:00:00,"MockBrandA charged me twice for the same order #40512, need this fixed.",14.0,
440,cust_MockBrandA_242,True,2019-01-24 12:00:00,My MockBrandA order #14138 says delivered but I never received it.,441.0,
1145,cust_MockBrandA_621,True,2019-03-15 12:00:00,Why was I billed $18.99 when my plan is supposed to be $7.99?,1146.0,
2623,cust_MockBrandB_74,True,2019-05-28 12:00:00,"MockBrandB keeps logging me out every few minutes, super annoying.",2624.0,
2706,cust_MockBrandB_119,True,2019-08-15 12:00:00,"Still waiting on my MockBrandB order #22414, it's been 12 days.",2707.0,
679,@MockBrandASupport,False,2019-05-26 12:30:00,"Thanks for flagging this - please try updating to the latest app version, and DM us your device model if the crash continues.",,678.0
2497,cust_MockBrandB_4,True,2019-05-10 12:00:00,"Still waiting on my MockBrandB order #28258, it's been 12 days.",2498.0,
1883,@MockBrandASupport,False,2019-08-16 12:30:00,Sorry for the trouble! Please try resetting your password from a private/incognito window - if it still fails DM us your registered email so we can look into your account.,,1882.0
992,cust_MockBrandA_541,True,2019-08-25 12:00:00,Please cancel my order #53283 immediately before it ships out.,993.0,
906,cust_MockBrandA_496,True,2019-02-21 12:00:00,"Waiting on hold for 2 hours for order #81105, absolutely unacceptable support.",907.0,
2957,cust_MockBrandB_254,True,2019-03-24 12:00:00,"MockBrandB auto-renewed my subscription without any warning email, want a refund.",2958.0,
1009,@MockBrandASupport,False,2019-02-23 12:30:00,We're sorry about that. Please DM us your order number and the last 4 digits of the card used so we can investigate the duplicate charge.,,1008.0
392,cust_MockBrandA_215,True,2019-09-17 12:00:00,"Requested a refund on order #93584 a week ago, still nothing.",393.0,
511,cust_MockBrandA_279,True,2019-06-23 12:00:00,"If MockBrandA does not resolve this unauthorized charge of $58.99, I will pursue legal action with my lawyer.",512.0,
2952,cust_MockBrandB_251,True,2019-03-16 12:00:00,"Still waiting on my MockBrandB order #85609, it's been 12 days.",2953.0,
1105,@MockBrandASupport,False,2019-03-22 12:30:00,"Thanks for flagging this - please try updating to the latest app version, and DM us your device model if the crash continues.",,1104.0
2516,@MockBrandBCare,False,2019-03-10 12:30:00,Yes! You can export data from Settings > Data > Export CSV.,,2515.0
2340,cust_MockBrandA_1270,True,2019-03-26 12:00:00,"Requested a refund on order #67331 a week ago, still nothing.",2341.0,
374,@MockBrandASupport,False,2019-03-27 12:30:00,We're sorry about that. Please DM us your order number and the last 4 digits of the card used so we can investigate the duplicate charge.,,373.0
657,@MockBrandASupport,False,2019-02-28 12:30:00,You can cancel anytime from Account > Subscription > Cancel. DM us if you don't see that option and we'll help directly.,,656.0
72,@MockBrandASupport,False,2019-05-16 12:30:00,We're sorry about that. Please DM us your order number and the last 4 digits of the card used so we can investigate the duplicate charge.,,71.0
2746,cust_MockBrandB_140,True,2019-08-12 12:00:00,"Still waiting on my MockBrandB order #71112, it's been 12 days.",2747.0,
2219,cust_MockBrandA_1200,True,2019-02-27 12:00:00,MockBrandA billed my credit card after I switched payment methods.,2220.0,
833,@MockBrandASupport,False,2019-01-10 12:30:00,"Thanks for flagging this - please try updating to the latest app version, and DM us your device model if the crash continues.",,832.0
1570,@MockBrandASupport,False,2019-09-25 12:30:00,"Thanks for flagging this - please try updating to the latest app version, and DM us your device model if the crash continues.",,1569.0
704,cust_MockBrandA_385,True,2019-04-12 12:00:00,The MockBrandA app crashes every time I open the payments tab.,705.0,
901,cust_MockBrandA_493,True,2019-07-20 12:00:00,Search bar on MockBrandA website is broken and returns 0 results for everything.,902.0,
1298,@MockBrandASupport,False,2019-09-20 12:30:00,You can cancel anytime from Account > Subscription > Cancel. DM us if you don't see that option and we'll help directly.,,1297.0
2393,cust_MockBrandA_1298,True,2019-01-14 12:00:00,Why was I billed $38.99 when my plan is supposed to be $8.99?,2394.0,
2268,cust_MockBrandA_1228,True,2019-04-27 12:00:00,Need a full refund for order #88264 because the item sent was completely wrong.,2269.0,
95,cust_MockBrandA_52,True,2019-07-20 12:00:00,Saw an unexpected extra fee of $74.99 on my latest MockBrandA invoice.,96.0,
622,@MockBrandASupport,False,2019-05-27 12:30:00,So sorry for the wait. Please DM your order number and we'll escalate the refund to our billing team right away.,,621.0
969,cust_MockBrandA_528,True,2019-02-18 12:00:00,"Can't log in to check on my order #24264, app just spins forever.",970.0,
1449,cust_MockBrandA_783,True,2019-09-11 12:00:00,Please cancel my order #15796 immediately before it ships out.,1450.0,
3000,@MockBrandBCare,False,2019-08-27 12:30:00,"Sorry about that! Please clear your app cache and reinstall - if the issue continues, DM your account email.",,2999.0
1093,@MockBrandASupport,False,2019-06-20 12:30:00,We're really sorry to hear that. Please DM your case/order number so a senior agent can personally follow up.,,1092.0
2338,cust_MockBrandA_1269,True,2019-07-15 12:00:00,"Your product arrived broken for order #66243, cancel my recurring contract immediately.",2339.0,
3005,cust_MockBrandB_281,True,2019-02-26 12:00:00,"Still waiting on my MockBrandB order #69318, it's been 12 days.",3006.0,
2533,cust_MockBrandB_25,True,2019-08-14 12:00:00,"MockBrandB keeps logging me out every few minutes, super annoying.",2534.0,
903,@MockBrandASupport,False,2019-09-20 12:30:00,You can cancel anytime from Account > Subscription > Cancel. DM us if you don't see that option and we'll help directly.,,902.0
945,cust_MockBrandA_516,True,2019-02-27 12:00:00,Want to cancel my auto-renew membership with MockBrandA.,946.0,
986,cust_MockBrandA_538,True,2019-07-21 12:00:00,"Package from MockBrandA has been 'in transit' for 9 days, tracking not updating.",987.0,
1761,@MockBrandASupport,False,2019-08-16 12:30:00,"Thanks for flagging this - please try updating to the latest app version, and DM us your device model if the crash continues.",,1760.0
1165,cust_MockBrandA_632,True,2019-05-10 12:00:00,"Someone hacked into my MockBrandA account and changed my password, please help me lock it down!",1166.0,
1136,@MockBrandASupport,False,2019-09-21 12:30:00,We're really sorry to hear that. Please DM your case/order number so a senior agent can personally follow up.,,1135.0
2558,cust_MockBrandB_39,True,2019-01-18 12:00:00,Does MockBrandB support exporting my data to CSV?,2559.0,
1383,@MockBrandASupport,False,2019-06-18 12:30:00,We're really sorry to hear that. Please DM your case/order number so a senior agent can personally follow up.,,1382.0
457,cust_MockBrandA_251,True,2019-08-13 12:00:00,Why was I billed $52.99 when my plan is supposed to be $50.99?,458.0,
41,@MockBrandASupport,False,2019-09-17 12:30:00,You can cancel anytime from Account > Subscription > Cancel. DM us if you don't see that option and we'll help directly.,,40.0
2862,cust_MockBrandB_203,True,2019-07-11 12:00:00,MockBrandB app won't load past the splash screen on iOS 17.,2863.0,
2321,cust_MockBrandA_1260,True,2019-03-24 12:00:00,Want to cancel my auto-renew membership with MockBrandA.,2322.0,
2777,@MockBrandBCare,False,2019-03-16 12:30:00,Sorry for the delay - DM your order number so we can chase this with our logistics partner.,,2776.0
840,cust_MockBrandA_460,True,2019-02-22 12:00:00,"Support promised my refund for #55134 in 3 days, it has been two weeks now.",841.0,
3295,cust_MockBrandB_440,True,2019-01-16 12:00:00,"MockBrandB keeps logging me out every few minutes, super annoying.",3296.0,
393,@MockBrandASupport,False,2019-04-14 12:30:00,So sorry for the wait. Please DM your order number and we'll escalate the refund to our billing team right away.,,392.0
2800,cust_MockBrandB_169,True,2019-07-27 12:00:00,Does MockBrandB support exporting my data to CSV?,2801.0,
1100,cust_MockBrandA_598,True,2019-09-14 12:00:00,MockBrandA billed my credit card after I switched payment methods.,1101.0,
3174,@MockBrandBCare,False,2019-07-11 12:30:00,We're aware of an iOS 17 issue - please try reinstalling the latest build. DM your device model if it persists.,,3173.0
3116,cust_MockBrandB_342,True,2019-07-19 12:00:00,"Still waiting on my MockBrandB order #83564, it's been 12 days.",3117.0,
441,@MockBrandASupport,False,2019-03-23 12:30:00,Apologies for the delay! Please DM your order number and zip code so we can trace the package with the carrier.,,440.0
2775,@MockBrandBCare,False,2019-01-12 12:30:00,Yes! You can export data from Settings > Data > Export CSV.,,2774.0
288,cust_MockBrandA_158,True,2019-06-19 12:00:00,Please cancel my order #69460 immediately before it ships out.,289.0,
169,cust_MockBrandA_92,True,2019-02-16 12:00:00,Courier delivered my package for order #84531 to the wrong street address.,170.0,
224,@MockBrandASupport,False,2019-04-22 12:30:00,We're really sorry to hear that. Please DM your case/order number so a senior agent can personally follow up.,,223.0
2714,cust_MockBrandB_123,True,2019-05-25 12:00:00,Does MockBrandB support exporting my data to CSV?,2715.0,
504,cust_MockBrandA_275,True,2019-09-16 12:00:00,MockBrandA login button spins endlessly and never loads my profile.,505.0,
742,cust_MockBrandA_405,True,2019-02-21 12:00:00,MockBrandA billed my credit card after I switched payment methods.,743.0,
573,cust_MockBrandA_314,True,2019-07-20 12:00:00,"I can't log into my MockBrandA account, it keeps saying invalid password even after reset.",574.0,
490,cust_MockBrandA_268,True,2019-06-12 12:00:00,"Fourth time reporting this bug where order #19572 keeps failing, fix your platform!",491.0,
2735,@MockBrandBCare,False,2019-01-14 12:30:00,We're aware of an iOS 17 issue - please try reinstalling the latest build. DM your device model if it persists.,,2734.0
1585,cust_MockBrandA_856,True,2019-04-17 12:00:00,"Cannot apply discount codes at checkout on the MockBrandA app, getting an error.",1586.0,
1791,@MockBrandASupport,False,2019-05-28 12:30:00,We're sorry about that. Please DM us your order number and the last 4 digits of the card used so we can investigate the duplicate charge.,,1790.0
3272,@MockBrandBCare,False,2019-01-23 12:30:00,We're sorry this keeps happening. DM your case number so we can escalate internally.,,3271.0
443,@MockBrandASupport,False,2019-09-16 12:30:00,So sorry for the wait. Please DM your order number and we'll escalate the refund to our billing team right away.,,442.0
2439,@MockBrandASupport,False,2019-09-18 12:30:00,We're sorry about that. Please DM us your order number and the last 4 digits of the card used so we can investigate the duplicate charge.,,2438.0
3225,@MockBrandBCare,False,2019-04-15 12:30:00,Apologies for the surprise renewal. DM your order ID and we'll process a refund review.,,3224.0
2573,@MockBrandBCare,False,2019-08-10 12:30:00,"Sorry about that! Please clear your app cache and reinstall - if the issue continues, DM your account email.",,2572.0
1752,cust_MockBrandA_945,True,2019-09-23 12:00:00,Your iOS app freezes completely on the home screen after latest update.,1753.0,
209,@MockBrandASupport,False,2019-03-23 12:30:00,"Thanks for flagging this - please try updating to the latest app version, and DM us your device model if the crash continues.",,208.0
1089,@MockBrandASupport,False,2019-02-13 12:30:00,Sorry for the trouble! Please try resetting your password from a private/incognito window - if it still fails DM us your registered email so we can look into your account.,,1088.0
2954,cust_MockBrandB_252,True,2019-09-21 12:00:00,Does MockBrandB support exporting my data to CSV?,2955.0,
1723,@MockBrandASupport,False,2019-09-19 12:30:00,"Thanks for flagging this - please try updating to the latest app version, and DM us your device model if the crash continues.",,1722.0
2325,cust_MockBrandA_1262,True,2019-02-10 12:00:00,"I noticed fraudulent unauthorized charges from MockBrandA on my card, my account was compromised!",2326.0,
2094,@MockBrandASupport,False,2019-01-12 12:30:00,We're sorry about that. Please DM us your order number and the last 4 digits of the card used so we can investigate the duplicate charge.,,2093.0
1135,cust_MockBrandA_616,True,2019-08-16 12:00:00,I have been transferred between 4 different agents and none of you are resolving my case.,1136.0,
2939,cust_MockBrandB_244,True,2019-01-26 12:00:00,MockBrandB app won't load past the splash screen on iOS 17.,2940.0,
2976,@MockBrandBCare,False,2019-04-19 12:30:00,We're sorry this keeps happening. DM your case number so we can escalate internally.,,2975.0
3009,cust_MockBrandB_283,True,2019-06-27 12:00:00,Does MockBrandB support exporting my data to CSV?,3010.0,
2028,cust_MockBrandA_1098,True,2019-04-25 12:00:00,"Tracking says delivery attempted for order #18423, but I was home all day.",2029.0,
2684,@MockBrandBCare,False,2019-02-13 12:30:00,Apologies for the surprise renewal. DM your order ID and we'll process a refund review.,,2683.0
774,@MockBrandASupport,False,2019-04-18 12:30:00,"Thanks for flagging this - please try updating to the latest app version, and DM us your device model if the crash continues.",,773.0
273,@MockBrandASupport,False,2019-06-18 12:30:00,You can cancel anytime from Account > Subscription > Cancel. DM us if you don't see that option and we'll help directly.,,272.0
14,@MockBrandASupport,False,2019-06-15 12:30:00,We're sorry about that. Please DM us your order number and the last 4 digits of the card used so we can investigate the duplicate charge.,,13.0
2774,cust_MockBrandB_155,True,2019-03-14 12:00:00,Does MockBrandB support exporting my data to CSV?,2775.0,
2256,cust_MockBrandA_1221,True,2019-03-11 12:00:00,"If MockBrandA does not resolve this unauthorized charge of $46.99, I will pursue legal action with my lawyer.",2257.0,
1543,cust_MockBrandA_834,True,2019-03-26 12:00:00,MockBrandA billed my credit card after I switched payment methods.,1544.0,
510,cust_MockBrandA_278,True,2019-08-11 12:00:00,"Can I get a refund for MockBrandA order #92050, item arrived damaged.",511.0,
1035,cust_MockBrandA_564,True,2019-09-28 12:00:00,Why does the MockBrandA app keep logging me out every 5 minutes?,1036.0,
3089,@MockBrandBCare,False,2019-07-23 12:30:00,We're sorry this keeps happening. DM your case number so we can escalate internally.,,3088.0
2483,cust_MockBrandA_1347,True,2019-08-10 12:00:00,Why was I billed $36.99 when my plan is supposed to be $11.99?,2484.0,
3130,cust_MockBrandB_350,True,2019-05-23 12:00:00,MockBrandB app won't load past the splash screen on iOS 17.,3131.0,
600,cust_MockBrandA_329,True,2019-07-22 12:00:00,How do I cancel my MockBrandA subscription? Can't find the option anywhere.,601.0,
2770,@MockBrandBCare,False,2019-06-25 12:30:00,Yes! You can export data from Settings > Data > Export CSV.,,2769.0
2202,@MockBrandASupport,False,2019-06-21 12:30:00,Apologies for the delay! Please DM your order number and zip code so we can trace the package with the carrier.,,2201.0
1881,@MockBrandASupport,False,2019-01-21 12:30:00,We're really sorry to hear that. Please DM your case/order number so a senior agent can personally follow up.,,1880.0
2328,@MockBrandASupport,False,2019-01-19 12:30:00,We're really sorry to hear that. Please DM your case/order number so a senior agent can personally follow up.,,2327.0
1109,@MockBrandASupport,False,2019-05-13 12:30:00,We're sorry about that. Please DM us your order number and the last 4 digits of the card used so we can investigate the duplicate charge.,,1108.0
1984,@MockBrandASupport,False,2019-06-11 12:30:00,So sorry for the wait. Please DM your order number and we'll escalate the refund to our billing team right away.,,1983.0
1605,cust_MockBrandA_866,True,2019-07-28 12:00:00,"Tracking says delivery attempted for order #93614, but I was home all day.",1606.0,
1007,cust_MockBrandA_549,True,2019-07-21 12:00:00,"I can't log into my MockBrandA account, it keeps saying invalid password even after reset.",1008.0,
3055,@MockBrandBCare,False,2019-03-20 12:30:00,We're sorry this keeps happening. DM your case number so we can escalate internally.,,3054.0
2036,cust_MockBrandA_1102,True,2019-07-14 12:00:00,Why was I billed $68.99 when my plan is supposed to be $49.99?,2037.0,
2653,cust_MockBrandB_91,True,2019-08-23 12:00:00,"Still waiting on my MockBrandB order #62178, it's been 12 days.",2654.0,
750,cust_MockBrandA_409,True,2019-02-25 12:00:00,"Someone hacked into my MockBrandA account and changed my password, please help me lock it down!",751.0,
3007,cust_MockBrandB_282,True,2019-04-21 12:00:00,"MockBrandB auto-renewed my subscription without any warning email, want a refund.",3008.0,
2836,@MockBrandBCare,False,2019-04-22 12:30:00,Yes! You can export data from Settings > Data > Export CSV.,,2835.0
3204,@MockBrandBCare,False,2019-03-10 12:30:00,"Sorry about that! Please clear your app cache and reinstall - if the issue continues, DM your account email.",,3203.0
843,@MockBrandASupport,False,2019-06-23 12:30:00,Sorry for the trouble! Please try resetting your password from a private/incognito window - if it still fails DM us your registered email so we can look into your account.,,842.0
3126,cust_MockBrandB_348,True,2019-01-17 12:00:00,MockBrandB app won't load past the splash screen on iOS 17.,3127.0,
2616,@MockBrandBCare,False,2019-03-28 12:30:00,We're aware of an iOS 17 issue - please try reinstalling the latest build. DM your device model if it persists.,,2615.0
1194,cust_MockBrandA_647,True,2019-01-20 12:00:00,Didn't receive the 2FA SMS verification code to log into my MockBrandA account.,1195.0,
481,@MockBrandASupport,False,2019-02-26 12:30:00,"Thanks for flagging this - please try updating to the latest app version, and DM us your device model if the crash continues.",,480.0
711,cust_MockBrandA_389,True,2019-09-11 12:00:00,"MockBrandA charged me twice for the same order #42534, need this fixed.",712.0,
2131,cust_MockBrandA_1153,True,2019-08-25 12:00:00,"I can't log into my MockBrandA account, it keeps saying invalid password even after reset.",2132.0,
2383,@MockBrandASupport,False,2019-02-24 12:30:00,So sorry for the wait. Please DM your order number and we'll escalate the refund to our billing team right away.,,2382.0
1896,@MockBrandASupport,False,2019-02-15 12:30:00,We're sorry about that. Please DM us your order number and the last 4 digits of the card used so we can investigate the duplicate charge.,,1895.0
838,cust_MockBrandA_459,True,2019-09-16 12:00:00,"Returned my package 10 days ago for order #58903, when will my refund be credited?",839.0,
1316,@MockBrandASupport,False,2019-02-20 12:30:00,Apologies for the delay! Please DM your order number and zip code so we can trace the package with the carrier.,,1315.0
2265,@MockBrandASupport,False,2019-02-12 12:30:00,So sorry for the wait. Please DM your order number and we'll escalate the refund to our billing team right away.,,2264.0
2224,@MockBrandASupport,False,2019-01-13 12:30:00,Apologies for the delay! Please DM your order number and zip code so we can trace the package with the carrier.,,2223.0
1481,cust_MockBrandA_801,True,2019-03-21 12:00:00,"Worst customer service experience ever from MockBrandA, rude agents and no resolution.",1482.0,
779,cust_MockBrandA_425,True,2019-02-22 12:00:00,"Your product arrived broken for order #40886, cancel my recurring contract immediately.",780.0,
1209,@MockBrandASupport,False,2019-04-26 12:30:00,So sorry for the wait. Please DM your order number and we'll escalate the refund to our billing team right away.,,1208.0
2930,@MockBrandBCare,False,2019-03-28 12:30:00,"Sorry about that! Please clear your app cache and reinstall - if the issue continues, DM your account email.",,2929.0
2512,@MockBrandBCare,False,2019-09-16 12:30:00,Apologies for the surprise renewal. DM your order ID and we'll process a refund review.,,2511.0
3096,@MockBrandBCare,False,2019-09-10 12:30:00,"Sorry about that! Please clear your app cache and reinstall - if the issue continues, DM your account email.",,3095.0
2700,@MockBrandBCare,False,2019-04-21 12:30:00,Yes! You can export data from Settings > Data > Export CSV.,,2699.0
1737,@MockBrandASupport,False,2019-03-15 12:30:00,Apologies for the delay! Please DM your order number and zip code so we can trace the package with the carrier.,,1736.0
2449,@MockBrandASupport,False,2019-09-20 12:30:00,You can cancel anytime from Account > Subscription > Cancel. DM us if you don't see that option and we'll help directly.,,2448.0
1081,cust_MockBrandA_588,True,2019-02-15 12:00:00,"I demand to speak to a real human supervisor right now, your automated bots are useless!",1082.0,
1141,cust_MockBrandA_619,True,2019-04-20 12:00:00,"Can I get a refund for MockBrandA order #12453, item arrived damaged.",1142.0,
1686,@MockBrandASupport,False,2019-07-12 12:30:00,Sorry for the trouble! Please try resetting your password from a private/incognito window - if it still fails DM us your registered email so we can look into your account.,,1685.0
2121,cust_MockBrandA_1148,True,2019-09-14 12:00:00,"Fourth time reporting this bug where order #26721 keeps failing, fix your platform!",2122.0,
1373,@MockBrandASupport,False,2019-09-20 12:30:00,We're sorry about that. Please DM us your order number and the last 4 digits of the card used so we can investigate the duplicate charge.,,1372.0
786,cust_MockBrandA_430,True,2019-02-23 12:00:00,"Extremely disappointed with MockBrandA support response time, this is the 3rd time I've written in.",787.0,
1255,@MockBrandASupport,False,2019-06-11 12:30:00,Apologies for the delay! Please DM your order number and zip code so we can trace the package with the carrier.,,1254.0
1428,@MockBrandASupport,False,2019-04-18 12:30:00,We're sorry about that. Please DM us your order number and the last 4 digits of the card used so we can investigate the duplicate charge.,,1427.0
784,cust_MockBrandA_429,True,2019-07-27 12:00:00,Why does the MockBrandA app keep logging me out every 5 minutes?,785.0,
2823,cust_MockBrandB_183,True,2019-06-13 12:00:00,"Still waiting on my MockBrandB order #45003, it's been 12 days.",2824.0,
981,@MockBrandASupport,False,2019-08-11 12:30:00,So sorry for the wait. Please DM your order number and we'll escalate the refund to our billing team right away.,,980.0
1328,@MockBrandASupport,False,2019-07-28 12:30:00,So sorry for the wait. Please DM your order number and we'll escalate the refund to our billing team right away.,,1327.0
1283,cust_MockBrandA_693,True,2019-09-15 12:00:00,"Locked out of my MockBrandA account for 2 days now, no reset email arriving.",1284.0,
934,@MockBrandASupport,False,2019-01-26 12:30:00,"Thanks for flagging this - please try updating to the latest app version, and DM us your device model if the crash continues.",,933.0
2104,@MockBrandASupport,False,2019-05-22 12:30:00,"Thanks for flagging this - please try updating to the latest app version, and DM us your device model if the crash continues.",,2103.0
2435,@MockBrandASupport,False,2019-08-17 12:30:00,So sorry for the wait. Please DM your order number and we'll escalate the refund to our billing team right away.,,2434.0
1184,cust_MockBrandA_642,True,2019-08-27 12:00:00,"Waiting on hold for 2 hours for order #66949, absolutely unacceptable support.",1185.0,
1112,cust_MockBrandA_604,True,2019-05-18 12:00:00,"Order #12900 never arrived and support keeps closing my ticket without a refund, 3rd time asking.",1113.0,
1099,@MockBrandASupport,False,2019-07-18 12:30:00,"Thanks for flagging this - please try updating to the latest app version, and DM us your device model if the crash continues.",,1098.0
2577,@MockBrandBCare,False,2019-05-18 12:30:00,Yes! You can export data from Settings > Data > Export CSV.,,2576.0
1031,cust_MockBrandA_562,True,2019-01-21 12:00:00,"Support promised my refund for #90634 in 3 days, it has been two weeks now.",1032.0,
258,cust_MockBrandA_142,True,2019-01-14 12:00:00,"Order #42853 never arrived and support keeps closing my ticket without a refund, 3rd time asking.",259.0,
2587,@MockBrandBCare,False,2019-06-21 12:30:00,Yes! You can export data from Settings > Data > Export CSV.,,2586.0
2525,cust_MockBrandB_20,True,2019-06-12 12:00:00,"MockBrandB auto-renewed my subscription without any warning email, want a refund.",2526.0,
2118,cust_MockBrandA_1146,True,2019-03-20 12:00:00,"Tracking says delivery attempted for order #89621, but I was home all day.",2119.0,
2183,@MockBrandASupport,False,2019-04-16 12:30:00,"Thanks for flagging this - please try updating to the latest app version, and DM us your device model if the crash continues.",,2182.0
1403,@MockBrandASupport,False,2019-09-19 12:30:00,We're sorry about that. Please DM us your order number and the last 4 digits of the card used so we can investigate the duplicate charge.,,1402.0
2006,cust_MockBrandA_1085,True,2019-02-23 12:00:00,Your iOS app freezes completely on the home screen after latest update.,2007.0,
373,cust_MockBrandA_205,True,2019-02-23 12:00:00,"MockBrandA charged me for a renewal after I already cancelled, and now the app won't even load.",374.0,
1381,@MockBrandASupport,False,2019-05-19 12:30:00,Sorry for the trouble! Please try resetting your password from a private/incognito window - if it still fails DM us your registered email so we can look into your account.,,1380.0
3004,cust_MockBrandB_280,True,2019-05-14 12:00:00,"MockBrandB keeps logging me out every few minutes, super annoying.",3005.0,
563,cust_MockBrandA_309,True,2019-01-12 12:00:00,"Can't log in to check on my order #77166, app just spins forever.",564.0,
2352,cust_MockBrandA_1276,True,2019-07-13 12:00:00,Why does the MockBrandA app keep logging me out every 5 minutes?,2353.0,
2708,cust_MockBrandB_120,True,2019-05-19 12:00:00,"Still waiting on my MockBrandB order #92420, it's been 12 days.",2709.0,
2455,@MockBrandASupport,False,2019-02-11 12:30:00,Apologies for the delay! Please DM your order number and zip code so we can trace the package with the carrier.,,2454.0
2928,cust_MockBrandB_238,True,2019-06-24 12:00:00,"Third time contacting MockBrandB about the same bug, no fix yet.",2929.0,
2295,cust_MockBrandA_1244,True,2019-08-24 12:00:00,Search bar on MockBrandA website is broken and returns 0 results for everything.,2296.0,
2415,@MockBrandASupport,False,2019-05-13 12:30:00,We're really sorry to hear that. Please DM your case/order number so a senior agent can personally follow up.,,2414.0
1582,@MockBrandASupport,False,2019-01-28 12:30:00,We're really sorry to hear that. Please DM your case/order number so a senior agent can personally follow up.,,1581.0
1998,cust_MockBrandA_1081,True,2019-01-22 12:00:00,"I noticed fraudulent unauthorized charges from MockBrandA on my card, my account was compromised!",1999.0,
2095,cust_MockBrandA_1134,True,2019-09-15 12:00:00,Saw an unexpected extra fee of $48.99 on my latest MockBrandA invoice.,2096.0,
1925,@MockBrandASupport,False,2019-03-14 12:30:00,So sorry for the wait. Please DM your order number and we'll escalate the refund to our billing team right away.,,1924.0
1263,@MockBrandASupport,False,2019-01-13 12:30:00,Apologies for the delay! Please DM your order number and zip code so we can trace the package with the carrier.,,1262.0
1340,@MockBrandASupport,False,2019-03-25 12:30:00,We're sorry about that. Please DM us your order number and the last 4 digits of the card used so we can investigate the duplicate charge.,,1339.0
2480,@MockBrandASupport,False,2019-01-25 12:30:00,"Thanks for flagging this - please try updating to the latest app version, and DM us your device model if the crash continues.",,2479.0
2193,@MockBrandASupport,False,2019-09-22 12:30:00,You can cancel anytime from Account > Subscription > Cancel. DM us if you don't see that option and we'll help directly.,,2192.0
1244,@MockBrandASupport,False,2019-07-26 12:30:00,We're sorry about that. Please DM us your order number and the last 4 digits of the card used so we can investigate the duplicate charge.,,1243.0
1399,cust_MockBrandA_755,True,2019-09-11 12:00:00,"Extremely disappointed with MockBrandA support response time, this is the 3rd time I've written in.",1400.0,
3218,cust_MockBrandB_401,True,2019-01-12 12:00:00,MockBrandB app won't load past the splash screen on iOS 17.,3219.0,
1903,cust_MockBrandA_1028,True,2019-02-14 12:00:00,"Requested a refund on order #59034 a week ago, still nothing.",1904.0,
3233,@MockBrandBCare,False,2019-06-24 12:30:00,We're sorry this keeps happening. DM your case number so we can escalate internally.,,3232.0
1611,cust_MockBrandA_869,True,2019-04-13 12:00:00,"Package from MockBrandA has been 'in transit' for 9 days, tracking not updating.",1612.0,
1137,cust_MockBrandA_617,True,2019-09-15 12:00:00,The MockBrandA app crashes every time I open the payments tab.,1138.0,
1514,cust_MockBrandA_819,True,2019-06-28 12:00:00,Saw an unexpected extra fee of $73.99 on my latest MockBrandA invoice.,1515.0,
2963,cust_MockBrandB_257,True,2019-06-20 12:00:00,"MockBrandB auto-renewed my subscription without any warning email, want a refund.",2964.0,
2628,cust_MockBrandB_77,True,2019-01-11 12:00:00,"MockBrandB auto-renewed my subscription without any warning email, want a refund.",2629.0,
3192,@MockBrandBCare,False,2019-06-24 12:30:00,We're aware of an iOS 17 issue - please try reinstalling the latest build. DM your device model if it persists.,,3191.0
348,@MockBrandASupport,False,2019-02-21 12:30:00,Sorry for the trouble! Please try resetting your password from a private/incognito window - if it still fails DM us your registered email so we can look into your account.,,347.0
2301,cust_MockBrandA_1247,True,2019-04-20 12:00:00,MockBrandA billed my credit card after I switched payment methods.,2302.0,
272,cust_MockBrandA_150,True,2019-07-13 12:00:00,Please cancel my order #54424 immediately before it ships out.,273.0,
1710,@MockBrandASupport,False,2019-01-22 12:30:00,So sorry for the wait. Please DM your order number and we'll escalate the refund to our billing team right away.,,1709.0
127,@MockBrandASupport,False,2019-03-24 12:30:00,So sorry for the wait. Please DM your order number and we'll escalate the refund to our billing team right away.,,126.0
2457,@MockBrandASupport,False,2019-03-21 12:30:00,We're really sorry to hear that. Please DM your case/order number so a senior agent can personally follow up.,,2456.0
1773,@MockBrandASupport,False,2019-04-13 12:30:00,"Thanks for flagging this - please try updating to the latest app version, and DM us your device model if the crash continues.",,1772.0
308,cust_MockBrandA_169,True,2019-03-17 12:00:00,"Returned my package 10 days ago for order #55793, when will my refund be credited?",309.0,
2037,@MockBrandASupport,False,2019-02-26 12:30:00,We're sorry about that. Please DM us your order number and the last 4 digits of the card used so we can investigate the duplicate charge.,,2036.0
1179,@MockBrandASupport,False,2019-07-24 12:30:00,So sorry for the wait. Please DM your order number and we'll escalate the refund to our billing team right away.,,1178.0
2136,@MockBrandASupport,False,2019-06-14 12:30:00,Sorry for the trouble! Please try resetting your password from a private/incognito window - if it still fails DM us your registered email so we can look into your account.,,2135.0
2454,cust_MockBrandA_1331,True,2019-08-11 12:00:00,Where is my order #18469? Estimated delivery date was 4 days ago.,2455.0,
3006,@MockBrandBCare,False,2019-09-16 12:30:00,Sorry for the delay - DM your order number so we can chase this with our logistics partner.,,3005.0
645,@MockBrandASupport,False,2019-05-17 12:30:00,We're sorry about that. Please DM us your order number and the last 4 digits of the card used so we can investigate the duplicate charge.,,644.0
2603,@MockBrandBCare,False,2019-04-28 12:30:00,Sorry for the delay - DM your order number so we can chase this with our logistics partner.,,2602.0
2647,cust_MockBrandB_88,True,2019-04-19 12:00:00,Does MockBrandB support exporting my data to CSV?,2648.0,
1666,@MockBrandASupport,False,2019-02-20 12:30:00,We're really sorry to hear that. Please DM your case/order number so a senior agent can personally follow up.,,1665.0
2088,@MockBrandASupport,False,2019-09-26 12:30:00,"Thanks for flagging this - please try updating to the latest app version, and DM us your device model if the crash continues.",,2087.0
3047,@MockBrandBCare,False,2019-05-15 12:30:00,Apologies for the surprise renewal. DM your order ID and we'll process a refund review.,,3046.0
1964,cust_MockBrandA_1062,True,2019-01-23 12:00:00,Your iOS app freezes completely on the home screen after latest update.,1965.0,
522,cust_MockBrandA_286,True,2019-08-27 12:00:00,"Can't log in to check on my order #52154, app just spins forever.",523.0,
921,cust_MockBrandA_504,True,2019-03-28 12:00:00,"Tracking says delivery attempted for order #82954, but I was home all day.",922.0,
2484,@MockBrandASupport,False,2019-08-22 12:30:00,We're sorry about that. Please DM us your order number and the last 4 digits of the card used so we can investigate the duplicate charge.,,2483.0
1843,@MockBrandASupport,False,2019-09-24 12:30:00,We're sorry about that. Please DM us your order number and the last 4 digits of the card used so we can investigate the duplicate charge.,,1842.0
2865,@MockBrandBCare,False,2019-02-15 12:30:00,We're aware of an iOS 17 issue - please try reinstalling the latest build. DM your device model if it persists.,,2864.0
1531,cust_MockBrandA_828,True,2019-05-21 12:00:00,I got charged a monthly renewal fee of $71.99 even though I paused my subscription.,1532.0,
2752,cust_MockBrandB_143,True,2019-06-23 12:00:00,"MockBrandB auto-renewed my subscription without any warning email, want a refund.",2753.0,
789,@MockBrandASupport,False,2019-08-28 12:30:00,You can cancel anytime from Account > Subscription > Cancel. DM us if you don't see that option and we'll help directly.,,788.0
114,@MockBrandASupport,False,2019-09-25 12:30:00,So sorry for the wait. Please DM your order number and we'll escalate the refund to our billing team right away.,,113.0
1617,cust_MockBrandA_872,True,2019-06-19 12:00:00,I have been transferred between 4 different agents and none of you are resolving my case.,1618.0,
1313,cust_MockBrandA_708,True,2019-08-13 12:00:00,"Extremely disappointed with MockBrandA support response time, this is the 3rd time I've written in.",1314.0,
3286,@MockBrandBCare,False,2019-09-23 12:30:00,"Sorry about that! Please clear your app cache and reinstall - if the issue continues, DM your account email.",,3285.0
3170,@MockBrandBCare,False,2019-04-28 12:30:00,We're sorry this keeps happening. DM your case number so we can escalate internally.,,3169.0
245,@MockBrandASupport,False,2019-09-14 12:30:00,Sorry for the trouble! Please try resetting your password from a private/incognito window - if it still fails DM us your registered email so we can look into your account.,,244.0
1665,cust_MockBrandA_899,True,2019-09-23 12:00:00,"Extremely disappointed with MockBrandA support response time, this is the 3rd time I've written in.",1666.0,
1076,@MockBrandASupport,False,2019-09-15 12:30:00,"Thanks for flagging this - please try updating to the latest app version, and DM us your device model if the crash continues.",,1075.0
924,@MockBrandASupport,False,2019-05-25 12:30:00,We're really sorry to hear that. Please DM your case/order number so a senior agent can personally follow up.,,923.0
1482,@MockBrandASupport,False,2019-03-15 12:30:00,We're really sorry to hear that. Please DM your case/order number so a senior agent can personally follow up.,,1481.0
2563,cust_MockBrandB_42,True,2019-04-10 12:00:00,Does MockBrandB support exporting my data to CSV?,2564.0,
1694,@MockBrandASupport,False,2019-06-15 12:30:00,"Thanks for flagging this - please try updating to the latest app version, and DM us your device model if the crash continues.",,1693.0
2568,cust_MockBrandB_45,True,2019-05-18 12:00:00,"Third time contacting MockBrandB about the same bug, no fix yet.",2569.0,
1012,cust_MockBrandA_552,True,2019-01-28 12:00:00,"Package from MockBrandA has been 'in transit' for 9 days, tracking not updating.",1013.0,
3127,@MockBrandBCare,False,2019-06-15 12:30:00,We're aware of an iOS 17 issue - please try reinstalling the latest build. DM your device model if it persists.,,3126.0
2319,cust_MockBrandA_1259,True,2019-08-23 12:00:00,"Waiting on hold for 2 hours for order #26350, absolutely unacceptable support.",2320.0,
298,cust_MockBrandA_163,True,2019-09-17 12:00:00,Want to cancel my auto-renew membership with MockBrandA.,299.0,
2103,cust_MockBrandA_1138,True,2019-07-12 12:00:00,"Cannot apply discount codes at checkout on the MockBrandA app, getting an error.",2104.0,
1957,@MockBrandASupport,False,2019-07-15 12:30:00,So sorry for the wait. Please DM your order number and we'll escalate the refund to our billing team right away.,,1956.0
279,@MockBrandASupport,False,2019-09-16 12:30:00,"Thanks for flagging this - please try updating to the latest app version, and DM us your device model if the crash continues.",,278.0
596,@MockBrandASupport,False,2019-05-11 12:30:00,We're really sorry to hear that. Please DM your case/order number so a senior agent can personally follow up.,,595.0
2089,cust_MockBrandA_1131,True,2019-09-13 12:00:00,I have been transferred between 4 different agents and none of you are resolving my case.,2090.0,
521,cust_MockBrandA_285,True,2019-04-22 12:00:00,Saw an unexpected extra fee of $41.99 on my latest MockBrandA invoice.,522.0,
2733,@MockBrandBCare,False,2019-08-24 12:30:00,"Sorry about that! Please clear your app cache and reinstall - if the issue continues, DM your account email.",,2732.0
599,@MockBrandASupport,False,2019-08-17 12:30:00,Apologies for the delay! Please DM your order number and zip code so we can trace the package with the carrier.,,598.0
291,@MockBrandASupport,False,2019-07-25 12:30:00,We're sorry about that. Please DM us your order number and the last 4 digits of the card used so we can investigate the duplicate charge.,,290.0
2218,@MockBrandASupport,False,2019-02-18 12:30:00,"Thanks for flagging this - please try updating to the latest app version, and DM us your device model if the crash continues.",,2217.0
2569,@MockBrandBCare,False,2019-04-27 12:30:00,We're sorry this keeps happening. DM your case number so we can escalate internally.,,2568.0
2595,@MockBrandBCare,False,2019-02-26 12:30:00,Apologies for the surprise renewal. DM your order ID and we'll process a refund review.,,2594.0
2266,cust_MockBrandA_1227,True,2019-04-19 12:00:00,Your iOS app freezes completely on the home screen after latest update.,2267.0,
3056,cust_MockBrandB_308,True,2019-05-26 12:00:00,"MockBrandB keeps logging me out every few minutes, super annoying.",3057.0,
707,cust_MockBrandA_387,True,2019-08-19 12:00:00,Saw an unexpected extra fee of $55.99 on my latest MockBrandA invoice.,708.0,
406,@MockBrandASupport,False,2019-06-28 12:30:00,We're sorry about that. Please DM us your order number and the last 4 digits of the card used so we can investigate the duplicate charge.,,405.0
878,cust_MockBrandA_481,True,2019-08-25 12:00:00,"I can't log into my MockBrandA account, it keeps saying invalid password even after reset.",879.0,
1961,@MockBrandASupport,False,2019-09-13 12:30:00,Sorry for the trouble! Please try resetting your password from a private/incognito window - if it still fails DM us your registered email so we can look into your account.,,1960.0
3276,@MockBrandBCare,False,2019-03-20 12:30:00,"Sorry about that! Please clear your app cache and reinstall - if the issue continues, DM your account email.",,3275.0
2898,@MockBrandBCare,False,2019-01-28 12:30:00,We're aware of an iOS 17 issue - please try reinstalling the latest build. DM your device model if it persists.,,2897.0
2720,@MockBrandBCare,False,2019-07-25 12:30:00,Sorry for the delay - DM your order number so we can chase this with our logistics partner.,,2719.0
773,cust_MockBrandA_422,True,2019-05-24 12:00:00,Your iOS app freezes completely on the home screen after latest update.,774.0,
875,@MockBrandASupport,False,2019-02-23 12:30:00,Sorry for the trouble! Please try resetting your password from a private/incognito window - if it still fails DM us your registered email so we can look into your account.,,874.0
1968,cust_MockBrandA_1064,True,2019-09-16 12:00:00,"Waiting on hold for 2 hours for order #24114, absolutely unacceptable support.",1969.0,
999,cust_MockBrandA_545,True,2019-03-28 12:00:00,"Requested a refund on order #38752 a week ago, still nothing.",1000.0,
1309,cust_MockBrandA_706,True,2019-08-13 12:00:00,"MockBrandA charged me twice for the same order #71039, need this fixed.",1310.0,
562,@MockBrandASupport,False,2019-08-27 12:30:00,You can cancel anytime from Account > Subscription > Cancel. DM us if you don't see that option and we'll help directly.,,561.0
3307,cust_MockBrandB_447,True,2019-05-10 12:00:00,"Still waiting on my MockBrandB order #38417, it's been 12 days.",3308.0,
37,cust_MockBrandA_19,True,2019-03-18 12:00:00,I got charged a monthly renewal fee of $70.99 even though I paused my subscription.,38.0,
2174,cust_MockBrandA_1176,True,2019-01-10 12:00:00,My MockBrandA order #51922 says delivered but I never received it.,2175.0,
2972,@MockBrandBCare,False,2019-04-19 12:30:00,Yes! You can export data from Settings > Data > Export CSV.,,2971.0
1090,cust_MockBrandA_593,True,2019-07-19 12:00:00,"Package from MockBrandA has been 'in transit' for 9 days, tracking not updating.",1091.0,
2728,cust_MockBrandB_131,True,2019-04-10 12:00:00,"MockBrandB auto-renewed my subscription without any warning email, want a refund.",2729.0,
2149,@MockBrandASupport,False,2019-06-23 12:30:00,Sorry for the trouble! Please try resetting your password from a private/incognito window - if it still fails DM us your registered email so we can look into your account.,,2148.0
3269,cust_MockBrandB_427,True,2019-09-19 12:00:00,"Still waiting on my MockBrandB order #17938, it's been 12 days.",3270.0,
50,cust_MockBrandA_26,True,2019-03-23 12:00:00,"Returned my package 10 days ago for order #34931, when will my refund be credited?",51.0,
2090,@MockBrandASupport,False,2019-04-13 12:30:00,We're really sorry to hear that. Please DM your case/order number so a senior agent can personally follow up.,,2089.0
246,cust_MockBrandA_136,True,2019-09-23 12:00:00,Search bar on MockBrandA website is broken and returns 0 results for everything.,247.0,
1524,@MockBrandASupport,False,2019-06-13 12:30:00,Sorry for the trouble! Please try resetting your password from a private/incognito window - if it still fails DM us your registered email so we can look into your account.,,1523.0
3310,@MockBrandBCare,False,2019-03-25 12:30:00,Apologies for the surprise renewal. DM your order ID and we'll process a refund review.,,3309.0
1601,cust_MockBrandA_864,True,2019-04-23 12:00:00,Courier delivered my package for order #66742 to the wrong street address.,1602.0,
546,@MockBrandASupport,False,2019-07-20 12:30:00,"Thanks for flagging this - please try updating to the latest app version, and DM us your device model if the crash continues.",,545.0
1231,cust_MockBrandA_666,True,2019-01-26 12:00:00,How do I cancel my MockBrandA subscription? Can't find the option anywhere.,1232.0,
604,cust_MockBrandA_331,True,2019-06-16 12:00:00,Why was I billed $33.99 when my plan is supposed to be $28.99?,605.0,
830,cust_MockBrandA_455,True,2019-03-16 12:00:00,Courier delivered my package for order #64146 to the wrong street address.,831.0,
952,@MockBrandASupport,False,2019-06-10 12:30:00,You can cancel anytime from Account > Subscription > Cancel. DM us if you don't see that option and we'll help directly.,,951.0
163,@MockBrandASupport,False,2019-01-18 12:30:00,We're sorry about that. Please DM us your order number and the last 4 digits of the card used so we can investigate the duplicate charge.,,162.0
2293,cust_MockBrandA_1243,True,2019-03-28 12:00:00,MockBrandA billed my credit card after I switched payment methods.,2294.0,
475,@MockBrandASupport,False,2019-02-24 12:30:00,"Thanks for flagging this - please try updating to the latest app version, and DM us your device model if the crash continues.",,474.0
1693,cust_MockBrandA_914,True,2019-07-12 12:00:00,Search bar on MockBrandA website is broken and returns 0 results for everything.,1694.0,
2385,@MockBrandASupport,False,2019-05-10 12:30:00,So sorry for the wait. Please DM your order number and we'll escalate the refund to our billing team right away.,,2384.0
760,cust_MockBrandA_414,True,2019-07-15 12:00:00,Why was I billed $53.99 when my plan is supposed to be $15.99?,761.0,
2689,cust_MockBrandB_110,True,2019-05-16 12:00:00,"MockBrandB keeps logging me out every few minutes, super annoying.",2690.0,
274,cust_MockBrandA_151,True,2019-02-12 12:00:00,Your iOS app freezes completely on the home screen after latest update.,275.0,
1958,cust_MockBrandA_1059,True,2019-05-14 12:00:00,Why does the MockBrandA app keep logging me out every 5 minutes?,1959.0,
1078,@MockBrandASupport,False,2019-08-12 12:30:00,Apologies for the delay! Please DM your order number and zip code so we can trace the package with the carrier.,,1077.0
2907,cust_MockBrandB_227,True,2019-07-19 12:00:00,MockBrandB app won't load past the splash screen on iOS 17.,2908.0,
3117,@MockBrandBCare,False,2019-05-11 12:30:00,Sorry for the delay - DM your order number so we can chase this with our logistics partner.,,3116.0
2237,cust_MockBrandA_1210,True,2019-03-12 12:00:00,Saw an unexpected extra fee of $64.99 on my latest MockBrandA invoice.,2238.0,
2703,@MockBrandBCare,False,2019-03-14 12:30:00,We're sorry this keeps happening. DM your case number so we can escalate internally.,,2702.0
1828,@MockBrandASupport,False,2019-06-10 12:30:00,You can cancel anytime from Account > Subscription > Cancel. DM us if you don't see that option and we'll help directly.,,1827.0
805,@MockBrandASupport,False,2019-05-12 12:30:00,We're really sorry to hear that. Please DM your case/order number so a senior agent can personally follow up.,,804.0
2900,@MockBrandBCare,False,2019-08-10 12:30:00,We're aware of an iOS 17 issue - please try reinstalling the latest build. DM your device model if it persists.,,2899.0
766,@MockBrandASupport,False,2019-01-22 12:30:00,"Thanks for flagging this - please try updating to the latest app version, and DM us your device model if the crash continues.",,765.0
2337,@MockBrandASupport,False,2019-07-11 12:30:00,"Thanks for flagging this - please try updating to the latest app version, and DM us your device model if the crash continues.",,2336.0
354,@MockBrandASupport,False,2019-02-11 12:30:00,"Thanks for flagging this - please try updating to the latest app version, and DM us your device model if the crash continues.",,353.0
664,cust_MockBrandA_364,True,2019-03-22 12:00:00,"MockBrandA charged me for a renewal after I already cancelled, and now the app won't even load.",665.0,
99,cust_MockBrandA_54,True,2019-04-23 12:00:00,"Can't log in to check on my order #10053, app just spins forever.",100.0,
3074,@MockBrandBCare,False,2019-09-17 12:30:00,Yes! You can export data from Settings > Data > Export CSV.,,3073.0
3166,cust_MockBrandB_370,True,2019-06-16 12:00:00,"MockBrandB auto-renewed my subscription without any warning email, want a refund.",3167.0,
997,cust_MockBrandA_544,True,2019-05-12 12:00:00,"Someone hacked into my MockBrandA account and changed my password, please help me lock it down!",998.0,
2078,@MockBrandASupport,False,2019-03-22 12:30:00,So sorry for the wait. Please DM your order number and we'll escalate the refund to our billing team right away.,,2077.0
1644,@MockBrandASupport,False,2019-07-21 12:30:00,We're really sorry to hear that. Please DM your case/order number so a senior agent can personally follow up.,,1643.0
1945,cust_MockBrandA_1052,True,2019-03-18 12:00:00,Why was I billed $15.99 when my plan is supposed to be $20.99?,1946.0,
3064,@MockBrandBCare,False,2019-04-17 12:30:00,Apologies for the surprise renewal. DM your order ID and we'll process a refund review.,,3063.0
3128,cust_MockBrandB_349,True,2019-01-14 12:00:00,MockBrandB app won't load past the splash screen on iOS 17.,3129.0,
3281,cust_MockBrandB_433,True,2019-01-14 12:00:00,"Still waiting on my MockBrandB order #84136, it's been 12 days.",3282.0,
358,@MockBrandASupport,False,2019-04-28 12:30:00,You can cancel anytime from Account > Subscription > Cancel. DM us if you don't see that option and we'll help directly.,,357.0
3250,cust_MockBrandB_417,True,2019-07-25 12:00:00,"MockBrandB auto-renewed my subscription without any warning email, want a refund.",3251.0,
3069,cust_MockBrandB_315,True,2019-06-18 12:00:00,MockBrandB app won't load past the splash screen on iOS 17.,3070.0,
1730,cust_MockBrandA_933,True,2019-04-28 12:00:00,"Cannot apply discount codes at checkout on the MockBrandA app, getting an error.",1731.0,
2876,cust_MockBrandB_210,True,2019-04-10 12:00:00,Does MockBrandB support exporting my data to CSV?,2877.0,
2283,@MockBrandASupport,False,2019-05-27 12:30:00,You can cancel anytime from Account > Subscription > Cancel. DM us if you don't see that option and we'll help directly.,,2282.0
1788,cust_MockBrandA_964,True,2019-05-19 12:00:00,MockBrandA billed my credit card after I switched payment methods.,1789.0,
1143,cust_MockBrandA_620,True,2019-03-19 12:00:00,"Returned my package 10 days ago for order #78690, when will my refund be credited?",1144.0,
138,@MockBrandASupport,False,2019-01-21 12:30:00,So sorry for the wait. Please DM your order number and we'll escalate the refund to our billing team right away.,,137.0
1941,cust_MockBrandA_1050,True,2019-05-24 12:00:00,"Extremely disappointed with MockBrandA support response time, this is the 3rd time I've written in.",1942.0,
1715,cust_MockBrandA_925,True,2019-04-10 12:00:00,"Returned my package 10 days ago for order #24668, when will my refund be credited?",1716.0,
3104,@MockBrandBCare,False,2019-03-13 12:30:00,"Sorry about that! Please clear your app cache and reinstall - if the issue continues, DM your account email.",,3103.0
2227,cust_MockBrandA_1204,True,2019-06-19 12:00:00,"Support promised my refund for #65985 in 3 days, it has been two weeks now.",2228.0,
2601,@MockBrandBCare,False,2019-09-12 12:30:00,We're sorry this keeps happening. DM your case number so we can escalate internally.,,2600.0
1509,@MockBrandASupport,False,2019-01-19 12:30:00,You can cancel anytime from Account > Subscription > Cancel. DM us if you don't see that option and we'll help directly.,,1508.0
2842,@MockBrandBCare,False,2019-09-22 12:30:00,Yes! You can export data from Settings > Data > Export CSV.,,2841.0
2152,cust_MockBrandA_1164,True,2019-04-19 12:00:00,"I can't log into my MockBrandA account, it keeps saying invalid password even after reset.",2153.0,
2902,@MockBrandBCare,False,2019-09-19 12:30:00,Sorry for the delay - DM your order number so we can chase this with our logistics partner.,,2901.0
85,cust_MockBrandA_46,True,2019-06-19 12:00:00,"Worst customer service experience ever from MockBrandA, rude agents and no resolution.",86.0,
1762,cust_MockBrandA_950,True,2019-06-22 12:00:00,"Order #91836 never arrived and support keeps closing my ticket without a refund, 3rd time asking.",1763.0,
2863,@MockBrandBCare,False,2019-09-24 12:30:00,We're aware of an iOS 17 issue - please try reinstalling the latest build. DM your device model if it persists.,,2862.0
1502,@MockBrandASupport,False,2019-08-23 12:30:00,"Thanks for flagging this - please try updating to the latest app version, and DM us your device model if the crash continues.",,1501.0
2033,@MockBrandASupport,False,2019-06-21 12:30:00,Sorry for the trouble! Please try resetting your password from a private/incognito window - if it still fails DM us your registered email so we can look into your account.,,2032.0
1795,@MockBrandASupport,False,2019-07-20 12:30:00,You can cancel anytime from Account > Subscription > Cancel. DM us if you don't see that option and we'll help directly.,,1794.0
3078,@MockBrandBCare,False,2019-03-12 12:30:00,"Sorry about that! Please clear your app cache and reinstall - if the issue continues, DM your account email.",,3077.0
2306,cust_MockBrandA_1250,True,2019-09-16 12:00:00,"MockBrandA charged me twice for the same order #49103, need this fixed.",2307.0,
2479,cust_MockBrandA_1345,True,2019-03-19 12:00:00,"Can't log in to check on my order #74920, app just spins forever.",2480.0,
541,cust_MockBrandA_296,True,2019-05-22 12:00:00,"I noticed fraudulent unauthorized charges from MockBrandA on my card, my account was compromised!",542.0,
571,cust_MockBrandA_313,True,2019-08-16 12:00:00,Your iOS app freezes completely on the home screen after latest update.,572.0,
674,cust_MockBrandA_370,True,2019-08-11 12:00:00,My MockBrandA order #21300 says delivered but I never received it.,675.0,
416,cust_MockBrandA_228,True,2019-01-19 12:00:00,"Cancel button is disabled in my account settings, please assist.",417.0,
476,cust_MockBrandA_261,True,2019-09-19 12:00:00,Courier delivered my package for order #30934 to the wrong street address.,477.0,
2871,@MockBrandBCare,False,2019-01-14 12:30:00,We're sorry this keeps happening. DM your case number so we can escalate internally.,,2870.0
1822,cust_MockBrandA_982,True,2019-05-22 12:00:00,Didn't receive the 2FA SMS verification code to log into my MockBrandA account.,1823.0,
2924,cust_MockBrandB_236,True,2019-03-20 12:00:00,"Still waiting on my MockBrandB order #24003, it's been 12 days.",2925.0,
937,cust_MockBrandA_512,True,2019-09-27 12:00:00,"Waiting on hold for 2 hours for order #20793, absolutely unacceptable support.",938.0,
2021,@MockBrandASupport,False,2019-05-23 12:30:00,We're really sorry to hear that. Please DM your case/order number so a senior agent can personally follow up.,,2020.0
2391,@MockBrandASupport,False,2019-08-11 12:30:00,Apologies for the delay! Please DM your order number and zip code so we can trace the package with the carrier.,,2390.0
2798,cust_MockBrandB_168,True,2019-02-24 12:00:00,"MockBrandB keeps logging me out every few minutes, super annoying.",2799.0,
1393,cust_MockBrandA_752,True,2019-08-25 12:00:00,"Your product arrived broken for order #10485, cancel my recurring contract immediately.",1394.0,
916,@MockBrandASupport,False,2019-04-24 12:30:00,"Thanks for flagging this - please try updating to the latest app version, and DM us your device model if the crash continues.",,915.0
749,@MockBrandASupport,False,2019-01-15 12:30:00,Apologies for the delay! Please DM your order number and zip code so we can trace the package with the carrier.,,748.0
1239,cust_MockBrandA_670,True,2019-07-20 12:00:00,"Fourth time reporting this bug where order #81618 keeps failing, fix your platform!",1240.0,
180,cust_MockBrandA_99,True,2019-02-17 12:00:00,The MockBrandA app crashes every time I open the payments tab.,181.0,
1544,@MockBrandASupport,False,2019-04-26 12:30:00,We're sorry about that. Please DM us your order number and the last 4 digits of the card used so we can investigate the duplicate charge.,,1543.0
724,@MockBrandASupport,False,2019-09-25 12:30:00,Apologies for the delay! Please DM your order number and zip code so we can trace the package with the carrier.,,723.0
2679,cust_MockBrandB_105,True,2019-09-26 12:00:00,Does MockBrandB support exporting my data to CSV?,2680.0,
1587,cust_MockBrandA_857,True,2019-06-15 12:00:00,"MockBrandA charged me twice for the same order #18585, need this fixed.",1588.0,
24,@MockBrandASupport,False,2019-03-26 12:30:00,So sorry for the wait. Please DM your order number and we'll escalate the refund to our billing team right away.,,23.0
1021,cust_MockBrandA_557,True,2019-03-13 12:00:00,Saw an unexpected extra fee of $67.99 on my latest MockBrandA invoice.,1022.0,
1992,@MockBrandASupport,False,2019-02-23 12:30:00,We're sorry about that. Please DM us your order number and the last 4 digits of the card used so we can investigate the duplicate charge.,,1991.0
1975,cust_MockBrandA_1068,True,2019-02-20 12:00:00,Why was I billed $31.99 when my plan is supposed to be $21.99?,1976.0,
816,cust_MockBrandA_447,True,2019-05-20 12:00:00,Why was I billed $18.99 when my plan is supposed to be $26.99?,817.0,
315,cust_MockBrandA_173,True,2019-08-11 12:00:00,"Waiting on hold for 2 hours for order #19724, absolutely unacceptable support.",316.0,
635,cust_MockBrandA_348,True,2019-06-24 12:00:00,How do I cancel my MockBrandA subscription? Can't find the option anywhere.,636.0,
2814,cust_MockBrandB_177,True,2019-09-12 12:00:00,"MockBrandB auto-renewed my subscription without any warning email, want a refund.",2815.0,
450,@MockBrandASupport,False,2019-07-22 12:30:00,We're really sorry to hear that. Please DM your case/order number so a senior agent can personally follow up.,,449.0
1748,cust_MockBrandA_943,True,2019-02-16 12:00:00,"If MockBrandA does not resolve this unauthorized charge of $52.99, I will pursue legal action with my lawyer.",1749.0,
1358,cust_MockBrandA_732,True,2019-05-18 12:00:00,"Tracking says delivery attempted for order #43036, but I was home all day.",1359.0,
2463,@MockBrandASupport,False,2019-03-16 12:30:00,Sorry for the trouble! Please try resetting your password from a private/incognito window - if it still fails DM us your registered email so we can look into your account.,,2462.0
1190,cust_MockBrandA_645,True,2019-03-21 12:00:00,"Cannot apply discount codes at checkout on the MockBrandA app, getting an error.",1191.0,
164,cust_MockBrandA_89,True,2019-08-12 12:00:00,"Worst customer service experience ever from MockBrandA, rude agents and no resolution.",165.0,
667,@MockBrandASupport,False,2019-01-22 12:30:00,Sorry for the trouble! Please try resetting your password from a private/incognito window - if it still fails DM us your registered email so we can look into your account.,,666.0
1202,cust_MockBrandA_651,True,2019-06-13 12:00:00,Search bar on MockBrandA website is broken and returns 0 results for everything.,1203.0,
1851,@MockBrandASupport,False,2019-02-10 12:30:00,You can cancel anytime from Account > Subscription > Cancel. DM us if you don't see that option and we'll help directly.,,1850.0
3186,@MockBrandBCare,False,2019-03-19 12:30:00,"Sorry about that! Please clear your app cache and reinstall - if the issue continues, DM your account email.",,3185.0
2012,cust_MockBrandA_1089,True,2019-04-28 12:00:00,"Someone hacked into my MockBrandA account and changed my password, please help me lock it down!",2013.0,
2117,@MockBrandASupport,False,2019-05-27 12:30:00,We're sorry about that. Please DM us your order number and the last 4 digits of the card used so we can investigate the duplicate charge.,,2116.0
2860,cust_MockBrandB_202,True,2019-05-27 12:00:00,MockBrandB app won't load past the splash screen on iOS 17.,2861.0,
482,cust_MockBrandA_264,True,2019-02-11 12:00:00,"Cancel button is disabled in my account settings, please assist.",483.0,
2399,@MockBrandASupport,False,2019-03-28 12:30:00,Apologies for the delay! Please DM your order number and zip code so we can trace the package with the carrier.,,2398.0
3167,cust_MockBrandB_371,True,2019-08-22 12:00:00,MockBrandB app won't load past the splash screen on iOS 17.,3168.0,
200,cust_MockBrandA_110,True,2019-09-18 12:00:00,Why does the MockBrandA app keep logging me out every 5 minutes?,201.0,
3013,cust_MockBrandB_285,True,2019-01-22 12:00:00,Does MockBrandB support exporting my data to CSV?,3014.0,
3289,cust_MockBrandB_437,True,2019-09-10 12:00:00,"MockBrandB auto-renewed my subscription without any warning email, want a refund.",3290.0,
2195,@MockBrandASupport,False,2019-03-28 12:30:00,"Thanks for flagging this - please try updating to the latest app version, and DM us your device model if the crash continues.",,2194.0
1590,@MockBrandASupport,False,2019-08-28 12:30:00,We're really sorry to hear that. Please DM your case/order number so a senior agent can personally follow up.,,1589.0
2315,cust_MockBrandA_1256,True,2019-02-11 12:00:00,I got charged a monthly renewal fee of $67.99 even though I paused my subscription.,2316.0,
2856,@MockBrandBCare,False,2019-04-24 12:30:00,Apologies for the surprise renewal. DM your order ID and we'll process a refund review.,,2855.0
1126,cust_MockBrandA_611,True,2019-01-15 12:00:00,Saw an unexpected extra fee of $65.99 on my latest MockBrandA invoice.,1127.0,
1898,@MockBrandASupport,False,2019-06-21 12:30:00,We're really sorry to hear that. Please DM your case/order number so a senior agent can personally follow up.,,1897.0
743,@MockBrandASupport,False,2019-07-28 12:30:00,We're sorry about that. Please DM us your order number and the last 4 digits of the card used so we can investigate the duplicate charge.,,742.0
2057,cust_MockBrandA_1114,True,2019-01-28 12:00:00,Search bar on MockBrandA website is broken and returns 0 results for everything.,2058.0,
284,cust_MockBrandA_156,True,2019-06-10 12:00:00,"Can I get a refund for MockBrandA order #45818, item arrived damaged.",285.0,
1821,@MockBrandASupport,False,2019-03-10 12:30:00,"Thanks for flagging this - please try updating to the latest app version, and DM us your device model if the crash continues.",,1820.0
2074,cust_MockBrandA_1123,True,2019-01-21 12:00:00,MockBrandA billed my credit card after I switched payment methods.,2075.0,
116,@MockBrandASupport,False,2019-06-20 12:30:00,We're really sorry to hear that. Please DM your case/order number so a senior agent can personally follow up.,,115.0
2766,@MockBrandBCare,False,2019-06-19 12:30:00,Apologies for the surprise renewal. DM your order ID and we'll process a refund review.,,2765.0
3046,cust_MockBrandB_303,True,2019-06-24 12:00:00,"MockBrandB auto-renewed my subscription without any warning email, want a refund.",3047.0,
526,cust_MockBrandA_288,True,2019-04-14 12:00:00,Your iOS app freezes completely on the home screen after latest update.,527.0,
2801,@MockBrandBCare,False,2019-02-14 12:30:00,Yes! You can export data from Settings > Data > Export CSV.,,2800.0
43,@MockBrandASupport,False,2019-01-20 12:30:00,We're really sorry to hear that. Please DM your case/order number so a senior agent can personally follow up.,,42.0
389,cust_MockBrandA_213,True,2019-08-15 12:00:00,"Returned my package 10 days ago for order #26074, when will my refund be credited?",390.0,
1682,@MockBrandASupport,False,2019-08-24 12:30:00,We're sorry about that. Please DM us your order number and the last 4 digits of the card used so we can investigate the duplicate charge.,,1681.0
2514,@MockBrandBCare,False,2019-03-23 12:30:00,Apologies for the surprise renewal. DM your order ID and we'll process a refund review.,,2513.0
888,@MockBrandASupport,False,2019-08-21 12:30:00,"Thanks for flagging this - please try updating to the latest app version, and DM us your device model if the crash continues.",,887.0
1849,@MockBrandASupport,False,2019-01-17 12:30:00,You can cancel anytime from Account > Subscription > Cancel. DM us if you don't see that option and we'll help directly.,,1848.0
2884,@MockBrandBCare,False,2019-08-28 12:30:00,Apologies for the surprise renewal. DM your order ID and we'll process a refund review.,,2883.0
2264,cust_MockBrandA_1226,True,2019-07-16 12:00:00,"Requested a refund on order #17165 a week ago, still nothing.",2265.0,
1269,@MockBrandASupport,False,2019-01-24 12:30:00,So sorry for the wait. Please DM your order number and we'll escalate the refund to our billing team right away.,,1268.0
1323,cust_MockBrandA_713,True,2019-09-13 12:00:00,I have been transferred between 4 different agents and none of you are resolving my case.,1324.0,
141,cust_MockBrandA_77,True,2019-08-14 12:00:00,Why was I billed $56.99 when my plan is supposed to be $45.99?,142.0,
1923,@MockBrandASupport,False,2019-07-22 12:30:00,We're sorry about that. Please DM us your order number and the last 4 digits of the card used so we can investigate the duplicate charge.,,1922.0
2473,cust_MockBrandA_1342,True,2019-01-24 12:00:00,Didn't receive the 2FA SMS verification code to log into my MockBrandA account.,2474.0,
989,@MockBrandASupport,False,2019-02-26 12:30:00,We're really sorry to hear that. Please DM your case/order number so a senior agent can personally follow up.,,988.0
1382,cust_MockBrandA_746,True,2019-08-18 12:00:00,"Extremely disappointed with MockBrandA support response time, this is the 3rd time I've written in.",1383.0,
1556,cust_MockBrandA_841,True,2019-04-12 12:00:00,"Can't log in to check on my order #63383, app just spins forever.",1557.0,
1863,@MockBrandASupport,False,2019-01-24 12:30:00,"Thanks for flagging this - please try updating to the latest app version, and DM us your device model if the crash continues.",,1862.0
386,@MockBrandASupport,False,2019-08-26 12:30:00,"Thanks for flagging this - please try updating to the latest app version, and DM us your device model if the crash continues.",,385.0
2586,cust_MockBrandB_55,True,2019-07-19 12:00:00,Does MockBrandB support exporting my data to CSV?,2587.0,
2932,@MockBrandBCare,False,2019-09-18 12:30:00,Sorry for the delay - DM your order number so we can chase this with our logistics partner.,,2931.0
2967,@MockBrandBCare,False,2019-05-12 12:30:00,"Sorry about that! Please clear your app cache and reinstall - if the issue continues, DM your account email.",,2966.0
1006,@MockBrandASupport,False,2019-03-27 12:30:00,We're sorry about that. Please DM us your order number and the last 4 digits of the card used so we can investigate the duplicate charge.,,1005.0
340,@MockBrandASupport,False,2019-08-16 12:30:00,We're sorry about that. Please DM us your order number and the last 4 digits of the card used so we can investigate the duplicate charge.,,339.0
378,@MockBrandASupport,False,2019-01-12 12:30:00,You can cancel anytime from Account > Subscription > Cancel. DM us if you don't see that option and we'll help directly.,,377.0
2228,@MockBrandASupport,False,2019-07-13 12:30:00,So sorry for the wait. Please DM your order number and we'll escalate the refund to our billing team right away.,,2227.0
1033,cust_MockBrandA_563,True,2019-07-22 12:00:00,"MockBrandA charged me twice for the same order #46167, need this fixed.",1034.0,
1946,cust_MockBrandA_1053,True,2019-04-25 12:00:00,"Order #48258 never arrived and support keeps closing my ticket without a refund, 3rd time asking.",1947.0,
356,@MockBrandASupport,False,2019-01-26 12:30:00,Apologies for the delay! Please DM your order number and zip code so we can trace the package with the carrier.,,355.0
1997,@MockBrandASupport,False,2019-07-26 12:30:00,We're really sorry to hear that. Please DM your case/order number so a senior agent can personally follow up.,,1996.0
159,@MockBrandASupport,False,2019-03-19 12:30:00,We're really sorry to hear that. Please DM your case/order number so a senior agent can personally follow up.,,158.0
1557,cust_MockBrandA_842,True,2019-01-25 12:00:00,"Worst customer service experience ever from MockBrandA, rude agents and no resolution.",1558.0,
112,@MockBrandASupport,False,2019-09-24 12:30:00,"Thanks for flagging this - please try updating to the latest app version, and DM us your device model if the crash continues.",,111.0
2009,cust_MockBrandA_1087,True,2019-01-22 12:00:00,I have been transferred between 4 different agents and none of you are resolving my case.,2010.0,
2806,@MockBrandBCare,False,2019-01-27 12:30:00,We're sorry this keeps happening. DM your case number so we can escalate internally.,,2805.0
1438,cust_MockBrandA_776,True,2019-07-14 12:00:00,Why does the MockBrandA app keep logging me out every 5 minutes?,1439.0,
2541,cust_MockBrandB_29,True,2019-06-23 12:00:00,Does MockBrandB support exporting my data to CSV?,2542.0,
2405,cust_MockBrandA_1305,True,2019-04-24 12:00:00,Didn't receive the 2FA SMS verification code to log into my MockBrandA account.,2406.0,
2821,cust_MockBrandB_182,True,2019-07-16 12:00:00,"Third time contacting MockBrandB about the same bug, no fix yet.",2822.0,
1732,cust_MockBrandA_935,True,2019-04-19 12:00:00,"If MockBrandA does not resolve this unauthorized charge of $70.99, I will pursue legal action with my lawyer.",1733.0,
402,@MockBrandASupport,False,2019-04-21 12:30:00,Sorry for the trouble! Please try resetting your password from a private/incognito window - if it still fails DM us your registered email so we can look into your account.,,401.0
2208,@MockBrandASupport,False,2019-04-28 12:30:00,Apologies for the delay! Please DM your order number and zip code so we can trace the package with the carrier.,,2207.0
1572,@MockBrandASupport,False,2019-09-20 12:30:00,We're really sorry to hear that. Please DM your case/order number so a senior agent can personally follow up.,,1571.0
1940,@MockBrandASupport,False,2019-08-24 12:30:00,You can cancel anytime from Account > Subscription > Cancel. DM us if you don't see that option and we'll help directly.,,1939.0
2870,cust_MockBrandB_207,True,2019-05-28 12:00:00,"Third time contacting MockBrandB about the same bug, no fix yet.",2871.0,
1048,@MockBrandASupport,False,2019-03-25 12:30:00,Apologies for the delay! Please DM your order number and zip code so we can trace the package with the carrier.,,1047.0
3076,@MockBrandBCare,False,2019-02-15 12:30:00,We're aware of an iOS 17 issue - please try reinstalling the latest build. DM your device model if it persists.,,3075.0
1440,cust_MockBrandA_777,True,2019-04-21 12:00:00,Search bar on MockBrandA website is broken and returns 0 results for everything.,1441.0,
1310,@MockBrandASupport,False,2019-08-25 12:30:00,We're sorry about that. Please DM us your order number and the last 4 digits of the card used so we can investigate the duplicate charge.,,1309.0
2048,@MockBrandASupport,False,2019-03-12 12:30:00,So sorry for the wait. Please DM your order number and we'll escalate the refund to our billing team right away.,,2047.0
130,cust_MockBrandA_70,True,2019-08-10 12:00:00,"Tracking says delivery attempted for order #65255, but I was home all day.",131.0,
2013,cust_MockBrandA_1090,True,2019-07-22 12:00:00,"Requested a refund on order #11617 a week ago, still nothing.",2014.0,
2782,cust_MockBrandB_160,True,2019-04-13 12:00:00,"Third time contacting MockBrandB about the same bug, no fix yet.",2783.0,
3135,@MockBrandBCare,False,2019-02-15 12:30:00,We're sorry this keeps happening. DM your case number so we can escalate internally.,,3134.0
2431,@MockBrandASupport,False,2019-08-14 12:30:00,Apologies for the delay! Please DM your order number and zip code so we can trace the package with the carrier.,,2430.0
2519,cust_MockBrandB_17,True,2019-06-21 12:00:00,"MockBrandB auto-renewed my subscription without any warning email, want a refund.",2520.0,
2602,cust_MockBrandB_63,True,2019-04-24 12:00:00,"Still waiting on my MockBrandB order #95633, it's been 12 days.",2603.0,
1960,cust_MockBrandA_1060,True,2019-08-11 12:00:00,MockBrandA login button spins endlessly and never loads my profile.,1961.0,
2416,cust_MockBrandA_1311,True,2019-04-14 12:00:00,"Can't log in to check on my order #21018, app just spins forever.",2417.0,
3312,@MockBrandBCare,False,2019-01-10 12:30:00,We're aware of an iOS 17 issue - please try reinstalling the latest build. DM your device model if it persists.,,3311.0
1756,cust_MockBrandA_947,True,2019-07-15 12:00:00,Why does the MockBrandA app keep logging me out every 5 minutes?,1757.0,
1245,cust_MockBrandA_673,True,2019-07-11 12:00:00,"I noticed fraudulent unauthorized charges from MockBrandA on my card, my account was compromised!",1246.0,
854,@MockBrandASupport,False,2019-02-19 12:30:00,Apologies for the delay! Please DM your order number and zip code so we can trace the package with the carrier.,,853.0
1536,@MockBrandASupport,False,2019-02-12 12:30:00,Apologies for the delay! Please DM your order number and zip code so we can trace the package with the carrier.,,1535.0
1589,cust_MockBrandA_858,True,2019-09-23 12:00:00,"Extremely disappointed with MockBrandA support response time, this is the 3rd time I've written in.",1590.0,
1406,cust_MockBrandA_759,True,2019-09-14 12:00:00,Saw an unexpected extra fee of $76.99 on my latest MockBrandA invoice.,1407.0,
1230,@MockBrandASupport,False,2019-07-20 12:30:00,"Thanks for flagging this - please try updating to the latest app version, and DM us your device model if the crash continues.",,1229.0
2448,cust_MockBrandA_1328,True,2019-05-16 12:00:00,How do I cancel my MockBrandA subscription? Can't find the option anywhere.,2449.0,
2859,@MockBrandBCare,False,2019-07-26 12:30:00,Apologies for the surprise renewal. DM your order ID and we'll process a refund review.,,2858.0
44,cust_MockBrandA_23,True,2019-08-16 12:00:00,Why does the MockBrandA app keep logging me out every 5 minutes?,45.0,
1651,@MockBrandASupport,False,2019-08-25 12:30:00,You can cancel anytime from Account > Subscription > Cancel. DM us if you don't see that option and we'll help directly.,,1650.0
2710,cust_MockBrandB_121,True,2019-07-18 12:00:00,"Third time contacting MockBrandB about the same bug, no fix yet.",2711.0,
1465,cust_MockBrandA_792,True,2019-05-26 12:00:00,Need a full refund for order #39548 because the item sent was completely wrong.,1466.0,
1729,@MockBrandASupport,False,2019-04-25 12:30:00,We're sorry about that. Please DM us your order number and the last 4 digits of the card used so we can investigate the duplicate charge.,,1728.0
488,cust_MockBrandA_267,True,2019-05-10 12:00:00,"Your product arrived broken for order #17567, cancel my recurring contract immediately.",489.0,
1854,cust_MockBrandA_1002,True,2019-04-12 12:00:00,MockBrandA website checkout is throwing a 500 error on step 3.,1855.0,
1039,cust_MockBrandA_566,True,2019-06-13 12:00:00,"Can't log in to check on my order #19487, app just spins forever.",1040.0,
275,@MockBrandASupport,False,2019-02-21 12:30:00,"Thanks for flagging this - please try updating to the latest app version, and DM us your device model if the crash continues.",,274.0
293,@MockBrandASupport,False,2019-07-13 12:30:00,Sorry for the trouble! Please try resetting your password from a private/incognito window - if it still fails DM us your registered email so we can look into your account.,,292.0
2788,cust_MockBrandB_163,True,2019-04-14 12:00:00,"MockBrandB keeps logging me out every few minutes, super annoying.",2789.0,
761,@MockBrandASupport,False,2019-09-12 12:30:00,We're sorry about that. Please DM us your order number and the last 4 digits of the card used so we can investigate the duplicate charge.,,760.0
849,cust_MockBrandA_465,True,2019-02-23 12:00:00,"If MockBrandA does not resolve this unauthorized charge of $16.99, I will pursue legal action with my lawyer.",850.0,
496,cust_MockBrandA_271,True,2019-03-17 12:00:00,"Can I get a refund for MockBrandA order #80419, item arrived damaged.",497.0,
1212,@MockBrandASupport,False,2019-09-17 12:30:00,So sorry for the wait. Please DM your order number and we'll escalate the refund to our billing team right away.,,1211.0
128,cust_MockBrandA_69,True,2019-06-16 12:00:00,"Can I get a refund for MockBrandA order #16590, item arrived damaged.",129.0,
67,@MockBrandASupport,False,2019-09-18 12:30:00,"Thanks for flagging this - please try updating to the latest app version, and DM us your device model if the crash continues.",,66.0
97,cust_MockBrandA_53,True,2019-07-15 12:00:00,I got charged a monthly renewal fee of $63.99 even though I paused my subscription.,98.0,
783,cust_MockBrandA_428,True,2019-05-20 12:00:00,"Returned my package 10 days ago for order #92211, when will my refund be credited?",784.0,
396,cust_MockBrandA_217,True,2019-07-25 12:00:00,"I noticed fraudulent unauthorized charges from MockBrandA on my card, my account was compromised!",397.0,
2615,cust_MockBrandB_70,True,2019-05-25 12:00:00,MockBrandB app won't load past the splash screen on iOS 17.,2616.0,
2220,@MockBrandASupport,False,2019-06-12 12:30:00,We're sorry about that. Please DM us your order number and the last 4 digits of the card used so we can investigate the duplicate charge.,,2219.0
858,cust_MockBrandA_470,True,2019-01-12 12:00:00,"Worst customer service experience ever from MockBrandA, rude agents and no resolution.",859.0,
1241,cust_MockBrandA_671,True,2019-05-20 12:00:00,"Fourth time reporting this bug where order #36467 keeps failing, fix your platform!",1242.0,
1664,@MockBrandASupport,False,2019-08-20 12:30:00,"Thanks for flagging this - please try updating to the latest app version, and DM us your device model if the crash continues.",,1663.0
991,@MockBrandASupport,False,2019-02-17 12:30:00,We're sorry about that. Please DM us your order number and the last 4 digits of the card used so we can investigate the duplicate charge.,,990.0
1256,cust_MockBrandA_679,True,2019-02-11 12:00:00,MockBrandA billed my credit card after I switched payment methods.,1257.0,
3263,cust_MockBrandB_424,True,2019-07-16 12:00:00,Does MockBrandB support exporting my data to CSV?,3264.0,
296,cust_MockBrandA_162,True,2019-05-19 12:00:00,Need a full refund for order #49507 because the item sent was completely wrong.,297.0,
592,cust_MockBrandA_324,True,2019-05-23 12:00:00,"Cannot apply discount codes at checkout on the MockBrandA app, getting an error.",593.0,
2029,@MockBrandASupport,False,2019-02-10 12:30:00,Apologies for the delay! Please DM your order number and zip code so we can trace the package with the carrier.,,2028.0
442,cust_MockBrandA_243,True,2019-08-11 12:00:00,Need a full refund for order #63788 because the item sent was completely wrong.,443.0,
2067,cust_MockBrandA_1119,True,2019-05-15 12:00:00,Didn't receive the 2FA SMS verification code to log into my MockBrandA account.,2068.0,
3,cust_MockBrandA_1,True,2019-01-12 12:00:00,"MockBrandA charged me twice for the same order #87397, need this fixed.",4.0,
2934,@MockBrandBCare,False,2019-02-20 12:30:00,Yes! You can export data from Settings > Data > Export CSV.,,2933.0
772,cust_MockBrandA_421,True,2019-03-21 12:00:00,"Package from MockBrandA has been 'in transit' for 9 days, tracking not updating.",773.0,
3086,cust_MockBrandB_325,True,2019-04-15 12:00:00,Does MockBrandB support exporting my data to CSV?,3087.0,
2843,cust_MockBrandB_193,True,2019-05-24 12:00:00,"MockBrandB auto-renewed my subscription without any warning email, want a refund.",2844.0,
638,@MockBrandASupport,False,2019-05-20 12:30:00,So sorry for the wait. Please DM your order number and we'll escalate the refund to our billing team right away.,,637.0
1859,@MockBrandASupport,False,2019-01-27 12:30:00,Sorry for the trouble! Please try resetting your password from a private/incognito window - if it still fails DM us your registered email so we can look into your account.,,1858.0
2638,cust_MockBrandB_83,True,2019-04-27 12:00:00,MockBrandB app won't load past the splash screen on iOS 17.,2639.0,
2624,cust_MockBrandB_75,True,2019-03-13 12:00:00,"Still waiting on my MockBrandB order #23037, it's been 12 days.",2625.0,
925,cust_MockBrandA_506,True,2019-06-26 12:00:00,"Your product arrived broken for order #82110, cancel my recurring contract immediately.",926.0,
436,@MockBrandASupport,False,2019-07-28 12:30:00,You can cancel anytime from Account > Subscription > Cancel. DM us if you don't see that option and we'll help directly.,,435.0
3176,cust_MockBrandB_376,True,2019-04-22 12:00:00,MockBrandB app won't load past the splash screen on iOS 17.,3177.0,
2818,cust_MockBrandB_180,True,2019-08-16 12:00:00,"MockBrandB auto-renewed my subscription without any warning email, want a refund.",2819.0,
1672,@MockBrandASupport,False,2019-01-25 12:30:00,We're really sorry to hear that. Please DM your case/order number so a senior agent can personally follow up.,,1671.0
3072,cust_MockBrandB_317,True,2019-03-13 12:00:00,"Third time contacting MockBrandB about the same bug, no fix yet.",3073.0,
1439,@MockBrandASupport,False,2019-08-15 12:30:00,Sorry for the trouble! Please try resetting your password from a private/incognito window - if it still fails DM us your registered email so we can look into your account.,,1438.0
2364,cust_MockBrandA_1283,True,2019-07-16 12:00:00,"Extremely disappointed with MockBrandA support response time, this is the 3rd time I've written in.",2365.0,
898,@MockBrandASupport,False,2019-08-26 12:30:00,We're really sorry to hear that. Please DM your case/order number so a senior agent can personally follow up.,,897.0
1609,cust_MockBrandA_868,True,2019-04-23 12:00:00,Please cancel my order #51766 immediately before it ships out.,1610.0,
2691,cust_MockBrandB_111,True,2019-08-25 12:00:00,MockBrandB app won't load past the splash screen on iOS 17.,2692.0,
2143,cust_MockBrandA_1159,True,2019-01-24 12:00:00,"I noticed fraudulent unauthorized charges from MockBrandA on my card, my account was compromised!",2144.0,
1618,cust_MockBrandA_873,True,2019-03-17 12:00:00,Please cancel my order #57636 immediately before it ships out.,1619.0,
2247,cust_MockBrandA_1216,True,2019-03-27 12:00:00,Your iOS app freezes completely on the home screen after latest update.,2248.0,
1530,@MockBrandASupport,False,2019-02-13 12:30:00,We're sorry about that. Please DM us your order number and the last 4 digits of the card used so we can investigate the duplicate charge.,,1529.0
2998,@MockBrandBCare,False,2019-09-24 12:30:00,Sorry for the delay - DM your order number so we can chase this with our logistics partner.,,2997.0
1334,@MockBrandASupport,False,2019-05-10 12:30:00,"Thanks for flagging this - please try updating to the latest app version, and DM us your device model if the crash continues.",,1333.0
479,@MockBrandASupport,False,2019-06-23 12:30:00,We're sorry about that. Please DM us your order number and the last 4 digits of the card used so we can investigate the duplicate charge.,,478.0
2004,cust_MockBrandA_1084,True,2019-06-25 12:00:00,"Returned my package 10 days ago for order #10547, when will my refund be credited?",2005.0,
1372,cust_MockBrandA_741,True,2019-04-28 12:00:00,"If MockBrandA does not resolve this unauthorized charge of $60.99, I will pursue legal action with my lawyer.",1373.0,
3232,cust_MockBrandB_408,True,2019-06-12 12:00:00,"Third time contacting MockBrandB about the same bug, no fix yet.",3233.0,
2802,cust_MockBrandB_170,True,2019-09-24 12:00:00,"MockBrandB keeps logging me out every few minutes, super annoying.",2803.0,
929,cust_MockBrandA_508,True,2019-06-19 12:00:00,Need a full refund for order #96944 because the item sent was completely wrong.,930.0,
3030,cust_MockBrandB_294,True,2019-01-13 12:00:00,"Third time contacting MockBrandB about the same bug, no fix yet.",3031.0,
675,@MockBrandASupport,False,2019-03-13 12:30:00,Apologies for the delay! Please DM your order number and zip code so we can trace the package with the carrier.,,674.0
2723,@MockBrandBCare,False,2019-08-18 12:30:00,Apologies for the surprise renewal. DM your order ID and we'll process a refund review.,,2722.0
2255,@MockBrandASupport,False,2019-06-24 12:30:00,So sorry for the wait. Please DM your order number and we'll escalate the refund to our billing team right away.,,2254.0
1044,@MockBrandASupport,False,2019-04-17 12:30:00,We're really sorry to hear that. Please DM your case/order number so a senior agent can personally follow up.,,1043.0
17,cust_MockBrandA_8,True,2019-05-27 12:00:00,My MockBrandA order #31417 says delivered but I never received it.,18.0,
2358,cust_MockBrandA_1280,True,2019-04-10 12:00:00,"Requested a refund on order #78386 a week ago, still nothing.",2359.0,
426,cust_MockBrandA_234,True,2019-09-24 12:00:00,"Can't log in to check on my order #47827, app just spins forever.",427.0,
2129,cust_MockBrandA_1152,True,2019-01-12 12:00:00,My MockBrandA order #22272 says delivered but I never received it.,2130.0,
172,@MockBrandASupport,False,2019-08-25 12:30:00,So sorry for the wait. Please DM your order number and we'll escalate the refund to our billing team right away.,,171.0
2229,cust_MockBrandA_1205,True,2019-02-19 12:00:00,I have been transferred between 4 different agents and none of you are resolving my case.,2230.0,
2054,cust_MockBrandA_1112,True,2019-04-18 12:00:00,Search bar on MockBrandA website is broken and returns 0 results for everything.,2055.0,
459,cust_MockBrandA_252,True,2019-08-25 12:00:00,"Can't log in to check on my order #30701, app just spins forever.",460.0,
1717,cust_MockBrandA_926,True,2019-02-19 12:00:00,Want to cancel my auto-renew membership with MockBrandA.,1718.0,
335,cust_MockBrandA_183,True,2019-06-14 12:00:00,"Order #79013 never arrived and support keeps closing my ticket without a refund, 3rd time asking.",336.0,
1624,cust_MockBrandA_876,True,2019-01-25 12:00:00,"Tracking says delivery attempted for order #67602, but I was home all day.",1625.0,
2840,@MockBrandBCare,False,2019-04-23 12:30:00,Yes! You can export data from Settings > Data > Export CSV.,,2839.0
844,cust_MockBrandA_462,True,2019-04-15 12:00:00,I got charged a monthly renewal fee of $72.99 even though I paused my subscription.,845.0,
572,@MockBrandASupport,False,2019-03-19 12:30:00,"Thanks for flagging this - please try updating to the latest app version, and DM us your device model if the crash continues.",,571.0
2350,cust_MockBrandA_1275,True,2019-03-19 12:00:00,"Extremely disappointed with MockBrandA support response time, this is the 3rd time I've written in.",2351.0,
3302,@MockBrandBCare,False,2019-05-24 12:30:00,Yes! You can export data from Settings > Data > Export CSV.,,3301.0
3051,@MockBrandBCare,False,2019-05-13 12:30:00,"Sorry about that! Please clear your app cache and reinstall - if the issue continues, DM your account email.",,3050.0
2592,cust_MockBrandB_58,True,2019-01-14 12:00:00,"Third time contacting MockBrandB about the same bug, no fix yet.",2593.0,
2213,cust_MockBrandA_1197,True,2019-07-16 12:00:00,"Locked out of my MockBrandA account for 2 days now, no reset email arriving.",2214.0,
1400,cust_MockBrandA_756,True,2019-06-25 12:00:00,"Returned my package 10 days ago for order #49173, when will my refund be credited?",1401.0,
2453,@MockBrandASupport,False,2019-05-25 12:30:00,We're sorry about that. Please DM us your order number and the last 4 digits of the card used so we can investigate the duplicate charge.,,2452.0
595,cust_MockBrandA_326,True,2019-08-24 12:00:00,"Worst customer service experience ever from MockBrandA, rude agents and no resolution.",596.0,
2561,cust_MockBrandB_41,True,2019-01-19 12:00:00,"MockBrandB auto-renewed my subscription without any warning email, want a refund.",2562.0,
2075,@MockBrandASupport,False,2019-02-14 12:30:00,We're sorry about that. Please DM us your order number and the last 4 digits of the card used so we can investigate the duplicate charge.,,2074.0
1407,@MockBrandASupport,False,2019-04-12 12:30:00,We're sorry about that. Please DM us your order number and the last 4 digits of the card used so we can investigate the duplicate charge.,,1406.0
176,@MockBrandASupport,False,2019-03-18 12:30:00,We're really sorry to hear that. Please DM your case/order number so a senior agent can personally follow up.,,175.0
673,@MockBrandASupport,False,2019-04-11 12:30:00,So sorry for the wait. Please DM your order number and we'll escalate the refund to our billing team right away.,,672.0
2787,@MockBrandBCare,False,2019-06-26 12:30:00,We're sorry this keeps happening. DM your case number so we can escalate internally.,,2786.0
2209,cust_MockBrandA_1195,True,2019-04-23 12:00:00,"I demand to speak to a real human supervisor right now, your automated bots are useless!",2210.0,
3088,cust_MockBrandB_326,True,2019-02-22 12:00:00,"Third time contacting MockBrandB about the same bug, no fix yet.",3089.0,
1847,@MockBrandASupport,False,2019-07-27 12:30:00,We're really sorry to hear that. Please DM your case/order number so a senior agent can personally follow up.,,1846.0
1912,@MockBrandASupport,False,2019-04-20 12:30:00,We're sorry about that. Please DM us your order number and the last 4 digits of the card used so we can investigate the duplicate charge.,,1911.0
2644,@MockBrandBCare,False,2019-04-15 12:30:00,We're sorry this keeps happening. DM your case number so we can escalate internally.,,2643.0
1470,@MockBrandASupport,False,2019-02-16 12:30:00,So sorry for the wait. Please DM your order number and we'll escalate the refund to our billing team right away.,,1469.0
1364,cust_MockBrandA_736,True,2019-05-13 12:00:00,Need a full refund for order #85727 because the item sent was completely wrong.,1365.0,
564,@MockBrandASupport,False,2019-02-20 12:30:00,"Thanks for flagging this - please try updating to the latest app version, and DM us your device model if the crash continues.",,563.0
1038,@MockBrandASupport,False,2019-09-13 12:30:00,Sorry for the trouble! Please try resetting your password from a private/incognito window - if it still fails DM us your registered email so we can look into your account.,,1037.0
2467,@MockBrandASupport,False,2019-09-24 12:30:00,We're really sorry to hear that. Please DM your case/order number so a senior agent can personally follow up.,,2466.0
355,cust_MockBrandA_194,True,2019-02-25 12:00:00,My MockBrandA order #65027 says delivered but I never received it.,356.0,
1769,@MockBrandASupport,False,2019-02-24 12:30:00,We're sorry about that. Please DM us your order number and the last 4 digits of the card used so we can investigate the duplicate charge.,,1768.0
1476,cust_MockBrandA_798,True,2019-02-10 12:00:00,"If MockBrandA does not resolve this unauthorized charge of $47.99, I will pursue legal action with my lawyer.",1477.0,
1671,cust_MockBrandA_902,True,2019-03-11 12:00:00,"I demand to speak to a real human supervisor right now, your automated bots are useless!",1672.0,
2222,@MockBrandASupport,False,2019-08-14 12:30:00,So sorry for the wait. Please DM your order number and we'll escalate the refund to our billing team right away.,,2221.0
2768,@MockBrandBCare,False,2019-08-28 12:30:00,Apologies for the surprise renewal. DM your order ID and we'll process a refund review.,,2767.0
2026,cust_MockBrandA_1097,True,2019-03-12 12:00:00,Please cancel my order #67767 immediately before it ships out.,2027.0,
3079,cust_MockBrandB_321,True,2019-05-10 12:00:00,"Third time contacting MockBrandB about the same bug, no fix yet.",3080.0,
2756,cust_MockBrandB_145,True,2019-03-11 12:00:00,"Still waiting on my MockBrandB order #55725, it's been 12 days.",2757.0,
605,@MockBrandASupport,False,2019-05-25 12:30:00,We're sorry about that. Please DM us your order number and the last 4 digits of the card used so we can investigate the duplicate charge.,,604.0
1198,cust_MockBrandA_649,True,2019-03-10 12:00:00,"Package from MockBrandA has been 'in transit' for 9 days, tracking not updating.",1199.0,
3143,cust_MockBrandB_357,True,2019-06-24 12:00:00,"Third time contacting MockBrandB about the same bug, no fix yet.",3144.0,
1424,@MockBrandASupport,False,2019-02-19 12:30:00,You can cancel anytime from Account > Subscription > Cancel. DM us if you don't see that option and we'll help directly.,,1423.0
1915,@MockBrandASupport,False,2019-01-25 12:30:00,Sorry for the trouble! Please try resetting your password from a private/incognito window - if it still fails DM us your registered email so we can look into your account.,,1914.0
1525,cust_MockBrandA_825,True,2019-01-14 12:00:00,"Order #86027 never arrived and support keeps closing my ticket without a refund, 3rd time asking.",1526.0,
1646,cust_MockBrandA_889,True,2019-08-16 12:00:00,"Can't log in to check on my order #94817, app just spins forever.",1647.0,
2377,@MockBrandASupport,False,2019-06-17 12:30:00,Sorry for the trouble! Please try resetting your password from a private/incognito window - if it still fails DM us your registered email so we can look into your account.,,2376.0
713,cust_MockBrandA_390,True,2019-09-17 12:00:00,"Locked out of my MockBrandA account for 2 days now, no reset email arriving.",714.0,
1668,@MockBrandASupport,False,2019-05-18 12:30:00,Sorry for the trouble! Please try resetting your password from a private/incognito window - if it still fails DM us your registered email so we can look into your account.,,1667.0
1421,cust_MockBrandA_767,True,2019-08-14 12:00:00,"MockBrandA charged me twice for the same order #95426, need this fixed.",1422.0,
2619,cust_MockBrandB_72,True,2019-04-19 12:00:00,Does MockBrandB support exporting my data to CSV?,2620.0,
3012,@MockBrandBCare,False,2019-03-27 12:30:00,Sorry for the delay - DM your order number so we can chase this with our logistics partner.,,3011.0
1314,@MockBrandASupport,False,2019-08-15 12:30:00,We're really sorry to hear that. Please DM your case/order number so a senior agent can personally follow up.,,1313.0
597,cust_MockBrandA_327,True,2019-02-15 12:00:00,Saw an unexpected extra fee of $53.99 on my latest MockBrandA invoice.,598.0,
2215,cust_MockBrandA_1198,True,2019-09-14 12:00:00,My MockBrandA order #69640 says delivered but I never received it.,2216.0,
2257,cust_MockBrandA_1222,True,2019-03-10 12:00:00,MockBrandA login button spins endlessly and never loads my profile.,2258.0,
2975,cust_MockBrandB_264,True,2019-02-15 12:00:00,"Third time contacting MockBrandB about the same bug, no fix yet.",2976.0,
1521,cust_MockBrandA_823,True,2019-02-26 12:00:00,Where is my order #48228? Estimated delivery date was 4 days ago.,1522.0,
2698,@MockBrandBCare,False,2019-05-18 12:30:00,Apologies for the surprise renewal. DM your order ID and we'll process a refund review.,,2697.0
1529,cust_MockBrandA_827,True,2019-09-13 12:00:00,"I noticed fraudulent unauthorized charges from MockBrandA on my card, my account was compromised!",1530.0,
672,cust_MockBrandA_369,True,2019-02-19 12:00:00,"Order #52827 never arrived and support keeps closing my ticket without a refund, 3rd time asking.",673.0,
2231,cust_MockBrandA_1206,True,2019-03-15 12:00:00,Your iOS app freezes completely on the home screen after latest update.,2232.0,
1936,cust_MockBrandA_1047,True,2019-07-25 12:00:00,Need a full refund for order #27030 because the item sent was completely wrong.,1937.0,
1869,@MockBrandASupport,False,2019-07-26 12:30:00,So sorry for the wait. Please DM your order number and we'll escalate the refund to our billing team right away.,,1868.0
1505,cust_MockBrandA_814,True,2019-06-12 12:00:00,Need a full refund for order #49745 because the item sent was completely wrong.,1506.0,
2450,cust_MockBrandA_1329,True,2019-06-19 12:00:00,"I noticed fraudulent unauthorized charges from MockBrandA on my card, my account was compromised!",2451.0,
363,cust_MockBrandA_199,True,2019-06-14 12:00:00,My MockBrandA order #96127 says delivered but I never received it.,364.0,
1492,@MockBrandASupport,False,2019-08-20 12:30:00,"Thanks for flagging this - please try updating to the latest app version, and DM us your device model if the crash continues.",,1491.0
1174,cust_MockBrandA_637,True,2019-01-20 12:00:00,MockBrandA login button spins endlessly and never loads my profile.,1175.0,
194,cust_MockBrandA_107,True,2019-07-12 12:00:00,Courier delivered my package for order #82199 to the wrong street address.,195.0,
3042,cust_MockBrandB_301,True,2019-03-10 12:00:00,"Third time contacting MockBrandB about the same bug, no fix yet.",3043.0,
2931,cust_MockBrandB_240,True,2019-02-24 12:00:00,"Still waiting on my MockBrandB order #85246, it's been 12 days.",2932.0,
949,cust_MockBrandA_518,True,2019-01-25 12:00:00,Where is my order #67367? Estimated delivery date was 4 days ago.,950.0,
2002,cust_MockBrandA_1083,True,2019-06-14 12:00:00,Where is my order #59171? Estimated delivery date was 4 days ago.,2003.0,
2880,cust_MockBrandB_213,True,2019-08-15 12:00:00,"Still waiting on my MockBrandB order #78594, it's been 12 days.",2881.0,
2290,@MockBrandASupport,False,2019-07-26 12:30:00,We're sorry about that. Please DM us your order number and the last 4 digits of the card used so we can investigate the duplicate charge.,,2289.0
1784,cust_MockBrandA_962,True,2019-02-21 12:00:00,Your iOS app freezes completely on the home screen after latest update.,1785.0,
3257,@MockBrandBCare,False,2019-08-18 12:30:00,Apologies for the surprise renewal. DM your order ID and we'll process a refund review.,,3256.0
3237,@MockBrandBCare,False,2019-08-20 12:30:00,Yes! You can export data from Settings > Data > Export CSV.,,3236.0
2664,cust_MockBrandB_97,True,2019-06-27 12:00:00,"Third time contacting MockBrandB about the same bug, no fix yet.",2665.0,
8,@MockBrandASupport,False,2019-07-13 12:30:00,You can cancel anytime from Account > Subscription > Cancel. DM us if you don't see that option and we'll help directly.,,7.0
1835,cust_MockBrandA_991,True,2019-05-21 12:00:00,"Cancel button is disabled in my account settings, please assist.",1836.0,
2825,cust_MockBrandB_184,True,2019-08-28 12:00:00,"MockBrandB auto-renewed my subscription without any warning email, want a refund.",2826.0,
3266,@MockBrandBCare,False,2019-08-27 12:30:00,Sorry for the delay - DM your order number so we can chase this with our logistics partner.,,3265.0
771,cust_MockBrandA_420,True,2019-08-25 12:00:00,"Worst customer service experience ever from MockBrandA, rude agents and no resolution.",772.0,
1114,cust_MockBrandA_605,True,2019-08-16 12:00:00,"Support promised my refund for #21822 in 3 days, it has been two weeks now.",1115.0,
2750,cust_MockBrandB_142,True,2019-04-14 12:00:00,MockBrandB app won't load past the splash screen on iOS 17.,2751.0,
100,@MockBrandASupport,False,2019-06-24 12:30:00,"Thanks for flagging this - please try updating to the latest app version, and DM us your device model if the crash continues.",,99.0
1095,@MockBrandASupport,False,2019-09-15 12:30:00,We're really sorry to hear that. Please DM your case/order number so a senior agent can personally follow up.,,1094.0
831,@MockBrandASupport,False,2019-08-14 12:30:00,Apologies for the delay! Please DM your order number and zip code so we can trace the package with the carrier.,,830.0
1963,@MockBrandASupport,False,2019-04-17 12:30:00,"Thanks for flagging this - please try updating to the latest app version, and DM us your device model if the crash continues.",,1962.0
2945,cust_MockBrandB_247,True,2019-07-18 12:00:00,MockBrandB app won't load past the splash screen on iOS 17.,2946.0,
1154,cust_MockBrandA_626,True,2019-09-22 12:00:00,"MockBrandA charged me for a renewal after I already cancelled, and now the app won't even load.",1155.0,
2908,@MockBrandBCare,False,2019-08-20 12:30:00,We're aware of an iOS 17 issue - please try reinstalling the latest build. DM your device model if it persists.,,2907.0
1151,@MockBrandASupport,False,2019-07-21 12:30:00,So sorry for the wait. Please DM your order number and we'll escalate the refund to our billing team right away.,,1150.0
3153,cust_MockBrandB_362,True,2019-02-23 12:00:00,"Still waiting on my MockBrandB order #17433, it's been 12 days.",3154.0,
259,@MockBrandASupport,False,2019-04-28 12:30:00,So sorry for the wait. Please DM your order number and we'll escalate the refund to our billing team right away.,,258.0
2690,@MockBrandBCare,False,2019-08-27 12:30:00,"Sorry about that! Please clear your app cache and reinstall - if the issue continues, DM your account email.",,2689.0
181,cust_MockBrandA_100,True,2019-05-28 12:00:00,"Your product arrived broken for order #86955, cancel my recurring contract immediately.",182.0,
2363,@MockBrandASupport,False,2019-09-19 12:30:00,We're sorry about that. Please DM us your order number and the last 4 digits of the card used so we can investigate the duplicate charge.,,2362.0
55,cust_MockBrandA_29,True,2019-05-24 12:00:00,"Requested a refund on order #59672 a week ago, still nothing.",56.0,
717,cust_MockBrandA_392,True,2019-01-12 12:00:00,"Fourth time reporting this bug where order #86823 keeps failing, fix your platform!",718.0,
1690,@MockBrandASupport,False,2019-07-19 12:30:00,"Thanks for flagging this - please try updating to the latest app version, and DM us your device model if the crash continues.",,1689.0
1908,@MockBrandASupport,False,2019-07-10 12:30:00,You can cancel anytime from Account > Subscription > Cancel. DM us if you don't see that option and we'll help directly.,,1907.0
1772,cust_MockBrandA_956,True,2019-03-22 12:00:00,"Cannot apply discount codes at checkout on the MockBrandA app, getting an error.",1773.0,
2038,cust_MockBrandA_1103,True,2019-08-26 12:00:00,"Tracking says delivery attempted for order #42576, but I was home all day.",2039.0,
153,@MockBrandASupport,False,2019-06-23 12:30:00,So sorry for the wait. Please DM your order number and we'll escalate the refund to our billing team right away.,,152.0
123,cust_MockBrandA_66,True,2019-04-18 12:00:00,"Order #81582 never arrived and support keeps closing my ticket without a refund, 3rd time asking.",124.0,
1546,@MockBrandASupport,False,2019-04-19 12:30:00,You can cancel anytime from Account > Subscription > Cancel. DM us if you don't see that option and we'll help directly.,,1545.0
2778,cust_MockBrandB_157,True,2019-03-17 12:00:00,"MockBrandB auto-renewed my subscription without any warning email, want a refund.",2779.0,
1629,cust_MockBrandA_879,True,2019-05-21 12:00:00,My MockBrandA order #43158 says delivered but I never received it.,1630.0,
267,cust_MockBrandA_147,True,2019-03-18 12:00:00,The MockBrandA app crashes every time I open the payments tab.,268.0,
883,cust_MockBrandA_484,True,2019-08-10 12:00:00,I have been transferred between 4 different agents and none of you are resolving my case.,884.0,
628,cust_MockBrandA_344,True,2019-05-27 12:00:00,Need a full refund for order #17780 because the item sent was completely wrong.,629.0,
2834,@MockBrandBCare,False,2019-03-21 12:30:00,Sorry for the delay - DM your order number so we can chase this with our logistics partner.,,2833.0
2996,@MockBrandBCare,False,2019-08-25 12:30:00,"Sorry about that! Please clear your app cache and reinstall - if the issue continues, DM your account email.",,2995.0
260,cust_MockBrandA_143,True,2019-01-14 12:00:00,The MockBrandA app crashes every time I open the payments tab.,261.0,
1965,@MockBrandASupport,False,2019-01-20 12:30:00,"Thanks for flagging this - please try updating to the latest app version, and DM us your device model if the crash continues.",,1964.0
2307,@MockBrandASupport,False,2019-05-15 12:30:00,We're sorry about that. Please DM us your order number and the last 4 digits of the card used so we can investigate the duplicate charge.,,2306.0
2879,cust_MockBrandB_212,True,2019-03-28 12:00:00,MockBrandB app won't load past the splash screen on iOS 17.,2880.0,
93,cust_MockBrandA_51,True,2019-04-21 12:00:00,"I can't log into my MockBrandA account, it keeps saying invalid password even after reset.",94.0,
1107,@MockBrandASupport,False,2019-05-19 12:30:00,"Thanks for flagging this - please try updating to the latest app version, and DM us your device model if the crash continues.",,1106.0
1119,@MockBrandASupport,False,2019-02-17 12:30:00,So sorry for the wait. Please DM your order number and we'll escalate the refund to our billing team right away.,,1118.0
2284,cust_MockBrandA_1237,True,2019-06-15 12:00:00,"MockBrandA charged me twice for the same order #75393, need this fixed.",2285.0,
2847,cust_MockBrandB_195,True,2019-07-16 12:00:00,Does MockBrandB support exporting my data to CSV?,2848.0,
2375,@MockBrandASupport,False,2019-06-13 12:30:00,So sorry for the wait. Please DM your order number and we'll escalate the refund to our billing team right away.,,2374.0
1865,@MockBrandASupport,False,2019-02-28 12:30:00,We're sorry about that. Please DM us your order number and the last 4 digits of the card used so we can investigate the duplicate charge.,,1864.0
962,@MockBrandASupport,False,2019-02-16 12:30:00,We're really sorry to hear that. Please DM your case/order number so a senior agent can personally follow up.,,961.0
2969,cust_MockBrandB_261,True,2019-03-17 12:00:00,"MockBrandB keeps logging me out every few minutes, super annoying.",2970.0,
353,cust_MockBrandA_193,True,2019-02-19 12:00:00,"Can't log in to check on my order #89807, app just spins forever.",354.0,
462,@MockBrandASupport,False,2019-01-15 12:30:00,Apologies for the delay! Please DM your order number and zip code so we can trace the package with the carrier.,,461.0
59,cust_MockBrandA_31,True,2019-09-15 12:00:00,Didn't receive the 2FA SMS verification code to log into my MockBrandA account.,60.0,
716,@MockBrandASupport,False,2019-06-12 12:30:00,We're sorry about that. Please DM us your order number and the last 4 digits of the card used so we can investigate the duplicate charge.,,715.0
1952,cust_MockBrandA_1056,True,2019-02-14 12:00:00,How do I cancel my MockBrandA subscription? Can't find the option anywhere.,1953.0,
125,cust_MockBrandA_67,True,2019-08-14 12:00:00,MockBrandA website checkout is throwing a 500 error on step 3.,126.0,
3248,cust_MockBrandB_416,True,2019-02-20 12:00:00,"Third time contacting MockBrandB about the same bug, no fix yet.",3249.0,
2793,@MockBrandBCare,False,2019-07-26 12:30:00,We're aware of an iOS 17 issue - please try reinstalling the latest build. DM your device model if it persists.,,2792.0
3049,@MockBrandBCare,False,2019-03-25 12:30:00,Apologies for the surprise renewal. DM your order ID and we'll process a refund review.,,3048.0
2608,cust_MockBrandB_66,True,2019-07-18 12:00:00,MockBrandB app won't load past the splash screen on iOS 17.,2609.0,
493,@MockBrandASupport,False,2019-07-21 12:30:00,We're really sorry to hear that. Please DM your case/order number so a senior agent can personally follow up.,,492.0
839,@MockBrandASupport,False,2019-01-17 12:30:00,So sorry for the wait. Please DM your order number and we'll escalate the refund to our billing team right away.,,838.0
1872,cust_MockBrandA_1011,True,2019-03-11 12:00:00,Where is my order #58343? Estimated delivery date was 4 days ago.,1873.0,
1077,cust_MockBrandA_586,True,2019-09-25 12:00:00,Where is my order #56544? Estimated delivery date was 4 days ago.,1078.0,
581,@MockBrandASupport,False,2019-03-19 12:30:00,We're really sorry to hear that. Please DM your case/order number so a senior agent can personally follow up.,,580.0
1238,@MockBrandASupport,False,2019-02-15 12:30:00,We're sorry about that. Please DM us your order number and the last 4 digits of the card used so we can investigate the duplicate charge.,,1237.0
492,cust_MockBrandA_269,True,2019-03-14 12:00:00,"Worst customer service experience ever from MockBrandA, rude agents and no resolution.",493.0,
144,@MockBrandASupport,False,2019-04-12 12:30:00,We're sorry about that. Please DM us your order number and the last 4 digits of the card used so we can investigate the duplicate charge.,,143.0
3156,@MockBrandBCare,False,2019-01-22 12:30:00,We're sorry this keeps happening. DM your case number so we can escalate internally.,,3155.0
1219,cust_MockBrandA_660,True,2019-07-23 12:00:00,The MockBrandA app crashes every time I open the payments tab.,1220.0,
92,@MockBrandASupport,False,2019-01-23 12:30:00,"Thanks for flagging this - please try updating to the latest app version, and DM us your device model if the crash continues.",,91.0
2678,cust_MockBrandB_104,True,2019-02-17 12:00:00,MockBrandB app won't load past the splash screen on iOS 17.,2679.0,
1711,cust_MockBrandA_923,True,2019-08-24 12:00:00,Saw an unexpected extra fee of $31.99 on my latest MockBrandA invoice.,1712.0,
1147,@MockBrandASupport,False,2019-07-25 12:30:00,So sorry for the wait. Please DM your order number and we'll escalate the refund to our billing team right away.,,1146.0
312,@MockBrandASupport,False,2019-06-20 12:30:00,We're really sorry to hear that. Please DM your case/order number so a senior agent can personally follow up.,,311.0
1528,@MockBrandASupport,False,2019-04-27 12:30:00,You can cancel anytime from Account > Subscription > Cancel. DM us if you don't see that option and we'll help directly.,,1527.0
3039,cust_MockBrandB_299,True,2019-07-22 12:00:00,"MockBrandB keeps logging me out every few minutes, super annoying.",3040.0,
1734,cust_MockBrandA_936,True,2019-08-13 12:00:00,I got charged a monthly renewal fee of $35.99 even though I paused my subscription.,1735.0,
782,@MockBrandASupport,False,2019-02-23 12:30:00,You can cancel anytime from Account > Subscription > Cancel. DM us if you don't see that option and we'll help directly.,,781.0
2646,@MockBrandBCare,False,2019-06-25 12:30:00,"Sorry about that! Please clear your app cache and reinstall - if the issue continues, DM your account email.",,2645.0
882,@MockBrandASupport,False,2019-08-12 12:30:00,We're sorry about that. Please DM us your order number and the last 4 digits of the card used so we can investigate the duplicate charge.,,881.0
1508,cust_MockBrandA_816,True,2019-07-19 12:00:00,"Your product arrived broken for order #27947, cancel my recurring contract immediately.",1509.0,
220,cust_MockBrandA_122,True,2019-05-24 12:00:00,MockBrandA billed my credit card after I switched payment methods.,221.0,
399,@MockBrandASupport,False,2019-09-21 12:30:00,Sorry for the trouble! Please try resetting your password from a private/incognito window - if it still fails DM us your registered email so we can look into your account.,,398.0
654,cust_MockBrandA_359,True,2019-03-24 12:00:00,"MockBrandA charged me for a renewal after I already cancelled, and now the app won't even load.",655.0,
2327,cust_MockBrandA_1263,True,2019-08-26 12:00:00,I have been transferred between 4 different agents and none of you are resolving my case.,2328.0,
2985,@MockBrandBCare,False,2019-09-21 12:30:00,We're sorry this keeps happening. DM your case number so we can escalate internally.,,2984.0
1563,cust_MockBrandA_845,True,2019-07-21 12:00:00,"Tracking says delivery attempted for order #86273, but I was home all day.",1564.0,
1823,cust_MockBrandA_983,True,2019-01-15 12:00:00,"I demand to speak to a real human supervisor right now, your automated bots are useless!",1824.0,
1243,cust_MockBrandA_672,True,2019-06-12 12:00:00,"MockBrandA charged me twice for the same order #24963, need this fixed.",1244.0,
1,cust_MockBrandA_0,True,2019-04-17 12:00:00,"I demand to speak to a real human supervisor right now, your automated bots are useless!",2.0,
1124,cust_MockBrandA_610,True,2019-05-16 12:00:00,"MockBrandA charged me for a renewal after I already cancelled, and now the app won't even load.",1125.0,
46,cust_MockBrandA_24,True,2019-02-23 12:00:00,"Worst customer service experience ever from MockBrandA, rude agents and no resolution.",47.0,
205,@MockBrandASupport,False,2019-04-23 12:30:00,So sorry for the wait. Please DM your order number and we'll escalate the refund to our billing team right away.,,204.0
2537,cust_MockBrandB_27,True,2019-07-10 12:00:00,"MockBrandB keeps logging me out every few minutes, super annoying.",2538.0,
